date,close,high,low,open,volume,ma_20_unnamed: 6_level_1,ma_50_unnamed: 7_level_1,NORMALISED_CLOSE,RETURN RATIO,PERCENTAGE_CHANGE_OPEN,PERCENTAGE_CHANGE_CLOSE,PERCENTAGE_CHANGE_LOW,Sector_Name,Sector_Encoded,ma_5,ma_10,ma_15,ma_20,ma_25,ma_30
2020-09-17,361.4767150878906,384.8638046595915,341.0617229206378,341.0617229206378,52000357.0,,,-1.9607398854736404,,-0.0564766451479151,0.0646987443327142,-0.0564766451479151,Information Technology,12.0,,,,,,
2020-09-18,349.53955078125,371.22133148995545,347.8829533936107,366.3977324257637,10745190.0,,,-2.0072806345723944,-0.0330233284977655,0.0482296827550252,0.0620295490460087,-0.004739370362915,Information Technology,12.0,,,,,,
2020-09-21,340.4770202636719,364.93602265637617,321.8647899295477,344.9595514562274,12519290.0,,,-2.0426137294501925,-0.02592705316844,0.0131654441438784,0.0718374543273516,-0.0546651586638959,Information Technology,12.0,,,,,,
2020-09-22,344.9107971191406,349.442038950254,326.4447324480606,341.0616607666305,4965436.0,,,-2.025327270883526,0.0130222499363838,-0.0111598024319909,0.0131374310951133,-0.0535386680420485,Information Technology,12.0,,,,,,
2020-09-23,343.302978515625,352.998888096377,334.3379452323014,349.052328571955,3317252.0,,,-2.0315958519552386,-0.00466154906412,0.0167471604271802,0.0282430103655821,-0.0261140562254561,Information Technology,12.0,347.9414123535156,,,,,
2020-09-24,328.68603515625,340.0872529528223,326.44478435299567,335.2149427385985,2953424.0,,,-2.0885845534595755,-0.0425773857907548,0.019863659796939,0.0346872595032898,-0.0068188196744923,Information Technology,12.0,341.3832763671875,,,,,
2020-09-25,354.1195373535156,376.14238776622994,331.5120334446977,334.1430633918376,15141637.0,,,-1.9894241319340835,0.0773793209230051,-0.0564116685313965,0.0621904416155638,-0.0638414476585317,Information Technology,12.0,342.2992736816406,,,,,
2020-09-28,357.7250671386719,366.78755338850993,355.7274018551439,359.28421255214545,2649488.0,,,-1.9753668522662744,0.010181674278979,0.004358501980151,0.0253336628666422,-0.0055843592385254,Information Technology,12.0,345.74888305664064,,,,,
2020-09-29,342.4747314453125,360.9895121294793,339.1615363744083,359.04058784693547,2495022.0,,,-2.034825030854096,-0.0426314426756333,0.0483710326064399,0.0540617423248444,-0.0096742759879593,Information Technology,12.0,345.261669921875,,,,,
2020-09-30,339.9410705566406,355.6786257196038,335.3123761123444,341.06169589551047,3896276.0,,,-2.0447032961348546,-0.0073980958477704,0.0032965282395411,0.0462949508783787,-0.0136161671689652,Information Technology,12.0,344.58928833007815,346.2653503417969,,,,
2020-10-01,334.04559326171875,345.54426379092064,331.3171112992494,343.88766633913514,2171659.0,,,-2.067688648648409,-0.0173426449627526,0.0294632627280471,0.0344224583743959,-0.0081679926857518,Information Technology,12.0,345.66119995117185,343.52223815917966,,,,
2020-10-05,336.6766967773437,341.7439122131329,330.3426923517208,336.18946566768045,1631905.0,,,-2.057430472968828,0.0078764802431133,-0.0014471780028942,0.0150506865615955,-0.0188133140376265,Information Technology,12.0,342.1726318359375,342.23595275878904,,,,
2020-10-06,341.1104736328125,343.8389855751014,334.5815948808664,338.13837588416413,1636234.0,,,-2.0401440144021614,0.013169241880738,-0.0087130064257354,0.0079989098934147,-0.019140071198676,Information Technology,12.0,338.84971313476564,342.29929809570314,,,,
2020-10-07,336.38433837890625,342.7183422089859,334.33796196308185,341.0617446965985,734114.0,,,-2.058570323147569,-0.0138551455297549,0.0139049467648626,0.0188296632970617,-0.0060834473616881,Information Technology,12.0,337.6316345214844,341.4466522216797,,,,
2020-10-08,348.17529296875,351.5859102847985,339.1128074242531,341.2078949707526,2661344.0,,,-2.01259961812046,0.0350520319901526,-0.0200111786755149,0.0097956902311118,-0.0260285141637269,Information Technology,12.0,339.2784790039062,341.9338836669922,343.93639322916664,,,
2020-10-09,341.7925720214844,350.12421084831567,341.06172546691243,345.93403583072546,930823.0,,,-2.0374846416104018,-0.0183319180773648,0.0121168923734853,0.0243763016192979,-0.0021382751247326,Information Technology,12.0,340.8278747558594,343.2445373535156,342.6241170247396,,,
2020-10-12,335.4585876464844,343.0106691403413,333.26604785794524,343.0106691403413,696960.0,,,-2.062179650409796,-0.0185316618718146,0.0225127087872185,0.0225127087872185,-0.0065359477124183,Information Technology,12.0,340.5842529296875,341.3784423828125,341.6853861490885,,,
2020-10-13,339.40509033203125,345.9339973893144,333.75322283335265,334.19174261265493,1134594.0,,,-2.04679298180179,0.0117645003910462,-0.0153602520052843,0.0192363262757671,-0.016652276762112,Information Technology,12.0,340.24317626953126,339.54644470214845,341.6139241536458,,,
2020-10-14,345.1057434082031,356.458220815057,338.4306721405316,340.2334329556287,2420189.0,,,-2.024567212121334,0.0167960152589198,-0.0141183116932692,0.0328956490110505,-0.0193421042540461,Information Technology,12.0,341.9874572753906,339.8095458984375,341.6269205729167,,,
2020-10-15,331.9017944335937,346.713600386862,330.4401012958106,341.0617321493899,3074233.0,342.63548431396487,,-2.076046915387057,-0.038260588897216,0.0275983374281783,0.0446270740372021,-0.0044039928746922,Information Technology,12.0,338.7327575683594,339.0056182861328,340.86684163411456,342.63548431396487,,
2020-10-16,317.138671875,335.7021612014464,314.8486802123388,334.8251513433392,2799970.0,340.4185821533203,,-2.133605541980765,-0.0444803939182905,0.0557689144744553,0.0585342973680711,-0.0072207897230641,Information Technology,12.0,333.8019775390625,337.31492614746094,340.0970174153646,340.4185821533203,,
2020-10-19,316.0180053710937,322.254585777472,313.4356870950068,320.59798853111164,2021509.0,338.7425048828125,,-2.1379748090229103,-0.0035336797536566,0.0144927918098833,0.0197348894695248,-0.0081714276787951,Information Technology,12.0,329.9138610839844,335.2490570068359,337.5569152832031,338.7425048828125,,
2020-10-20,316.115478515625,321.2801451491106,314.7512376129346,318.06440258753173,893819.0,337.52442779541013,,-2.1375947796418138,0.0003084417434278,0.0061652282294377,0.01633791125236,-0.0043156409458229,Information Technology,12.0,325.25593872070306,332.7495574951172,334.78294270833334,337.52442779541013,,
2020-10-21,311.145751953125,319.13635346180985,309.34302076995107,317.2361403779687,933214.0,335.8361755371094,,-2.156970804893142,-0.0157212376497228,0.0195740690226786,0.0256812167883579,-0.0057938479695056,Information Technology,12.0,318.46394042968745,330.22569885253904,332.69434407552086,335.8361755371094,,
2020-10-22,312.02276611328125,316.11548895653016,309.8789376680873,312.07147732139924,1047687.0,334.2721649169922,,-2.153551492321464,0.0028186602409033,0.0001561142756496,0.0131167443139805,-0.0068707436700808,Information Technology,12.0,314.488134765625,326.6104461669922,330.8331237792969,334.2721649169922,337.0060144042969,
2020-10-23,311.6816711425781,315.38461478188697,310.8533725095639,314.21527824547246,553193.0,333.4219467163086,,-2.154881357190754,-0.0010931733442145,0.008128829307179,0.0118805306251548,-0.0026575147328292,Information Technology,12.0,313.3967346191406,323.59935607910154,329.3421956380208,333.4219467163086,335.0142126464844,
2020-10-26,309.0993957519531,314.7999753521732,307.05301935632923,313.1921188049772,649362.0,331.17093963623046,,-2.1649491612329674,-0.0082849767237154,0.0132407992680401,0.018442545273672,-0.0066204477386493,Information Technology,12.0,312.0130126953125,320.96343688964845,327.5037089029948,331.17093963623046,333.3966064453125,
2020-10-27,300.9139099121094,307.6377227586196,299.15988987976584,306.1760294855914,707464.0,328.3303817749023,,-2.1968628245568143,-0.0264817270830657,0.0174871263844831,0.0223446395298712,-0.0058289762439225,Information Technology,12.0,308.9726989746094,317.11431884765625,324.8239379882813,328.3303817749023,331.81408203125,
2020-10-28,312.02276611328125,320.64673162573035,301.10877905483954,302.0345299148602,2039149.0,326.8077835083008,,-2.153551492321464,0.0369170577871143,-0.0320112417527725,0.0276388983402515,-0.034978175453003,Information Technology,12.0,309.1481018066406,313.80602111816404,323.1998331705729,326.8077835083008,330.4985607910156,
2020-10-29,323.6676025390625,327.02950890757,304.6655902991384,309.8789688356857,2498726.0,325.9941101074219,,-2.108150474419179,0.0373204704606507,-0.0426012167891058,0.0103869103430016,-0.0587084159516113,Information Technology,12.0,311.47706909179686,312.9826019287109,321.5659871419271,325.9941101074219,329.7131457519531,332.7511901855469
2020-10-30,330.2939147949219,335.21493611881965,314.4101659672894,328.8809329654117,2554270.0,325.80652618408203,,-2.0823157344233163,0.0204725842311006,-0.0042779529571033,0.0148989160970562,-0.0480897410341168,Information Technology,12.0,315.19951782226565,314.2981262207031,320.7994099934896,325.80652618408203,329.7774609375,331.7117635091146
2020-11-02,331.85308837890625,336.0920048718246,326.6884506443237,331.1222417331695,1406309.0,325.56534576416016,,-2.076236811095332,0.0047205640617159,-0.0022023198557737,0.0127734730860133,-0.0155630244690855,Information Technology,12.0,319.75025634765626,315.8816345214844,320.559043375651,325.56534576416016,328.8868029785156,331.12221476236977
2020-11-03,330.63494873046875,337.16385610525174,326.5909373288736,334.92260537325075,1142400.0,325.041569519043,,-2.0809861075185734,-0.0036707196379822,0.0129679474575969,0.0197465736754445,-0.0122310464066877,Information Technology,12.0,325.6944641113281,317.3335815429688,319.9743672688802,325.041569519043,327.8031982421875,330.794145711263
2020-11-04,340.91558837890625,343.98513819704226,329.17330165417434,330.24521596447295,2053118.0,325.268132019043,,-2.040903835199807,0.0310936266353929,-0.0312991625439369,0.0090038411934523,-0.0344433845943151,Information Technology,12.0,331.4730285644531,320.31056518554686,319.6950236002604,325.268132019043,327.74083251953124,330.6609720865885
2020-11-05,321.86480712890625,332.1941109320047,317.6746321583034,328.63733035395035,2816514.0,323.9526077270508,,-2.1151792332353567,-0.0558812266126894,0.0210415151797931,0.0320920572063712,-0.0130184315830612,Information Technology,12.0,331.1124694824219,321.2947692871094,319.02589111328126,323.9526077270508,327.01778198242187,329.9463663736979
2020-11-06,317.72332763671875,326.2498702556577,316.7001544177343,322.49821529390107,941659.0,322.7491455078125,,-2.131326079587828,-0.0128671398688482,0.0150284453228497,0.0268363757938736,-0.0032203276561244,Information Technology,12.0,328.5983520507813,321.89893493652346,319.0648681640625,322.7491455078125,326.36489135742187,329.5809427897136
2020-11-09,313.8742370605469,321.57248142582364,312.80232284148303,321.57248142582364,830254.0,321.6699279785156,,-2.1463329567792844,-0.0121145985874001,0.0245265251374924,0.0245265251374924,-0.0034151073662572,Information Technology,12.0,325.00258178710936,322.3764190673828,318.9219502766927,321.6699279785156,325.45279296875,328.2394327799479
2020-11-10,304.08087158203125,314.2640119257673,303.1551504751055,312.80231884704284,1748488.0,319.9037170410156,,-2.1845154391393904,-0.0312015588479995,0.0286813413143576,0.0334882634700322,-0.0030443253536782,Information Technology,12.0,319.6917663574219,322.693115234375,318.11964314778646,319.9037170410156,323.97160888671874,326.4512929280599
2020-11-11,307.491455078125,313.6792943811202,302.08320317464063,302.08320317464063,846524.0,318.0230026245117,,-2.1712182182337734,0.0112160409115825,-0.0175882998183162,0.0201236138461897,-0.0175882998183162,Information Technology,12.0,313.00693969726564,322.2399841308594,317.8760233561198,318.0230026245117,322.8158935546875,325.2851837158203
2020-11-12,310.3661499023437,313.7767669342376,307.9299948795624,308.90445688867493,563757.0,316.9462203979492,,-2.160010326048272,0.0093488608439163,-0.0047095761381475,0.0109890109890109,-0.0078492935635793,Information Technology,12.0,310.70720825195315,320.9098388671875,317.7655822753906,316.9462203979492,321.30352783203125,324.2993530273437
2020-11-13,312.8997802734375,315.5795509971869,309.39171083288466,309.8789418735664,442123.0,316.7342758178711,,-2.150132179749786,0.0081633592190738,-0.0096543321226728,0.0085643100209518,-0.0112114793992095,Information Technology,12.0,309.74249877929685,319.17042541503906,317.84678955078124,316.7342758178711,320.1478161621094,323.59449259440106
2020-11-14,316.2616882324219,317.1874391975668,314.84873591610545,316.50530377712045,254318.0,316.7464599609375,,-2.13702473557017,0.0107443602422681,0.0007702973637437,0.0029271675944022,-0.0044676682914499,Information Technology,12.0,310.21998901367186,317.6112854003906,318.32427571614585,316.7464599609375,319.3799401855469,322.9139923095703
2020-11-17,316.5052490234375,320.30567465386315,315.2871715106653,319.4286350540908,447695.0,316.7659484863281,,-2.136075138046523,0.0007701242359669,0.009236453549106,0.0120074647802894,-0.0038485223121276,Information Technology,12.0,312.7048645019531,316.1983154296875,319.3636983235677,316.7659484863281,318.4639465332031,322.09381815592445
2020-11-18,315.1897888183594,317.18742429574644,313.7280956188398,316.31041432367954,347574.0,316.96815032958983,,-2.1412038689394937,-0.0041562034409758,0.0035553991438661,0.0063378813281869,-0.0046375017572727,Information Technology,12.0,314.24453125,313.6257354736328,319.5748331705729,316.96815032958983,317.2673083496094,321.3873331705729
2020-11-19,309.7327880859375,317.4797440293787,308.90448934352304,313.5818955834037,680483.0,316.85365142822263,,-2.1624796841494827,-0.0173133804647671,0.0124271877099373,0.0250117399301355,-0.0026742365492949,Information Technology,12.0,314.11785888671875,312.41253356933595,318.6458455403646,316.85365142822263,316.38054809570315,320.1059163411458
2020-11-20,312.36383056640625,314.4102070308803,309.14811736382194,309.8789639769752,510592.0,316.88775939941405,,-2.1522217464344475,0.0084945558935747,-0.0079550394324634,0.0065512593463954,-0.0102947681130471,Information Technology,12.0,314.0106689453125,311.8765838623047,317.45050659179685,316.88775939941405,316.1895544433594,319.1249582926432
2020-11-23,310.3661499023437,313.7280557290702,306.0297820665048,312.36378512573623,444611.0,316.9510971069336,,-2.160010326048272,-0.0063953648552718,0.0064363823955062,0.0108320634443681,-0.0139717808697997,Information Technology,12.0,312.83156127929686,311.5257751464843,316.01804402669273,316.9510971069336,315.9634802246094,318.2885437011719
2020-11-24,312.948486328125,319.42865311482234,310.8533988353432,311.7304087464818,695279.0,317.5528259277344,,-2.149942284041511,0.0083202901688659,-0.0038922622567537,0.0207068162007433,-0.0066946720764297,Information Technology,12.0,312.1202087402344,312.4125366210937,314.8389465332031,317.5528259277344,315.8368005371093,317.4066569010417
2020-11-25,309.8302307128906,315.53081009917355,308.9044798401626,315.23848337000817,481450.0,317.44319915771484,,-2.16209977375066,-0.0099641179026662,0.0174555357128116,0.0183990418661419,-0.00298792945607,Information Technology,12.0,311.0482971191406,312.6464141845703,312.76658935546874,317.44319915771484,315.7841796875,316.2308064778646
2020-11-26,303.8860168457031,312.6561758903801,302.57048704135684,310.1225684409398,1693248.0,316.45411987304686,326.23236206054685,-2.185275140954763,-0.0191853901845227,0.0205226672157252,0.0288600282951816,-0.0043290238162364,Information Technology,12.0,309.8789428710937,311.99840087890624,311.56800333658856,316.45411987304686,315.4587097167969,315.2969472249349
2020-11-27,305.932373046875,309.9763846140549,304.0321601506448,305.78617994853283,749418.0,315.23604278564454,325.12147521972656,-2.1772967846149376,0.0067339597340239,-0.0004778608320726,0.0132186454375662,-0.0062112187648055,Information Technology,12.0,308.5926513671875,311.30166015625,310.7819396972656,315.23604278564454,315.2287377929688,314.92340393066405
2020-12-01,307.8325500488281,309.83021505792976,305.9810781351451,307.6376754853053,522272.0,314.03501586914064,324.28733520507814,-2.169888353364484,0.0062111014373166,-0.0006330537933427,0.0064894534667785,-0.006014542365287,Information Technology,12.0,308.0859313964844,310.4587463378906,310.37916056315106,314.03501586914064,315.1780639648438,314.6505554199219
2020-12-02,322.8880310058594,325.17802294682485,307.97874265322014,308.8070414069597,2856086.0,313.64766998291014,323.93555541992185,-2.111189876592034,0.0489080214377692,-0.0436095124214875,0.0070922168710674,-0.0461747941111161,Information Technology,12.0,310.07384033203124,311.09702453613284,311.6329711914062,313.64766998291014,316.05702880859377,314.8763071695964
2020-12-03,318.94140625,328.78347856876366,317.674617523263,326.44477567574575,1148321.0,312.54896087646483,323.4161676025391,-2.1265770211291333,-0.0122228895991123,0.0235258554665813,0.03085855936513,-0.003971854083267,Information Technology,12.0,311.8960754394531,311.47218627929686,312.39630126953125,312.54896087646483,316.3337744140625,315.13616231282555
2020-12-04,317.479736328125,321.1827101049107,315.92062077813404,319.6235648166969,637736.0,312.32970733642577,322.8997027587891,-2.1322757960937486,-0.0045828791534495,0.0067526466834286,0.0116636539377699,-0.0049109135846691,Information Technology,12.0,314.6148193359375,312.24688110351565,312.8705403645833,312.32970733642577,316.086259765625,315.3180613199869
2020-12-07,318.1131591796875,324.78820066372447,316.0180419087556,319.5261113583877,945258.0,312.34919891357424,322.6882452392578,-2.1298062000279905,0.0019951599396184,0.0044416652940222,0.0209832296823235,-0.0065860754592312,Information Technology,12.0,317.0509765625,312.8218139648437,313.2180989583333,312.34919891357424,315.5990295410156,315.5324442545573
2020-12-08,315.4333801269531,323.1316244389014,311.8278586164121,317.9669576876339,878294.0,312.4271560668945,321.9145220947266,-2.1402541524335734,-0.0084239805094661,0.0080320527892803,0.0244052937861234,-0.0114303740114313,Information Technology,12.0,318.571142578125,313.3285369873047,313.1628784179687,312.4271560668945,314.9422412109375,315.7435770670573
2020-12-09,314.4101867675781,318.45419848541684,313.7767923579784,317.08995750976584,528042.0,312.94362182617186,321.0482244873047,-2.1442433900946227,-0.003243770075834,0.0085231676802148,0.0128622159460378,-0.0020145479894008,Information Technology,12.0,316.8755737304688,313.47470703125,313.02320760091146,312.94362182617186,314.2932507324219,316.1934529622396
2020-12-10,312.80230712890625,315.96930868083444,311.87655631843893,314.1178367981205,432479.0,313.2091644287109,320.4547760009765,-2.150512209130882,-0.0051139552926141,0.0042056264907028,0.0101246105919003,-0.0029595395857672,Information Technology,12.0,315.64775390625,313.77191467285155,312.8640421549479,313.2091644287109,313.16871948242186,316.2194376627604
2020-12-11,314.2153015136719,318.9901596352788,313.04593515244403,314.5563394423266,814206.0,313.40162200927733,319.9402606201172,-2.145003210892268,0.004517212157848,0.0010853638476924,0.0151961349387026,-0.0037215449266622,Information Technology,12.0,314.9948669433594,314.8048431396484,313.1628763834635,313.40162200927733,312.8627392578125,315.90436096191405
2020-12-14,312.50994873046875,318.55159477396825,311.82781349316537,315.72566116183,740054.0,313.3821304321289,319.50954772949217,-2.151652059309624,-0.0054273384363775,0.0102899521900812,0.0193326518661018,-0.0021827632690558,Information Technology,12.0,313.8742248535156,315.4626007080078,313.17261759440106,313.3821304321289,312.6542041015625,315.311562093099
2020-12-15,312.6073913574219,316.2129125795022,311.82783366853835,313.48443093019034,454971.0,313.1994155883789,319.0281616210938,-2.1512721489108007,0.0003118064795984,0.0028055624947322,0.0115337043261332,-0.0024937276290828,Information Technology,12.0,313.3090270996093,315.9400848388672,313.32203369140626,313.1994155883789,312.6035302734375,314.6700388590495
2020-12-16,315.4333801269531,319.4286507748983,313.2895517036765,314.7512447909409,749318.0,313.1458221435547,318.5146197509766,-2.1402541524335734,0.009040057425578,-0.0021625337677885,0.0126659729111016,-0.0067964538896098,Information Technology,12.0,313.5136657714844,315.1946197509766,313.4876932779948,313.1458221435547,313.0576306152344,314.16331990559894
2020-12-17,316.9437866210937,322.93672237281817,314.1178525804179,316.70017110485924,1531598.0,313.23352203369143,318.1258087158203,-2.1343653627784103,0.0047883533871168,-0.0007686395080707,0.0189085131329265,-0.0089161995280073,Information Technology,12.0,314.3419616699219,314.99485778808594,313.96193033854166,313.23352203369143,313.43572387695315,313.3642598470052
2020-12-18,332.7301330566406,337.11521299580033,317.67468003690175,318.1619111412528,7030095.0,314.3833892822266,317.8169055175781,-2.07281737954138,0.0498080325342343,-0.0437838971227408,0.0131790887073435,-0.0452482403124455,Information Technology,12.0,318.0449279785156,316.5198974609375,315.88487141927084,314.3833892822266,314.330283203125,313.7264373779297
2020-12-21,314.8487243652344,343.9851364946118,303.0577264867543,334.776457347554,5498126.0,314.507633972168,317.2780285644531,-2.14253361482651,-0.0537414766950557,0.0632930402449489,0.0925409883369206,-0.0374497241564242,Information Technology,12.0,318.51268310546874,316.1934539794922,316.4792948404948,314.507633972168,314.4082409667969,313.6306172688802
2020-12-22,327.27313232421875,331.21969229680127,307.053041890055,318.746588165234,3229618.0,315.35298309326174,317.1143194580078,-2.094093194751369,0.0394615159519327,-0.0260532971296212,0.012058918324749,-0.0617835331931017,Information Technology,12.0,321.4458312988281,317.37742919921874,317.7753336588541,315.35298309326174,314.84869873046875,314.0772471110026
2020-12-23,349.734375,355.6785986232652,329.368126944284,330.82981981533845,6815185.0,317.1922775268555,317.3209051513672,-2.006521051739296,0.068631489900398,-0.054054037967133,0.0169963951163369,-0.0582334752073371,Information Technology,12.0,328.3060302734375,320.9098480224609,319.5650899251302,317.1922775268555,316.17786376953126,315.5990305582682
2020-12-24,338.1870422363281,352.4629350458601,332.9736940643521,349.734423465516,2424058.0,318.61011810302733,317.1825311279297,-2.051541921278212,-0.0330174372012241,0.0341449546760528,0.0422130094492378,-0.015415576355326,Information Technology,12.0,332.5546813964844,323.4483215332031,320.84813232421874,318.61011810302733,317.09775390625,316.622216796875
2020-12-28,345.6904602050781,349.14978906730164,339.1128404548758,340.47708156653187,2093979.0,320.7003402709961,317.4583044433594,-2.022287511763851,0.0221871835157615,-0.0150810601931377,0.0100070128061136,-0.019027484143763,Information Technology,12.0,335.14674682617186,326.59583740234376,322.728847249349,320.7003402709961,318.53606079101564,317.79969380696616
2020-12-29,339.2102355957031,348.2727204994006,337.16385940312665,348.2727204994006,1534709.0,322.3642333984375,317.8997357177734,-2.047552683617162,-0.0187457432453607,0.0267164252510907,0.0267164252510907,-0.0060327666380194,Information Technology,12.0,340.0190490722656,329.2658660888672,324.13531901041665,322.3642333984375,319.6099169921875,318.676708984375
2020-12-30,335.8483581542969,342.03619846157403,331.5120196349688,341.93874630354145,1178851.0,323.76502380371096,318.2963427734375,-2.0606600088145046,-0.0099108962189843,0.0181343395058268,0.0184245066472359,-0.0129115966002009,Information Technology,12.0,341.7340942382813,331.5899627685547,325.49631754557294,323.76502380371096,320.62920532226565,319.32959798177086
2020-12-31,335.4585876464844,340.9642927233933,333.26604785794524,337.6024162239012,966715.0,324.3935516357422,318.6832049560547,-2.062179650409796,-0.0011605550491732,0.0063907398897058,0.016412473192402,-0.0065359477124183,Information Technology,12.0,338.8789367675781,333.5924835205078,326.89954427083336,324.3935516357422,321.529609375,319.9613759358724
2021-01-01,329.709228515625,341.06170503559423,325.5677649544785,336.96895267987884,1184098.0,324.93194274902345,319.0544744873047,-2.084595315798526,-0.0171388044384131,0.0220185652580537,0.0344317827289182,-0.0125609573617083,Information Technology,12.0,337.1833740234375,334.86902770996096,328.02667236328125,324.93194274902345,322.32476928710935,320.4453572591146
2021-01-04,333.802001953125,336.9690039820473,329.563115335763,330.3426731706691,1703579.0,325.74805603027346,319.4900592041016,-2.0686383651543294,0.0124132814113998,-0.0103634153246979,0.0094876663722558,-0.012698805257487,Information Technology,12.0,334.80568237304686,334.97621459960936,329.33245239257815,325.74805603027346,323.52140869140624,321.24766438802084
2021-01-05,333.75323486328125,336.871525157292,329.9040980695699,333.11984051118475,1319676.0,326.5300598144531,319.9314904785156,-2.068828498827151,-0.000146095857899,-0.0018977923984945,0.0093431013343978,-0.0115328823562956,Information Technology,12.0,333.7142822265625,336.8666656494141,330.74867146809896,326.5300598144531,324.6342431640625,321.96064453125
2021-01-06,329.5630798339844,339.9898060092181,324.7394807527212,336.18940993154933,1672790.0,327.2365447998047,320.34076416015625,-2.085165121905624,-0.0125546499377401,0.0201064090701632,0.0316380286908537,-0.0146363454416467,Information Technology,12.0,332.4572265625,337.0956604003906,331.87905069986977,327.2365447998047,325.50346435546874,322.600542195638
2021-01-07,327.0782165527344,333.11989381225004,325.1292922416938,332.77882611017293,785782.0,327.8699462890625,320.8640502929687,-2.094853134531288,-0.0075398715247525,0.0174288878590587,0.0184716589297579,-0.0059585879230399,Information Technology,12.0,330.78115234375,334.8300445556641,332.65537312825523,327.8699462890625,325.67107177734374,323.071533203125
2021-01-08,336.0919494628906,337.84599896641765,329.6117828866728,329.9041096014833,1255351.0,329.03442840576173,321.3454339599609,-2.0597102923085844,0.0275583406475587,-0.0184111516842224,0.005218957211948,-0.0192809336450153,Information Technology,12.0,332.0576965332031,334.6205352783203,333.9319173177083,329.03442840576173,326.3570935058594,323.946923828125
2021-01-11,344.3748779296875,349.2471881147092,338.23577899184875,339.8923466118233,3473056.0,330.5424072265625,321.75957946777345,-2.027416718585915,0.024644828535863,-0.0130164294933831,0.0141482741549354,-0.0178267908935337,Information Technology,12.0,334.1722717285156,334.4889770507813,334.70823364257814,330.5424072265625,327.4328991699219,325.2965525309245
2021-01-12,340.6231994628906,344.8621153501948,338.62556414523624,344.71595198957505,910494.0,331.9480697631836,321.96616516113284,-2.042043804360822,-0.0108941700084257,0.0120154837754387,0.0124445894877043,-0.0058646484467421,Information Technology,12.0,335.5462646484375,334.6302734375,336.42653198242186,331.9480697631836,328.33330078125,326.4529134114583
2021-01-13,333.75323486328125,342.9131717118849,329.5143192173736,342.9131717118849,941177.0,333.00536193847654,322.0041680908203,-2.068828498827151,-0.0201688100236338,0.0274452376539688,0.0274452376539688,-0.0127007477474909,Information Technology,12.0,336.38429565429686,334.42076110839844,336.85853881835936,333.00536193847654,329.06609497070315,327.3169362386068
2021-01-14,345.0570373535156,351.78081993086533,331.5120200406644,335.2149641446473,3559004.0,334.4865447998047,322.29260986328126,-2.0247571078296085,0.0338687428598703,-0.0285230328422051,0.0194860033254766,-0.0392544299827573,Information Technology,12.0,339.9800598144531,335.38060607910154,336.5467163085938,334.4865447998047,330.29196899414063,328.055903116862
2021-01-15,367.8594055175781,372.24448452374793,339.4538441252556,345.0570006331392,10213313.0,337.0323257446289,322.8314862060547,-1.935854980965972,0.066082895566918,-0.0619867387986341,0.0119205298013245,-0.0772185268781042,Information Technology,12.0,346.33355102539065,339.19562377929685,338.5248738606771,337.0323257446289,332.4942529296875,329.68650309244794
2021-01-18,358.7969665527344,385.789549589787,345.9340545991116,373.218994116788,10122301.0,338.3356674194336,323.57012939453125,-1.9711877188969504,-0.0246356048776105,0.0401955114130931,0.0752308005733526,-0.0358501134421721,Information Technology,12.0,349.21796875,341.6951202392578,339.3986409505208,338.3356674194336,334.27751953125,331.0637440999349
2021-01-19,366.982421875,370.295586968654,358.7482054800134,361.18436065743873,2520868.0,340.9423522949219,324.55531127929686,-1.9392741745553768,0.022813613506575,-0.0157992886633032,0.0090281302214048,-0.0224376316252862,Information Technology,12.0,354.48981323242185,345.0180389404297,341.2501200358073,340.9423522949219,336.45641845703125,332.692719523112
2021-01-20,368.0055847167969,371.90343289012606,363.76666888065705,366.3977282929429,1645030.0,342.9789749145508,325.6379382324219,-1.935285055876601,0.0027880431890151,-0.0043691087598339,0.0105918179919166,-0.0115186182280411,Information Technology,12.0,361.340283203125,348.86228942871094,343.393935139974,342.9789749145508,338.67234619140623,334.44512634277345
2021-01-21,355.1914367675781,375.1679098916806,348.85743309408224,370.2955993736068,1642763.0,343.2518280029297,326.6601495361328,-1.98524499856476,-0.0348205257783792,0.0425240054869684,0.0562414266117969,-0.017832647462277,Information Technology,12.0,363.3671630859375,351.6736114501953,344.70945841471354,343.2518280029297,340.2626684570312,335.80450134277345
2021-01-22,362.4511413574219,372.9753187300224,346.51868221255825,356.16584976047864,2778401.0,344.46503295898435,327.75934326171875,-1.9569407814854127,0.0204388502603292,-0.0173410727123222,0.0290361270023493,-0.0439575361390633,Information Technology,12.0,362.28551025390624,354.3095306396484,346.8922526041667,344.46503295898435,342.0829626464844,337.45946248372394
2021-01-25,350.562744140625,365.9105223761075,346.5187323309838,365.9105223761075,1063244.0,344.7086471557617,328.5632751464844,-2.003291396911345,-0.032799999393776,0.0437804030576789,0.0437804030576789,-0.0115357717761901,Information Technology,12.0,360.6386657714844,354.9283172607422,348.00963541666664,344.7086471557617,342.7962670898437,338.6710439046224
2021-01-27,348.9061279296875,360.3560571098117,345.93403054843344,349.3446477510236,1359324.0,345.1934417724609,329.28340209960936,-2.0097502306381525,-0.0047255911776893,0.0012568418443612,0.0328166468386925,-0.0085183295543981,Information Technology,12.0,357.0234069824219,355.75661010742186,349.0198282877604,345.1934417724609,344.1585632324219,339.8842498779297
2021-01-28,347.39569091796875,354.2169246807339,344.5697571638956,344.9595360026955,1033975.0,345.7708084106445,329.9060821533203,-2.015639139275589,-0.0043290641545371,-0.0070126227208976,0.0196353436185132,-0.0081346252355802,Information Technology,12.0,352.90142822265625,357.1208557128906,350.2086690266927,345.7708084106445,344.96346557617187,341.0438598632812
2021-01-29,338.2844543457031,354.2169129097841,336.1893671358336,350.80629614173944,1020309.0,345.91210174560547,330.34166625976565,-2.051162129861662,-0.0262272584561708,0.0370157174980316,0.0470978147514846,-0.0061932707310531,Information Technology,12.0,349.52003173828126,356.4435974121094,350.95575154622395,345.91210174560547,344.50546875,341.8055623372396
2021-02-01,336.48175048828125,341.93874418382046,331.9992486288036,341.5489652923298,1639958.0,346.25072784423827,330.76750549316404,-2.05819053173102,-0.0053289586153422,0.0150594045492669,0.0162177998884645,-0.0133216789706216,Information Technology,12.0,344.32615356445314,353.3058319091797,350.98173828125,346.25072784423827,344.4372570800781,342.4568277994792
2021-02-02,339.9410705566406,345.4467748427385,338.2357620771631,339.40509862015864,875256.0,346.55768127441405,331.3716711425781,-2.0447032961348546,0.0102808549448504,-0.0015766613183995,0.0161960550311925,-0.0050164826411976,Information Technology,12.0,342.2018188476562,351.4202423095703,350.6861511230469,346.55768127441405,344.2072814941406,342.6971923828125
2021-02-03,341.2078857421875,347.5418891578205,339.79493359240263,342.8644831461804,754593.0,346.9304138183594,331.9485522460937,-2.039764222985612,0.0037265729129831,0.0048550970631568,0.0185634731209549,-0.0041410301720062,Information Technology,12.0,340.66217041015625,348.84278869628906,350.7251302083333,346.9304138183594,344.2871875,343.5758310953776
2021-02-04,340.1359558105469,343.7901883815163,338.7717149316958,342.4259475026652,517583.0,347.4590576171875,332.5439483642578,-2.043943475337209,-0.0031415743200336,0.0067325775267166,0.010743446873358,-0.0040108693466414,Information Technology,12.0,339.21022338867186,346.0558258056641,351.15064493815106,347.4590576171875,344.45869140625,344.0045918782552
2021-02-05,342.1336669921875,347.8829877325596,340.9643005162839,342.0362148294914,805587.0,348.21183013916016,333.1276519775391,-2.036154776741112,0.0058732725767849,-0.0002848365188752,0.016804311574819,-0.0034178643866997,Information Technology,12.0,339.9800659179688,344.750048828125,350.95575358072915,348.21183013916016,344.72569458007814,343.75123494466146
2021-02-08,339.7949523925781,345.4468207808684,338.9666536447536,345.3493686214378,770589.0,348.39698028564453,333.7269464111328,-2.0452729832596788,-0.0068356751329671,0.0163463765125104,0.0166331734726903,-0.0024376428843109,Information Technology,12.0,340.6427062988281,342.48442993164065,349.0847900390625,348.39698028564453,345.1291235351562,343.80483194986977
2021-02-09,343.3516845703125,346.4699450631053,339.9410676406138,341.7438282510985,822670.0,348.34582061767577,334.516259765625,-2.031405956246964,0.0104672896189027,-0.0046828263598769,0.0090818266894339,-0.0099333047803942,Information Technology,12.0,341.3248291015625,341.76332397460936,348.0551045735677,348.34582061767577,345.5111108398437,343.72687276204425
2021-02-10,346.81109619140625,352.511706093852,343.49793060976594,345.8366339769105,1415744.0,348.65521545410155,335.3338342285156,-2.017918363703979,0.0100754176448064,-0.0028097780757221,0.016437218892499,-0.0095532283079309,Information Technology,12.0,342.4454711914062,341.55382080078124,346.7103495279948,348.65521545410155,346.0334252929688,343.98023478190106
2021-02-11,361.5741271972656,365.4232641415114,347.00593757642355,353.5348153861524,3688444.0,350.0462600708008,336.4086657714844,-1.960360094057091,0.0425679315569292,-0.0222342009740292,0.0106454988195154,-0.0402910178716798,Information Technology,12.0,346.73310546875,342.97166442871094,346.2815856933594,350.0462600708008,347.3138671875,344.83776041666664
2021-02-12,389.7848205566406,408.2021473802976,366.39773132324217,371.31875278748106,17095556.0,352.282649230957,337.7466015625,-1.8503719287094669,0.0780218805423098,-0.047375030517578,0.0472499847412108,-0.06,Information Technology,12.0,356.2633361816406,348.1217010498047,348.5878112792969,352.282649230957,349.82213134765624,346.6486348470052
2021-02-15,390.9054870605469,405.376255992541,382.6712997036333,386.8614750698047,4977534.0,353.4349533081055,339.1858831787109,-1.8460026616673213,0.0028750901646345,-0.0103452423273756,0.0370185873849162,-0.0210643944111179,Information Technology,12.0,366.4854431152344,353.56407470703124,350.4847676595052,353.4349533081055,352.0146728515625,348.6885101318359
2021-02-16,393.0979919433594,401.28346735983104,386.91015186927,391.2465199634062,1739365.0,355.1500045776367,340.6982482910156,-1.837454499220399,0.0056087851293653,-0.0047099502360723,0.0208229896469456,-0.0157412151700356,Information Technology,12.0,376.43470458984376,358.8797668457031,353.32045084635416,355.1500045776367,353.9635974121094,350.6650431315104
2021-02-17,471.0062561035156,471.6883617220676,388.810373046845,394.6571455738653,13063891.0,360.3511962890625,343.7561102294922,-1.5337048915367573,0.1981904404420918,-0.1620978692751603,0.0014481880223731,-0.1745112341747876,Information Technology,12.0,401.2737365722657,371.859603881836,361.46045939127606,360.3511962890625,359.1789196777344,355.2401438395182
2021-02-18,499.411865234375,544.3833184504509,472.9064821500604,481.2868628118823,22550108.0,366.92151031494143,347.4356799316406,-1.422956786409214,0.0603083478462683,-0.036292694836128,0.090048828125,-0.0530731945503047,Information Technology,12.0,428.8412841796875,387.7871948242188,371.59487101236977,366.92151031494143,365.8052648925781,360.9017700195312
2021-02-19,524.5529174804688,536.9285975962148,490.1544184952742,493.0778046890829,9273485.0,375.389584350586,351.63853454589844,-1.3249365720092838,0.0503413194524223,-0.0600036940840345,0.0235928153353695,-0.0655767947119946,Information Technology,12.0,455.79490356445314,406.02911987304685,384.0127685546875,375.389584350586,372.9851000976562,367.4842600504557
2021-02-22,543.6036987304688,571.7169680718602,528.1584970985186,529.1329592702872,12792823.0,384.4472122192383,356.2545623779297,-1.250661173973734,0.0363181303833074,-0.0266200165561354,0.0517164791318511,-0.0284126132107283,Information Technology,12.0,486.3345458984375,426.4099945068359,397.8208984375,384.4472122192383,380.0148718261719,374.401318359375
2021-02-23,526.3556518554688,570.4987667792864,516.659743451349,551.5454697486434,6102316.0,393.23685760498046,360.4973693847657,-1.3179080511576524,-0.0317290829979285,0.0478570293761972,0.0838655665009155,-0.0184208308012662,Information Technology,12.0,512.9860778808594,444.7103912353516,410.2485371907552,393.23685760498046,386.7172192382813,380.46734415690105
2021-02-24,493.4675598144531,535.8566873225224,485.3307960190335,531.0330884396305,4562316.0,400.4649291992188,364.1165216064453,-1.4461325105601368,-0.0624826425347216,0.0761256294928531,0.0859005352327675,-0.0164889537996764,Information Technology,12.0,517.4783386230469,459.37603759765625,420.3991821289063,400.4649291992188,391.77662475585936,385.56215616861977
2021-02-25,508.57171630859375,522.214183630403,498.485999424108,498.485999424108,3212466.0,408.52373046875,368.03580810546873,-1.387244257061686,0.0306082055319297,-0.0198314545639535,0.026825061017611,-0.0198314545639535,Information Technology,12.0,519.3103088378906,474.075796508789,431.6282328287761,408.52373046875,397.3992700195312,391.3894388834635
2021-02-26,518.3650512695312,540.7289651361299,488.2054417266587,496.9755993624669,4298152.0,417.5277603149414,372.0944415283203,-1.3490618936838537,0.0192565466125824,-0.041263298624549,0.0431431745095989,-0.0581821815899981,Information Technology,12.0,518.0727355957031,486.9338195800781,443.376991780599,417.5277603149414,403.92621459960935,397.166372680664
2021-03-01,513.78515625,530.1073968705548,510.6181543385491,527.184010490754,1635461.0,426.39293060302737,376.0312689208984,-1.3669180393753442,-0.0088352696778353,0.0260787102892368,0.0317686107159791,-0.0061640587956376,Information Technology,12.0,512.1090270996094,499.2217864990234,454.9763387044271,426.39293060302737,409.9795751953125,402.0305643717448
2021-03-02,516.7085571289062,524.2606388219738,511.1053997437272,514.0287862055598,1405831.0,435.23130493164064,379.71083740234377,-1.3555202514815674,0.0056899286469143,-0.0051862329090051,0.0146157472890147,-0.0108439415370108,Information Technology,12.0,510.1796081542969,511.5828430175781,466.53346354166666,435.23130493164064,416.6254077148437,407.2942840576172
2021-03-03,542.1419677734375,555.1997837577034,516.6598194395356,521.3372256434775,4825240.0,445.2780090332032,384.2567022705078,-1.2563601869028955,0.0492219652522345,-0.0383750813747264,0.0240856025920552,-0.0470027222547563,Information Technology,12.0,519.9144897460938,518.6964141845704,479.5555216471354,445.2780090332032,424.3548413085937,413.1329355875651
2021-03-04,541.1187744140625,550.0351261259991,528.4507675312576,530.1073649419902,1867437.0,455.3271499633789,388.5336151123047,-1.2603494245639448,-0.0018873162754346,-0.0203493391704912,0.0164776240144162,-0.0234107694683521,Information Technology,12.0,526.4239013671875,522.8671051025391,491.52516479492186,455.3271499633789,432.1037646484375,418.9033752441407
2021-03-05,521.8731689453125,544.0421818556359,519.4370136804419,542.0445464337313,1228000.0,464.3141250610352,391.97639099121096,-1.3353844054325934,-0.0355663236589594,0.0386518769094499,0.0424796947410157,-0.0046680983231884,Information Technology,12.0,527.1255249023437,522.5991302490235,500.3310546875,464.3141250610352,439.4473132324219,424.4594329833984
2021-03-08,527.6712036132812,537.8543439993526,523.5784510805487,526.0146062218843,812529.0,473.7079376220703,395.76607421875,-1.3127789633178617,0.0111100455301934,-0.0031394500591528,0.019298268157029,-0.0077562552299746,Information Technology,12.0,529.902734375,521.0058807373047,509.448769124349,473.7079376220703,447.0948913574219,429.9667683919271
2021-03-09,515.8803100585938,532.9333984788624,511.202843939301,531.0818965169381,792652.0,482.3343688964844,399.1698712158203,-1.3587494303804244,-0.0223451525759756,0.0294672740206303,0.0330562886153413,-0.0090669599674417,Information Technology,12.0,529.7370849609375,519.9583465576172,517.6342569986979,482.3343688964844,454.1324609375,435.4773539225261
2021-03-10,528.1583862304688,539.8519298370474,521.824383443572,521.824383443572,1233931.0,491.4017333984375,402.9488342285157,-1.310879530306021,0.0238002419020033,-0.0119926199261993,0.0221402214022139,-0.0119926199261993,Information Technology,12.0,526.9403686523438,523.4274291992188,521.4443990071615,491.4017333984375,461.61048095703126,441.4524291992187
2021-03-12,525.4786987304688,540.8264771356702,520.3627725954016,535.9541665308443,1115325.0,499.59696197509766,406.74144104003904,-1.321327125764784,-0.0050736437588831,0.0199350950394066,0.0292072322670375,-0.0097357440890125,Information Technology,12.0,523.812353515625,525.1181274414063,523.182187906901,499.59696197509766,469.0241906738281,447.3885294596354
2021-03-15,519.6806030273438,530.0099365159101,513.6389263795323,526.2095107035844,641336.0,506.0917510986328,410.4258813476562,-1.3439328058440627,-0.0110339309987881,0.0125633083825089,0.0198763113889453,-0.011625749763636,Information Technology,12.0,523.3738403320312,525.2496826171875,522.8573669433594,506.0917510986328,476.1260681152344,453.43506774902346
2021-03-16,548.1348876953125,562.7518180338542,516.6110650557678,523.5784328312742,5965512.0,513.953221130371,414.79439453125,-1.232994923990518,0.0547534091174682,-0.0448000217013887,0.0266666666666666,-0.0575110677083332,Information Technology,12.0,527.4665771484375,528.6846557617188,523.1594462076823,513.953221130371,484.45966552734376,460.4901723225912
2021-03-17,533.4205322265625,554.4201768106229,531.0817995937382,549.5965779281988,1830476.0,520.9693481445313,418.7867651367188,-1.2903634169114042,-0.0268444060012636,0.0303251275951368,0.0393678970256456,-0.0043844068451248,Information Technology,12.0,530.9746215820312,530.3558532714844,523.6304382324219,520.9693481445313,492.0624194335937,466.9394877115885
2021-03-18,513.0055541992188,540.5828181082824,501.1658165915787,539.8519715763649,1806134.0,523.0693130493164,422.3718115234375,-1.369957560530473,-0.0382718264370685,0.0523316310269823,0.0537562677115857,-0.0230791606654657,Information Technology,12.0,527.9440551757813,527.4422119140625,524.9329711914063,523.0693130493164,498.71019775390624,472.66607666015625
2021-03-19,519.5344848632812,527.9635462200451,496.9756637851984,511.5925950729984,2429128.0,524.0754440307617,426.1712396240234,-1.344502492968887,0.0127268225667729,-0.0152865498281078,0.0162242576813396,-0.043421219833019,Information Technology,12.0,526.7552124023438,525.2837829589844,525.6638224283854,524.0754440307617,505.0286120605469,478.6460276285807
2021-03-22,526.0145874023438,535.856689507079,513.9800052252922,521.0448548824019,1255441.0,524.1485275268554,430.1499670410156,-1.3192377970446687,0.0124729016607391,-0.0094478986685222,0.0187107018330787,-0.0228787993057052,Information Technology,12.0,528.0220092773437,525.6979248046875,526.1737915039063,524.1485275268554,510.477802734375,484.7753916422526
2021-03-23,532.2024536132812,549.5965768012551,529.1815856790407,530.0099140781699,1592465.0,523.578465270996,434.0721771240234,-1.2951124753700989,0.0117636779647033,-0.0041197471380026,0.032683282592705,-0.0056761631099799,Information Technology,12.0,524.8355224609375,526.1510498046875,527.401611328125,523.578465270996,516.1296813964843,491.18897501627606
2021-03-24,526.5994262695312,538.780204454185,524.2606930674954,526.2096175770399,1310457.0,523.5906539916992,437.7166680908203,-1.316957620758092,-0.0105279998348549,-0.0007402375943565,0.0231310130186492,-0.0044411996773403,Information Technology,12.0,523.4713012695313,527.2229614257812,528.0610026041667,523.5906539916992,521.4697387695312,497.29723307291664
2021-03-25,504.5276794433594,528.9866508319794,500.24002303173006,528.012188872649,1351628.0,524.1436599731445,440.9947576904297,-1.4030111930153348,-0.0419137312445054,0.0465475144103091,0.0484789485001206,-0.008498357149324,Information Technology,12.0,521.7757263183594,524.8598907470703,525.5533833821614,524.1436599731445,522.810595703125,502.55445251464846
2021-03-26,509.2538146972656,519.8754742312735,506.72023730133503,513.2978557663042,719131.0,524.1777648925781,444.50476928710935,-1.3845848842699269,0.0093674449321007,0.0079411109987317,0.0208572998914542,-0.0049750778939903,Information Technology,12.0,519.7195922851563,523.23740234375,523.429052734375,524.1777648925781,523.2042736816406,507.4771087646485
2021-03-30,522.8963012695312,525.1863227248548,509.7410638705162,513.4927783701747,1082286.0,524.4043273925781,448.0615545654297,-1.331395405736091,0.0267891691304769,-0.017983533018929,0.0043794944614516,-0.0251584059154285,Information Technology,12.0,519.0959350585938,523.5589721679687,523.4972615559896,524.4043273925781,523.1380090332032,511.9141581217448
2021-03-31,526.2583618164062,532.251328849888,518.072914048568,524.8941502599964,1020926.0,525.0279876708985,451.22953369140623,-1.3182873666451085,0.0064296889052615,-0.0025922848079813,0.0113878799242195,-0.0155540479007036,Information Technology,12.0,517.9071166992187,521.3713195800781,523.4030721028646,525.0279876708985,522.4441955566406,516.4259206136068
2021-04-01,579.3663330078125,597.3451676488103,529.1815432298129,530.8868516203274,7937821.0,528.1608764648438,455.6409210205078,-1.1112294172971142,0.1009161564827236,-0.0836767320182398,0.0310318940136884,-0.0866201346520474,Information Technology,12.0,528.460498046875,525.9658996582032,527.6354736328125,528.1608764648438,524.5646228027343,522.6348653157552
2021-04-05,602.9970703125,632.1335077391666,594.6654321546584,601.2430506176554,13320286.0,531.2036315917969,460.3612139892578,-1.019097635605527,0.040787211749097,-0.0029088361804736,0.0483193681381681,-0.0138170458332802,Information Technology,12.0,548.1543762207032,534.9650512695313,532.6247192382813,531.2036315917969,528.9458032226562,527.0345591227214
2021-04-06,651.184326171875,659.5159655878751,609.6234920390126,611.9622249696034,8075873.0,536.7069091796875,466.02478881835935,-0.8312246259778528,0.0799129187052305,-0.060231949120838,0.0127945945274503,-0.0638234559132996,Information Technology,12.0,576.540478515625,548.1300354003906,541.0050944010417,536.7069091796875,534.6503076171875,532.0936411539714
2021-04-07,655.0333862304688,668.3835278912911,634.4722017816277,653.8640199031628,4477055.0,543.3649200439453,472.0216278076172,-0.8162178677686698,0.0059108610325762,-0.0017852011086569,0.0203808568257086,-0.0313895213298436,Information Technology,12.0,602.9678955078125,561.0319152832031,550.02861328125,543.3649200439453,540.117041015625,536.4429901123046
2021-04-08,647.5787353515625,677.1536938858849,643.1449449746772,661.9520504097087,3699937.0,549.3602966308594,477.7241796875,-0.845282143610209,-0.0113805662972473,0.0221954710269216,0.0456700582026778,-0.0068467201513006,Information Technology,12.0,627.2319702148437,572.5695434570313,556.658203125,549.3602966308594,545.4687841796875,539.9088246663412
2021-04-09,630.9154663085938,651.7202072901595,625.1174052145111,644.6066462188606,2258926.0,555.1120544433594,483.3312341308594,-0.9102490824720976,-0.0257316495019288,0.0217004981513169,0.0329754810153752,-0.0091899175146337,Information Technology,12.0,637.541796875,583.0011474609375,563.1578653971354,555.1120544433594,550.037060546875,543.3941518147786
2021-04-12,605.7743530273438,641.1473133049734,594.4705576388374,623.6557077318919,3252648.0,558.9928527832031,488.4685986328125,-1.0082695348365744,-0.0398486241403265,0.0295181772143149,0.0583929644773735,-0.018660075871512,Information Technology,12.0,638.0972534179688,593.1258148193359,569.342451985677,558.9928527832031,552.5823559570313,547.1377115885417
2021-04-13,622.1453857421875,630.282121089553,605.2872020582603,609.0388576306849,2120853.0,563.8261871337891,493.9635925292969,-0.9444419702243342,0.0270249683451104,-0.021066664499757,0.0130785111226996,-0.0270968556068551,Information Technology,12.0,632.2894653320312,604.4149719238281,576.1831787109375,563.8261871337891,555.8234204101562,550.9235005696614
2021-04-15,613.9111328125,635.1056838262649,610.3056110895816,617.8089812748016,1876429.0,568.5377136230469,499.4761260986328,-0.9765457672210024,-0.0132352551644571,0.0063492063492063,0.0345238095238096,-0.0058730352492558,Information Technology,12.0,624.0650146484375,613.516455078125,582.0429484049479,568.5377136230469,559.5049389648437,554.1083699544271
2021-04-16,627.69970703125,642.1217324129349,616.3472011949492,617.80889416221,3222589.0,572.5159545898438,505.3004852294922,-0.922786720544616,0.0224602120433631,-0.015757236714064,0.0229759950819394,-0.0180858867849298,Information Technology,12.0,620.089208984375,623.6605895996094,588.4094319661458,572.5159545898438,563.5060791015625,557.9055216471354
2021-04-19,618.296142578125,627.3099161302883,602.9970771943001,611.9134283364758,1613078.0,576.7597351074219,510.8675866699219,-0.9594494423271576,-0.0149809922607735,-0.0103230698076733,0.0145784081954294,-0.0247439120678191,Information Technology,12.0,617.5653442382812,627.5535705566406,594.5225463867188,576.7597351074219,567.6027124023437,561.2917744954427
2021-04-20,625.8482666015625,640.6113908032166,620.2451096798669,624.0455355564645,2081693.0,582.4018707275391,516.5603942871094,-0.930005137104522,0.0122144123234332,-0.0028804602350135,0.0235889831281628,-0.0089528999610744,Information Technology,12.0,621.580126953125,629.8386901855469,602.610585530599,582.4018707275391,571.5103076171876,564.0819844563802
2021-04-22,631.889892578125,647.4325732942801,622.6812148297214,625.3122741116139,1932371.0,588.0196411132813,522.3954730224609,-0.9064499784838698,0.0096534995764537,-0.0104094376943968,0.0245971345620685,-0.0145732315970935,Information Technology,12.0,623.5290283203125,627.9092468261719,610.7863240559896,588.0196411132813,575.7667553710937,567.1076883951823
2021-04-23,629.6974487304688,645.0939386952776,626.18934932964,635.9827414483938,1119514.0,593.2037841796875,528.1467486572266,-0.9149979029662456,-0.0034696612074471,0.0099814485997946,0.0244506151261207,-0.0055710872068823,Information Technology,12.0,626.6862915039062,625.3756530761718,617.9064005533854,593.2037841796875,580.1674291992188,570.7018310546875
2021-04-26,627.69970703125,640.1240972529664,624.8737435039702,635.2517873620972,805186.0,597.978646850586,533.90484375,-0.922786720544616,-0.0031725421521818,0.0120313586994731,0.0197935256023591,-0.0045020947048795,Information Technology,12.0,626.6862915039062,623.3877502441406,624.6691569010417,597.978646850586,583.3500219726562,574.0361145019531
2021-04-27,631.6463623046875,637.9803661270588,628.5280716045381,631.4027467730579,782641.0,603.2309936523437,539.6707373046875,-0.9073994570252434,0.0062874894304212,-0.0003856834237765,0.0100277690181898,-0.004936766656538,Information Technology,12.0,629.3563354492187,623.46083984375,628.1544921875,603.2309936523437,587.2790551757812,577.8949829101563
2021-04-28,645.5323486328125,662.0494910401405,634.9594004952891,637.15193994379,3130636.0,610.2812271118164,545.6451623535156,-0.8532606189323074,0.0219837984619419,-0.0129821668995698,0.0255868546980024,-0.0163786495903979,Information Technology,12.0,633.2931518554688,627.4366394042969,630.9901774088542,610.2812271118164,592.580126953125,581.8074483235677
2021-04-29,685.97265625,696.5455470005783,650.9407293542811,651.3792492259327,5234111.0,619.1171691894531,552.1331329345703,-0.6955914973603675,0.0626464463056529,-0.0504297171452559,0.0154129915445566,-0.0510689844216643,Information Technology,12.0,644.1097045898438,633.8193664550781,633.3093994140625,619.1171691894531,599.2376538085938,587.1572469075521
2021-04-30,705.9491577148438,724.9998819652806,686.0213936875773,686.9958558945199,7621798.0,628.2698120117187,558.4564196777344,-0.6177068910448645,0.0291214252971089,-0.0268479700176648,0.0269859720664642,-0.0282283275070014,Information Technology,12.0,659.3600463867188,643.0231689453125,636.7037841796875,628.2698120117187,606.4350366210938,593.3661987304688
2021-05-03,731.8209838867188,738.4473137896056,700.4432946530117,700.6381989541288,5260024.0,638.5479431152344,565.2747296142578,-0.5168375271271736,0.0366482853462451,-0.0426098535286285,0.0090545776204642,-0.0428761813675516,Information Technology,12.0,680.1843017578125,653.4352966308594,642.3199340820313,638.5479431152344,614.4197778320313,599.4890686035156
2021-05-04,730.9928588867188,756.0852610779147,721.1020435528116,746.5354837307818,3678132.0,646.1292694091796,572.032626953125,-0.5200662300969371,-0.0011315950461024,0.0212623484006861,0.0343264669225509,-0.0135306593131028,Information Technology,12.0,700.0536010742187,664.7049682617187,648.9917602539062,646.1292694091796,622.5955151367187,606.0748128255208
2021-05-05,727.5820922851562,745.560869004177,718.2759323968667,738.1549814299124,1815878.0,652.3585205078125,577.1641436767578,-0.5333641648961944,-0.0046659369651804,0.01453154119221,0.0247103067951464,-0.0127905290509022,Information Technology,12.0,716.4635498046875,674.8783508300781,657.1122762044271,652.3585205078125,631.5176916503906,613.227364095052
2021-05-06,789.5579223632812,796.1355415869186,721.1019593320927,730.8465804041481,8629623.0,659.2772003173828,582.967064819336,-0.2917321085921339,0.0851805325272288,-0.0743597655044738,0.0083307621104598,-0.0867016352977475,Information Technology,12.0,737.1806030273438,690.6451538085937,668.2731119791666,659.2772003173828,642.7298559570313,622.2281453450521
2021-05-07,812.262939453125,836.8193983209785,791.6043293110752,795.8919867000399,8673811.0,667.1386779785156,588.7212652587891,-0.2032095351804997,0.0287566199347145,-0.0201547454129905,0.0302321547310613,-0.0254334023363896,Information Technology,12.0,758.443359375,708.9017028808594,681.4965657552083,667.1386779785156,654.304521484375,631.7697570800781
2021-05-10,838.2322387695312,846.6612995292165,820.0584983651386,824.3948662353052,3372704.0,676.671353149414,594.6138360595703,-0.1019601418817126,0.0319715427788576,-0.0165078028429667,0.01005575826105,-0.0216810324917477,Information Technology,12.0,779.7256103515625,729.9549560546875,695.5320678710938,676.671353149414,666.7834765625,641.9707499186198
2021-05-11,820.4483642578125,843.8841655038248,813.8220339759354,837.9886817856056,2351224.0,686.147998046875,600.4956903076172,-0.1712961098211997,-0.0212159276262438,0.0213789414324208,0.0285646266931283,-0.0080764744870585,Information Technology,12.0,797.6167114257812,748.83515625,709.0088826497396,686.147998046875,676.4267578125,651.7657145182292
2021-05-12,773.8202514648438,828.2927011297154,766.9503062507619,826.2463547175005,3665129.0,694.55029296875,606.102744140625,-0.3530903151031627,-0.0568324770019489,0.0677497172675618,0.0703941898157294,-0.0088779599669006,Information Technology,12.0,806.8643432617188,761.6639465332031,718.873681640625,694.55029296875,683.2596850585937,660.742133585612
2021-05-14,709.8955688476562,772.6509456015668,701.6613530309368,772.6509456015668,6521846.0,698.9378021240234,610.1292211914063,-0.6023205793836788,-0.0826092138273428,0.0884008571229411,0.0884008571229411,-0.0115991931462338,Information Technology,12.0,790.9318725585938,764.0562377929688,724.0740600585938,698.9378021240234,685.608134765625,667.4301920572917
2021-05-17,726.169189453125,755.2081489631272,716.2296638553529,716.327086277543,5725929.0,704.5507049560547,614.2853039550781,-0.538872806187988,0.0229239641992484,-0.0135534574015651,0.0399892475910075,-0.0136876168007864,Information Technology,12.0,773.7131225585938,766.0782409667969,730.5055094401042,704.5507049560547,688.4535668945313,674.2059549967448
2021-05-18,728.9463500976562,746.194340881088,726.5101948874666,735.7188734772725,1986283.0,709.613037109375,618.5885278320312,-0.5280451813481288,0.0038243988933525,0.009290839276044,0.0236615366564645,-0.0033420226466094,Information Technology,12.0,751.8559448242188,765.7907775878906,737.2552856445312,709.613037109375,691.708271484375,680.9622212727865
2021-05-19,739.9578247070312,752.9182191440794,719.299274292341,731.8210893813213,4215400.0,715.6961212158203,623.0535131835937,-0.4851135215470548,0.015106015151732,-0.0109962149922957,0.0175150447826935,-0.0279185511996842,Information Technology,12.0,735.7578369140625,766.6872741699219,744.4760498046875,715.6961212158203,696.0699658203125,686.3152709960938
2021-05-20,730.0182495117188,754.6721268385419,726.0716307309782,747.4123728600625,2386375.0,720.9046203613282,626.8110388183594,-0.523866047978805,-0.0134326239461659,0.0238269705722808,0.0337715904271067,-0.0054061919457223,Information Technology,12.0,726.9974365234375,766.9308898925781,750.1084431966145,720.9046203613282,701.0397216796875,690.5493103027344
2021-05-21,742.0529174804688,750.0922301123977,734.7444514514425,738.4473956775261,1724206.0,726.4127716064453,630.8297216796875,-0.4769451505166818,0.0164854344077008,-0.0048588472843482,0.0108338804990151,-0.0098489822718318,Information Technology,12.0,733.42890625,762.1803894042969,753.8471272786459,726.4127716064453,705.8360229492188,693.5782633463542
2021-05-24,730.2618408203125,748.9714634913236,728.3129168357123,746.0968481951901,1644665.0,731.4409912109375,634.9974951171876,-0.5229163314728847,-0.0158898056761115,0.021684013171344,0.02562043040616,-0.0026688016210884,Information Technology,12.0,734.2474365234375,753.9802795410156,755.4679728190105,731.4409912109375,710.4900512695312,696.085878499349
2021-05-25,749.361328125,763.685932378465,733.6725126661466,736.4009945533676,4663246.0,737.524072265625,639.4312976074219,-0.4484510377290601,0.0261543000565835,-0.0172951726826641,0.0191157505943189,-0.0209362491364597,Information Technology,12.0,738.3304321289063,745.0931884765625,756.6373291015625,737.524072265625,715.3565161132813,699.4786315917969
2021-05-26,781.76220703125,787.3653640152696,750.3358048165317,752.2847289848863,5493275.0,745.0298645019532,644.748935546875,-0.3221261303206895,0.0432379917273303,-0.0377064506076658,0.007167341851044,-0.0401994390775942,Information Technology,12.0,746.69130859375,741.2245727539063,760.0219523111979,745.0298645019532,721.8951586914062,704.5068562825521
2021-05-27,832.1419067382812,851.6798595851925,785.3677268068291,788.4372466789633,9396784.0,754.3603424072265,650.8286059570313,-0.1257051962106396,0.0644437646817805,-0.0525206815152785,0.02347911178214,-0.0562093791367764,Information Technology,12.0,767.1160400390625,747.05673828125,766.992606608073,754.3603424072265,730.146904296875,712.05244140625
2021-05-28,853.7262573242188,886.7605476708898,838.0374406560057,860.4500698828524,9845189.0,762.7480224609375,657.3935571289062,-0.0415518898411507,0.0259383050068238,0.0078758413495534,0.0386942419344209,-0.0183768702597779,Information Technology,12.0,789.4507080078125,761.4398071289063,771.2704956054688,762.7480224609375,739.0203588867188,719.7718037923177
2021-05-31,845.3945922851562,866.2968164560154,824.443656904049,849.7309605732795,5025981.0,769.7202941894532,663.9078369140625,-0.0740354782543683,-0.0097591762787944,0.0051294014980647,0.0247248141419489,-0.0247824336378535,Information Technology,12.0,812.4772583007813,773.3623474121093,773.4792724609375,769.7202941894532,747.6482446289062,727.4879191080729
2021-06-01,822.446044921875,861.4245304631961,818.7431006907392,851.6799090778658,2976733.0,774.2515472412109,669.3940600585937,-0.163507530207376,-0.0271453680597244,0.0355450236966823,0.04739336492891,-0.0045023552049393,Information Technology,12.0,827.0942016601563,782.7123168945312,772.4268595377604,774.2515472412109,755.4380981445313,733.9794637044271
2021-06-02,865.4197998046875,876.0414608851988,824.3949676405764,826.7337005592143,3877846.0,780.9728942871094,676.0340454101563,0.0040390237694093,0.0522511539184246,-0.0447021194271313,0.0122734204635812,-0.0474045453702004,Information Technology,12.0,843.8257202148437,795.2585144042969,775.4249552408854,780.9728942871094,764.7890356445313,742.2169189453125
2021-06-03,880.2803344726562,894.9947482066513,869.415117493849,885.7860692547529,4042105.0,788.6078063964844,683.379541015625,0.0619774417796663,0.0171714752439481,0.0062545243446736,0.0167155997444949,-0.0123429054964816,Information Technology,12.0,853.4534057617187,810.2847229003906,782.522294108073,788.6078063964844,774.178955078125,750.697987874349
2021-06-04,878.574951171875,888.1247267417516,869.2688505883577,880.9136838576495,1790837.0,793.0586578369141,690.5603503417968,0.0553284743800377,-0.0019373184132335,0.0026619614896317,0.0108696196689181,-0.0105922671379424,Information Technology,12.0,858.42314453125,823.9369262695312,793.7675862630208,793.0586578369141,781.883046875,758.9208231608073
2021-06-07,871.8999633789062,886.5656060785905,867.2712684070707,882.7652395770566,1532649.0,796.0405090332031,697.4780578613281,0.029303957658174,-0.007597516619459,0.0124616087332356,0.016820327234388,-0.0053087454596256,Information Technology,12.0,863.72421875,838.1007385253906,803.4829711914062,796.0405090332031,788.5210791015625,766.9942403157552
2021-06-08,901.8646240234376,924.228539885596,867.6122592988529,872.1435316055934,6849050.0,799.2221282958984,704.8713012695313,0.1461305101846085,0.0343670855638163,-0.0329551593733116,0.0247974199967924,-0.0379794969357778,Information Technology,12.0,879.6079345703125,853.3510681152344,815.0108561197917,799.2221282958984,795.3228247070313,776.1330708821614
2021-06-09,898.3566284179688,930.124068897759,882.3754262827877,909.85526923404,3493298.0,803.1175415039063,712.3064453125,0.1324534978624418,-0.0038897141677635,0.0127996393106384,0.0353617254828226,-0.0177893740967041,Information Technology,12.0,886.1953002929688,865.0105102539062,825.5707763671875,803.1175415039063,802.0173754882812,785.0234130859375
2021-06-10,915.6533203125,924.569612688332,900.4516761279981,903.3263511688624,2068256.0,810.209194946289,720.5289581298828,0.1998900327900883,0.0192537032035832,-0.0134624850586799,0.0097376290546173,-0.0166019647909033,Information Technology,12.0,893.2698974609375,873.3616516113282,837.9464477539062,810.209194946289,809.540224609375,794.0274454752604
2021-06-11,913.3633422851562,930.5626226651784,908.3448980030008,921.3539436440964,1576885.0,820.3825836181641,728.6111486816407,0.1909618409620697,-0.0025009225397252,0.008748546157927,0.0188307101716949,-0.0054944664952282,Information Technology,12.0,900.2275756835937,879.3253601074218,849.3671427408855,820.3825836181641,814.49244140625,801.6071350097657
2021-06-14,898.8438720703125,918.9177677014188,882.8626697110134,918.9177677014188,1938310.0,829.0163177490234,736.1301000976563,0.134353168838829,-0.0158967078517923,0.0223330171733497,0.0223330171733497,-0.0177797311144698,Information Technology,12.0,905.616357421875,884.6702880859375,860.6059448242188,829.0163177490234,817.9556787109375,808.0369588216146
2021-06-15,897.8204956054688,918.5278120836432,894.6534942617479,904.3981137808888,1447415.0,837.4600250244141,743.5613427734374,0.1303632172841397,-0.001138547523817,0.0073262063047294,0.0230639828111851,-0.0035274326652401,Information Technology,12.0,904.8075317382812,892.2077331542969,870.50322265625,837.4600250244141,820.339208984375,813.5702758789063
2021-06-16,892.4122924804688,913.460707478974,888.7093487559405,903.3262788341632,1565860.0,845.0827484130859,749.8222619628906,0.1092776547292456,-0.0060237020111161,0.0122297579780741,0.0235859760963186,-0.0041493643193056,Information Technology,12.0,903.6186645507812,894.906982421875,877.8798950195312,845.0827484130859,823.2177661132813,818.9509236653646
2021-06-17,890.51220703125,904.3008701675964,882.4728943384886,886.7605515652077,1333162.0,853.1074462890625,755.5725646972656,0.1018695804256114,-0.0021291565179334,-0.0042129186286501,0.0154839686951786,-0.0090277400234215,Information Technology,12.0,898.5904418945313,895.9301696777344,881.7712483723958,853.1074462890625,827.8854443359374,824.3819274902344
2021-06-18,877.0645751953125,910.9271321659236,858.6472777374514,899.2822985210287,2547349.0,859.8580291748046,760.0901696777344,0.049439803707148,-0.015101007857903,0.0253319127850633,0.0386089666921847,-0.0209987929950993,Information Technology,12.0,891.3306884765625,895.7791320800782,883.3271362304688,859.8580291748046,834.5722045898438,827.2988159179688
2021-06-21,896.2615966796875,903.0341207760366,857.2831091915792,862.2528425557323,1864501.0,868.1580169677734,764.9147338867188,0.1242853647966154,0.0218878085232208,-0.03794512031972,0.0075564144680959,-0.0434900788257679,Information Technology,12.0,890.8142333984375,898.2152954101563,886.7182698567708,868.1580169677734,841.3759008789062,830.0987711588542
2021-06-22,894.0689086914062,905.9573573017192,890.1710605881194,905.080317687903,923953.0,875.3933959960938,769.8445373535156,0.1157364884560528,-0.0024464821391481,0.0123160629896117,0.0132970160294618,-0.0043596730245232,Information Technology,12.0,890.063916015625,897.4357238769531,891.4931274414063,875.3933959960938,847.9808032226563,831.9599934895833
2021-06-23,884.7141723632812,901.2800282127536,881.1573618756098,900.2080842072136,710083.0,880.5409942626953,774.9205114746094,0.0792641383108795,-0.0104631043951824,0.0175129011469821,0.0187245286296489,-0.0040202933317665,Information Technology,12.0,888.5242919921875,896.0714782714844,892.7794189453125,880.5409942626953,853.7710571289062,834.1021870930989
2021-06-24,897.0897827148438,915.0199090903668,883.8371219861157,887.7836815837081,2224112.0,883.7883880615234,780.7468200683594,0.1275143057309256,0.0139882582851637,-0.0103736563613207,0.0199869920725899,-0.0147729480193407,Information Technology,12.0,889.8398071289063,894.2151245117187,893.900048828125,883.7883880615234,860.4539184570312,838.211171468099
2021-06-25,917.358642578125,934.509151707305,903.423786999664,904.3008266781846,4189945.0,886.9700073242187,786.6510852050782,0.2065387622251703,0.0225940148397878,-0.0142341449612802,0.0186955333859182,-0.0151901938148191,Information Technology,12.0,897.8986206054688,894.6146545410156,896.4856282552083,886.9700073242187,867.4661474609375,845.1266072591146
2021-06-28,924.4234619140624,940.4533153049528,920.8666515856144,928.4674437986512,1728797.0,890.9214508056641,792.8613317871094,0.2340831585068717,0.0077012620888191,0.0043745989270063,0.0173403792215525,-0.0038475985032698,Information Technology,12.0,903.5309936523438,897.1726135253906,899.9871948242187,890.9214508056641,875.2326123046874,851.7350830078125
2021-06-29,927.4537963867188,936.1051201865686,920.4153999119447,930.6308449645916,1211253.0,896.1718383789063,798.8564135742188,0.2458978602864847,0.0032780804441957,0.0034255599472989,0.0093280375082345,-0.0075889456727601,Information Technology,12.0,910.2079711914064,900.1359436035157,901.6931396484376,896.1718383789063,882.3563110351563,858.3519978841146
2021-06-30,981.5614013671876,997.1045251846464,930.7286216518918,932.1949518359868,8496270.0,901.9789184570312,806.12171875,0.456853192980498,0.0583399466272793,-0.0502937966615634,0.0158351008870247,-0.0517876718099268,Information Technology,12.0,929.5774169921876,909.0508544921876,907.2401245117188,901.9789184570312,890.3482788085937,866.4054504394531
2021-07-01,1111.1361083984375,1166.9054588937838,1009.128433834052,1009.128433834052,19353834.0,913.5217071533204,815.8274755859375,0.9620405033479332,0.1320087636400221,-0.091804841723141,0.050191286264408,-0.091804841723141,Information Technology,12.0,972.3866821289064,931.1132446289064,920.2723103841146,913.5217071533204,901.508046875,879.1093790690104
2021-07-02,1164.0216064453125,1219.6444137728242,1135.086052271653,1160.209124661871,27468329.0,927.7940399169922,826.4701098632812,1.1682310719231688,0.0475958774511457,-0.0032752671963572,0.0477850299509239,-0.0248582620919064,Information Technology,12.0,1021.7192749023436,959.8089477539064,936.982861328125,927.7940399169922,913.9198608398438,893.1750020345052
2021-07-05,1177.365478515625,1198.9204619448858,1160.160560500382,1168.0787201137891,7117792.0,943.067315673828,837.4234704589844,1.220256308912225,0.011463594830565,-0.0078877447753472,0.0183078099558655,-0.0146130647867596,Information Technology,12.0,1072.3076782226562,987.9193359375,955.5509684244792,943.067315673828,927.1986962890624,908.078456624349
2021-07-06,1134.597412109375,1173.064115704122,1125.408386003642,1171.0112773676904,2275508.0,954.703955078125,847.5614245605469,1.053511695457853,-0.0363252254178288,0.0320940845357797,0.0339033944412336,-0.0080989309579414,Information Technology,12.0,1113.7364013671877,1011.9721862792968,971.3360961914062,954.703955078125,939.6847509765626,920.919659423828
2021-07-07,1170.6693115234375,1184.5994497297977,1109.6210202068776,1124.186592092213,2694191.0,968.3195892333983,858.3418835449219,1.194149218492653,0.0317926861361333,-0.0397061057069435,0.0118992939075446,-0.0521481948109798,Information Technology,12.0,1151.5579833984375,1040.5677001953125,989.8865641276042,968.3195892333983,951.8947314453123,933.8832295735676
2021-07-08,1176.82763671875,1199.4580217946998,1168.176312994838,1175.019186794808,2006217.0,981.378305053711,868.9677893066406,1.218159365326615,0.0052605164709566,-0.0015367160555342,0.0192299911812474,-0.0073513940818331,Information Technology,12.0,1164.6962890625,1068.541485595703,1008.9742594401042,981.378305053711,963.7566235351562,945.37275390625
2021-07-09,1182.49755859375,1192.6152129688692,1165.2926416825453,1167.1988231842868,1136359.0,994.8350158691406,878.8982873535156,1.2402653198578024,0.004817971381781,-0.0129376465078344,0.0085561735849597,-0.0145496426492965,Information Technology,12.0,1168.3914794921875,1095.0553771972657,1029.3364583333334,994.8350158691406,975.9135278320311,956.331797281901
2021-07-12,1170.8157958984375,1192.615286991118,1165.2927140089596,1192.615286991118,851755.0,1008.4336120605468,888.1956201171874,1.1947203334047574,-0.0098788894830401,0.0186190613152366,0.0186190613152366,-0.0047172936245191,Information Technology,12.0,1167.08154296875,1119.6946105957031,1047.6400716145831,1008.4336120605468,987.8701611328124,967.1791707356772
2021-07-13,1164.3150634765625,1178.78278267898,1158.4497428817372,1176.9743326949597,541234.0,1021.7583404541016,896.8455017089843,1.1693752054637512,-0.0055523101453261,0.0108727178884016,0.0124259486596505,-0.0050375716838292,Information Technology,12.0,1173.0250732421875,1143.3807373046875,1065.6564819335938,1021.7583404541016,998.3681787109376,978.5748046875
2021-07-14,1279.128662109375,1293.303186832788,1168.1763478950731,1168.1763478950731,9388413.0,1041.0941589355468,907.8082177734376,1.61701174206752,0.0986104210401497,-0.0867405426060373,0.0110813909056171,-0.0867405426060373,Information Technology,12.0,1194.716943359375,1173.1374633789062,1091.95078125,1041.0941589355468,1013.5990600585938,992.3651000976564
2021-07-15,1443.60205078125,1471.120204140778,1288.4154412931691,1290.2728167058492,10410917.0,1068.7486511230468,922.1286169433594,2.2582624209528928,0.1285823651239638,-0.1062129511331892,0.019062146208947,-0.1074995767733197,Information Technology,12.0,1248.071826171875,1206.3840576171874,1128.3849324544271,1068.7486511230468,1034.7170092773438,1011.142490641276
2021-07-16,1460.75830078125,1544.5345913254682,1441.9403951590884,1480.0160577637714,9031181.0,1097.9333374023438,935.5526245117188,2.325151399458559,0.0118843347380362,0.0131833972616974,0.0573512336020356,-0.0128822855992652,Information Technology,12.0,1303.723974609375,1236.0577270507813,1164.6115763346354,1097.9333374023438,1056.6128076171874,1030.548602294922
2021-07-19,1491.84423828125,1522.050662580005,1388.1258451275578,1427.2279816100242,5195392.0,1127.712469482422,949.1442504882812,2.446349598672606,0.0212806851642564,-0.0433130048118629,0.0202477065122803,-0.0695236074197571,Information Technology,12.0,1367.9296630859376,1267.5056030273438,1202.439628092448,1127.712469482422,1080.332822265625,1051.2134114583334
2021-07-20,1458.070068359375,1505.13917707417,1442.5269428018098,1499.3227810915298,1770147.0,1155.9125274658204,961.541007080078,2.314670488963257,-0.022639206597591,0.0282926819686879,0.0322817879169259,-0.0106600676434256,Information Technology,12.0,1426.6806640625,1299.8528686523437,1237.8140462239585,1155.9125274658204,1102.7428051757813,1069.753592936198
2021-07-22,1433.38671875,1485.881293014528,1407.677014434816,1472.0978127809055,1532297.0,1183.3461547851562,973.799774169922,2.218434770699106,-0.0169287815071526,0.0270067341384772,0.0366227575418769,-0.0179363349603268,Information Technology,12.0,1457.532275390625,1326.124609375,1267.9357340494792,1183.3461547851562,1124.3817822265626,1087.587929280599
2021-07-23,1364.322509765625,1433.0933717828789,1344.8202466483249,1431.5781161883867,2200229.0,1206.7077911376953,985.6098193359376,1.9491664637983137,-0.0481825372601492,0.0492959735996112,0.0504066021963296,-0.0142944670176631,Information Technology,12.0,1441.6763671875,1344.8740966796877,1284.8148274739583,1206.7077911376953,1143.3341943359376,1102.5435689290364
2021-07-26,1319.9415283203125,1365.1533747819417,1314.8093727760197,1364.5668665857872,1395743.0,1226.8369354248048,997.8107385253908,1.776133399232579,-0.0325296849737798,0.0338085720526291,0.0342529161266431,-0.003888168857619,Information Technology,12.0,1413.5130126953125,1358.6184936523437,1295.2094889322916,1226.8369354248048,1161.0492724609376,1116.0961751302084
2021-07-27,1394.5289306640625,1441.8913478845054,1331.427807334709,1332.7474806345183,3120374.0,1250.3422088623047,1011.1779333496094,2.066935593894267,0.0565081109605407,-0.0443027381297311,0.0339630223360725,-0.0452490600530639,Information Technology,12.0,1394.049951171875,1380.9898071289062,1309.6870524088542,1250.3422088623047,1180.9799658203126,1132.6190104166667
2021-07-28,1355.7200927734375,1431.138371676976,1344.2338387657842,1417.1593084291726,1637588.0,1271.7555236816406,1023.713408203125,1.9156272646558896,-0.0278293530075023,0.0453185107923326,0.0556296829305325,-0.0084724376874547,Information Technology,12.0,1373.5799560546875,1400.1303100585938,1324.428564453125,1271.7555236816406,1199.4460131835938,1147.8823303222655
2021-07-29,1315.2982177734375,1354.8891340274874,1256.156231764301,1295.258371274474,2278914.0,1288.442364501953,1035.220216064453,1.7580300083770564,-0.0298157969447127,-0.0152359717577108,0.0301003344481605,-0.0449646971386101,Information Technology,12.0,1349.962255859375,1403.747265625,1334.0704915364583,1288.442364501953,1216.669375,1161.9785278320312
2021-07-30,1331.0367431640625,1352.7873072551463,1319.6971470994808,1319.6971470994808,959617.0,1299.4373962402344,1047.2405859375,1.8193915463917392,0.011965746762181,-0.0085193711765054,0.016341069623202,-0.0085193711765054,Information Technology,12.0,1343.3051025390623,1392.4907348632812,1344.3510986328124,1299.4373962402344,1234.0272534179687,1176.6626790364585
2021-08-02,1339.3458251953125,1357.3328307581198,1329.5702916644657,1342.5717989925895,585864.0,1308.2036071777345,1059.1864440917968,1.851787087922674,0.0062425639817411,0.0024086189963721,0.0134296947244259,-0.0072987374485014,Information Technology,12.0,1347.1859619140623,1380.3494873046875,1354.8076497395834,1308.2036071777345,1250.9067407226562,1192.0720540364584
2021-08-03,1333.8717041015625,1361.634246396697,1324.5849461763407,1344.9181059973498,993601.0,1316.0289184570313,1071.2586413574218,1.830444523657333,-0.0040871603067502,0.0082814575508427,0.0208135026852784,-0.0069622572370833,Information Technology,12.0,1335.0545166015625,1364.5522338867188,1365.6780436197917,1316.0289184570313,1267.2846704101562,1206.6590576171875
2021-08-04,1326.7354736328125,1352.347445216052,1319.6971366361877,1341.9854026759222,523862.0,1325.6358215332032,1082.806124267578,1.8026217088559808,-0.0053500126337537,0.0114943252413028,0.0193045049991087,-0.0053050040015535,Information Technology,12.0,1329.2575927734374,1351.4187744140625,1376.5060709635416,1325.6358215332032,1283.2559375,1221.0812764485677
2021-08-05,1351.5164794921875,1382.7003369939923,1297.2133412503256,1333.0895027298975,1509234.0,1334.678179931641,1094.201209716797,1.8992381703948675,0.0186781814098334,-0.0136342967635981,0.0230732351214257,-0.04017941258272,Information Technology,12.0,1336.5012451171874,1343.2317504882812,1381.331925455729,1334.678179931641,1298.054140625,1236.6413533528646
2021-08-06,1391.6942138671875,1397.9016553939662,1353.9117431612888,1356.0623133605543,1514198.0,1345.4215087890625,1105.392255859375,2.0558835684868604,0.029727890843104,-0.0256032540421508,0.0044603487353229,-0.0271485433577468,Information Technology,12.0,1348.6327392578123,1345.9689208984375,1377.8714029947917,1345.4215087890625,1309.27646484375,1253.1281677246093
2021-08-09,1407.4815673828125,1427.6191454787029,1393.9912814431937,1405.7219233627716,964892.0,1356.6707092285155,1116.467362060547,2.117435478138911,0.0113439815717532,-0.0012502075059589,0.0143075252724877,-0.0095846981248243,Information Technology,12.0,1362.2598876953125,1354.7229248046874,1374.3196207682292,1356.6707092285155,1319.01486328125,1269.4655985514323
2021-08-10,1363.931396484375,1413.5422320848638,1340.2257262713335,1413.5422320848638,949176.0,1366.3264892578125,1126.8380981445312,1.947641586982995,-0.0309419120702364,0.0363734097831929,0.0363734097831929,-0.0173803977781759,Information Technology,12.0,1368.271826171875,1351.663171386719,1365.792097981771,1366.3264892578125,1326.4775,1284.1158630371094
2021-08-11,1343.9893798828125,1363.6871063968183,1266.9582371554702,1363.6871063968183,1366128.0,1375.310205078125,1137.26896484375,1.8698914306363832,-0.0146209821498092,0.0146561623245291,0.0146561623245291,-0.0573152912369433,Information Technology,12.0,1371.722607421875,1350.4901000976563,1358.18671875,1375.310205078125,1334.8531787109375,1298.000382486979
2021-08-12,1359.141357421875,1393.013606886966,1347.4596419242914,1347.850687153678,976678.0,1379.31083984375,1147.1433959960937,1.9289661293571807,0.0112738818965843,-0.0083072082285936,0.0249218002823066,-0.0085949231356938,Information Technology,12.0,1373.2475830078124,1354.8744140625,1353.2370279947916,1379.31083984375,1342.392060546875,1310.5863810221354
2021-08-13,1363.8338623046875,1388.12604421235,1344.1361343605504,1364.9580727558423,689409.0,1375.3224304199218,1156.8144665527343,1.9472613196373525,0.0034525510221494,0.0008243016119684,0.0178116870236761,-0.0144429086918627,Information Technology,12.0,1367.6755126953126,1358.1541259765625,1353.204451497396,1375.3224304199218,1349.8723095703126,1319.009639485677
2021-08-16,1363.0028076171875,1370.6765782466528,1349.0237457085411,1360.7543869755718,448827.0,1370.434655761719,1166.5030236816406,1.9440211943693464,-0.000609351850302,-0.0016496082246127,0.005630047558655,-0.0102560771192281,Information Technology,12.0,1358.7797607421876,1360.51982421875,1356.0752034505208,1370.434655761719,1357.09251953125,1325.6423461914062
2021-08-17,1377.470703125,1386.5130735917287,1345.6024808056104,1359.825932893491,833656.0,1364.7159790039063,1176.6144384765626,2.0004287864506174,0.0106147217210105,-0.0128095430207547,0.0065644738913246,-0.0231353176855897,Information Technology,12.0,1361.4876220703125,1364.8797241210937,1354.93798828125,1364.7159790039063,1365.3587158203125,1332.312520345052
2021-08-18,1400.6875,1414.9109510696835,1375.4177660463658,1383.3359254816469,1322648.0,1361.8468505859375,1186.5908959960936,2.090946692586416,0.0168546574691782,-0.0123878984558321,0.0101546212625469,-0.0180409505715115,Information Technology,12.0,1372.82724609375,1372.2749267578124,1357.9358154296874,1361.8468505859375,1374.81361328125,1341.1821899414062
2021-08-20,1390.3743896484375,1441.8914113243277,1369.747915351047,1384.9978454028214,1842429.0,1359.6962341308597,1196.4312512207032,2.0507378231288,-0.0073628916882334,-0.0038669758919938,0.0370526255801622,-0.0148351943555334,Information Technology,12.0,1379.0738525390625,1376.1607177734377,1362.9408935546876,1359.6962341308597,1379.2634423828124,1348.5056925455729
2021-08-23,1358.310791015625,1422.3405548238463,1329.4729584607771,1404.7445891971597,1159433.0,1359.3956481933594,1205.2844006347657,1.9257279078055496,-0.0230611257453612,0.0341849586182079,0.0471392587261605,-0.0212306585102556,Information Technology,12.0,1377.96923828125,1372.8223754882813,1364.7591634114583,1359.3956481933594,1375.8517919921876,1354.5551310221354
2021-08-24,1390.1300048828125,1397.6081937069216,1320.6747808520138,1364.6646884303564,774202.0,1362.9050720214843,1214.8197338867187,2.0497850130837723,0.0234255768839146,-0.0183186582283739,0.0053794888232339,-0.0499631140877746,Information Technology,12.0,1383.394677734375,1371.0872192382812,1368.144775390625,1362.9050720214843,1373.02666015625,1361.476212565104
2021-08-25,1403.3270263671875,1416.8661189750264,1379.3769647346708,1394.4801191340905,857308.0,1363.3449768066407,1224.9093969726562,2.101237707373444,0.0094933721580144,-0.0063042377627396,0.0096478528193728,-0.0170666289343237,Information Technology,12.0,1388.5659423828124,1375.0267822265623,1372.7751302083334,1363.3449768066407,1369.4859716796875,1369.2265869140624
2021-08-26,1405.379638671875,1434.5595831583134,1394.0400433456678,1406.6015803951784,1008215.0,1365.8279541015625,1235.0605798339843,2.1092404550793065,0.0014626756743943,0.0008694744748529,0.0207630334775692,-0.0080687061447136,Information Technology,12.0,1389.5043701171876,1381.1658081054688,1378.0180745442708,1365.8279541015625,1367.3783544921876,1377.2620727539063
2021-08-27,1382.1629638671875,1411.8806151298277,1375.8576719825817,1406.6995336739744,676684.0,1369.17119140625,1244.8555932617187,2.0187230248726014,-0.0165198599480407,0.0177522987145708,0.0215008302490558,-0.0045619019243319,Information Technology,12.0,1387.8620849609374,1383.46796875,1380.061173502604,1369.17119140625,1365.329404296875,1380.6965494791666
2021-08-30,1383.189453125,1396.924129280053,1376.39550316747,1387.735101344556,654214.0,1371.778826904297,1254.7091381835935,2.0227251126191725,0.0007426687624015,0.003286352573963,0.0099297143453651,-0.0049118000012078,Information Technology,12.0,1392.8378173828123,1385.4035278320312,1379.494189453125,1371.778826904297,1366.08408203125,1378.6827962239583
2021-08-31,1395.6529541015625,1407.676908762677,1383.286998943646,1390.0809474031437,599405.0,1374.5941833496097,1265.080905761719,2.071317948986481,0.0090106969427825,-0.0039924013215778,0.0086152898009339,-0.0088603367488853,Information Technology,12.0,1393.9424072265624,1388.668542480469,1378.705615234375,1374.5941833496097,1369.1125390625,1376.512618001302
2021-09-01,1385.8287353515625,1406.5040156264029,1378.5948156261709,1401.518397340217,436202.0,1377.1920349121094,1274.8722485351564,2.0330151755480137,-0.0070391559170411,0.011321501415306,0.014919073149104,-0.0052199233143743,Information Technology,12.0,1390.4427490234375,1389.504345703125,1380.165437825521,1377.1920349121094,1368.76453125,1372.9787679036458
2021-09-02,1454.697265625,1466.3301755504176,1384.215685719594,1391.9871879179093,2429808.0,1383.5901245117188,1286.0848156738282,2.301520568112053,0.0496948349508474,-0.0431086791657285,0.0079967909477163,-0.0484510293453559,Information Technology,12.0,1400.3062744140625,1394.905322265625,1387.5459635416669,1383.5901245117188,1372.7236181640626,1372.8663411458333
2021-09-03,1469.3118896484375,1502.4997844552086,1456.5547682747303,1466.3303036322789,2092303.0,1389.479895019531,1297.776770019531,2.358500226963615,0.0100465054611609,-0.0020292396986402,0.0225873723887934,-0.0086823781006492,Information Technology,12.0,1417.7360595703126,1402.799072265625,1394.8906656901042,1389.479895019531,1378.8841650390625,1374.063846842448
2021-09-06,1461.1005859375,1478.0611178884844,1427.228328119833,1474.150903290896,872848.0,1392.950213623047,1309.0569860839844,2.3264859046365096,-0.0055885368986582,0.0089318404762819,0.0116080522547337,-0.023182700865138,Information Technology,12.0,1433.3182861328123,1413.0780517578123,1401.3751139322917,1392.950213623047,1384.08671875,1377.2897827148438
2021-09-07,1441.304931640625,1468.7252362382596,1433.093458218613,1458.509849701344,572604.0,1394.6413818359374,1319.5359118652343,2.2493063872729087,-0.0135484541498375,0.0119370423863982,0.0190246380177319,-0.005697249236957,Information Technology,12.0,1442.448681640625,1418.1955444335938,1406.5952555338542,1394.6413818359374,1388.1650830078124,1381.3352294921874
2021-09-08,1417.2081298828125,1447.7566755347095,1412.564750943724,1443.8464616912668,577237.0,1397.305218505859,1329.3916052246093,2.155357508302643,-0.0167187395455473,0.0187963441972753,0.0215554405932056,-0.0032764269701673,Information Technology,12.0,1448.724560546875,1419.5836547851563,1409.2444173177084,1397.305218505859,1391.4985400390624,1382.091202799479
2021-09-09,1421.5582275390625,1438.421025124283,1410.463019370781,1414.5198901921176,545372.0,1401.183660888672,1339.2736938476562,2.172317717475769,0.0030694839837037,-0.0049511424932128,0.0118621926689648,-0.0078049621558513,Information Technology,12.0,1442.0967529296877,1421.201513671875,1410.6357991536458,1401.183660888672,1395.2914501953126,1384.2858072916667
2021-09-13,1447.31689453125,1451.1781831571584,1422.682474522476,1425.2730151856765,575664.0,1405.5924377441406,1348.5888037109376,2.27274589512386,0.0181200224466216,-0.0152308588594987,0.0026678943916833,-0.0170207506744765,Information Technology,12.0,1437.69775390625,1427.7169067382813,1414.4319661458333,1405.5924377441406,1399.123466796875,1388.6864298502603
2021-09-14,1465.5970458984375,1480.993513113979,1452.8888507364034,1454.599569315908,670479.0,1410.680596923828,1355.6780224609374,2.344016752792647,0.0126303724058358,-0.0075037518759379,0.0105052526263131,-0.0086710021677505,Information Technology,12.0,1438.5970458984375,1435.957666015625,1421.584383138021,1410.680596923828,1402.079580078125,1393.1717732747395
2021-09-15,1467.2100830078125,1532.8038994831634,1451.666958375317,1473.9552260743967,1742335.0,1415.8909606933594,1361.7417919921877,2.350305679833104,0.0011006006827655,0.0045972578465085,0.0447064924341864,-0.0105936599076741,Information Technology,12.0,1443.778076171875,1443.11337890625,1426.723055013021,1415.8909606933594,1404.468720703125,1397.4339152018229
2021-09-16,1462.3223876953125,1484.6105371649417,1458.9986817402023,1477.083422518892,651976.0,1420.133544921875,1367.4409301757812,2.3312494789325537,-0.0033312852529476,0.0100942411521467,0.0152416113280986,-0.0022728954867116,Information Technology,12.0,1452.800927734375,1450.762744140625,1430.6560791015625,1420.133544921875,1408.4043603515624,1401.7156046549478
2021-09-17,1456.4569091796875,1473.9551398026445,1428.205590605559,1466.330175159712,2285302.0,1422.9220153808594,1373.8781201171876,2.308381085993707,-0.0040110707221471,0.0067789619574707,0.0120142453324021,-0.0193972910534235,Information Technology,12.0,1459.7806640625,1450.9387084960938,1434.06123046875,1422.9220153808594,1412.9030615234376,1406.0396525065105
2021-09-20,1455.870361328125,1524.9833406364048,1432.311228357938,1437.2479208786374,1261094.0,1426.1968139648438,1379.5821411132813,2.306094246699822,-0.000402722420324,-0.0127912765752709,0.0474719323533938,-0.0161821640140369,Information Technology,12.0,1461.491357421875,1449.5945556640625,1438.9750569661458,1426.1968139648438,1416.7722216796874,1409.518115234375
2021-09-21,1418.1368408203125,1446.1926983848691,1369.5035533001617,1438.9587784856683,1229270.0,1429.1881164550782,1384.4083251953125,2.1589783768453845,-0.0259181871615202,0.0146826011891147,0.0197836039209924,-0.0342937903594826,Information Technology,12.0,1451.99931640625,1445.2981811523437,1441.3048828125,1429.1881164550782,1418.9443408203124,1410.3995361328125
2021-09-22,1412.3692626953125,1442.7222255134166,1397.9014240015167,1417.4524928686708,647588.0,1430.3000793457031,1389.0057592773437,2.136491679039461,-0.0040670109956834,0.003599080146829,0.0214908123674255,-0.0102436657862307,Information Technology,12.0,1441.03115234375,1442.4046142578125,1442.4193033854167,1430.3000793457031,1420.9189990234374,1410.5624593098958
2021-09-23,1400.24755859375,1426.250455995332,1378.3503378707458,1407.676940804166,342584.0,1430.1461059570313,1393.59439453125,2.089231444133729,-0.008582531793725,0.0053057633736401,0.0185702144181536,-0.0156381066966438,Information Technology,12.0,1428.6161865234376,1440.7085571289062,1443.3805582682292,1430.1461059570313,1421.8300732421876,1411.772998046875
2021-09-24,1406.5526123046875,1441.8911897361336,1395.946182334372,1441.8911897361336,239569.0,1430.2047546386718,1398.4391455078126,2.1138136577379827,0.0045028135719583,0.0251242485508895,0.0251242485508895,-0.0075407275046303,Information Technology,12.0,1418.6353271484377,1439.2079956054688,1440.1709147135416,1430.2047546386718,1422.064677734375,1413.8584391276042
2021-09-27,1390.325439453125,1419.407655535903,1378.350409301393,1406.5528033845223,253943.0,1430.612878417969,1400.6630810546876,2.0505469755623382,-0.0115368402927876,0.0116716298723413,0.0209175602039022,-0.0086131130251362,Information Technology,12.0,1405.5263427734376,1433.5088500976562,1434.9051513671875,1430.612878417969,1422.0627197265626,1414.8979085286458
2021-09-28,1372.6317138671875,1397.9014469263434,1366.8641245907409,1392.085051575081,341681.0,1430.084991455078,1399.2436743164062,1.981562481258342,-0.0127263193809481,0.0141722921825013,0.0184096963547215,-0.0042018476028047,Information Technology,12.0,1396.4253173828124,1424.212316894531,1429.0072265625,1430.084991455078,1422.635556640625,1415.1911702473958
2021-09-29,1353.0316162109375,1368.574738897321,1331.4277102701078,1366.6196321274674,255254.0,1427.953924560547,1397.089140625,1.9051454023024008,-0.0142792108460248,0.0100426447939052,0.0114876271183599,-0.0159670370462811,Information Technology,12.0,1384.5577880859375,1412.7944702148438,1423.1223388671874,1427.953924560547,1421.15162109375,1414.858797200521
2021-09-30,1348.9747314453125,1363.68695746403,1344.1358899735062,1349.023656846137,147078.0,1426.1112243652344,1394.2317504882812,1.8893283748116687,-0.002998366569575,3.626858211980277e-05,0.0109062280232297,-0.0035870512315837,Information Technology,12.0,1374.30322265625,1401.4597045898438,1418.5734456380208,1426.1112243652344,1418.977529296875,1413.9089314778646
2021-10-01,1344.8692626953125,1358.7994004335703,1330.499273602689,1349.0238651786526,143894.0,1420.61982421875,1391.967734375,1.873321927541757,-0.0030433992974807,0.0030892240596038,0.0103579865527894,-0.0106850453729784,Information Technology,12.0,1361.966552734375,1390.3009399414063,1413.460847981771,1420.61982421875,1416.5571142578126,1412.0483235677084
2021-10-04,1357.8216552734375,1365.8375453190506,1326.5399468726096,1358.7992086609634,155144.0,1415.0453125,1390.4564331054687,1.9238208599282145,0.0096309678103331,0.0007199424046075,0.0059034925643448,-0.0230381569474441,Information Technology,12.0,1355.4657958984376,1380.4960693359376,1407.4944986979167,1415.0453125,1415.5834619140626,1410.963232421875
2021-10-05,1356.502197265625,1360.7545313099151,1332.649866959944,1358.7994242246998,182203.0,1409.8153930664062,1390.3000268554688,1.918676542357434,-0.0009717461808684,0.0016934929878518,0.003134778589273,-0.0175837019311591,Information Technology,12.0,1352.239892578125,1374.332604980469,1400.2215087890625,1409.8153930664062,1414.5159716796877,1410.9029459635417
2021-10-06,1344.967041015625,1388.1260545350028,1340.22593011795,1368.574983344369,270838.0,1404.9984985351562,1390.800537109375,1.8737031467455867,-0.0085036030706415,0.0175528036069321,0.0320892722298884,-0.0035250758963542,Information Technology,12.0,1350.6269775390624,1367.5923828125,1392.07197265625,1404.9984985351562,1412.48853515625,1409.3975138346354
2021-10-07,1352.787353515625,1367.5973125389064,1337.2931547914395,1367.5973125389064,153337.0,1401.7774597167968,1389.9657055664063,1.9041930681864665,0.0058145012193716,0.0109477361573444,0.0109477361573444,-0.0114535360520033,Information Technology,12.0,1351.389501953125,1362.8463623046875,1384.769637044271,1401.7774597167968,1411.1668798828125,1407.7128580729166
2021-10-08,1373.658203125,1388.3215064005883,1353.9116691126485,1366.6198652848248,245661.0,1399.3824584960937,1390.3244677734374,1.9855645690049133,0.0154280342399238,-0.0051237912197978,0.010674637433264,-0.01437514366196,Information Technology,12.0,1357.1472900390625,1359.5569213867188,1379.2497233072916,1399.3824584960937,1407.9253173828124,1406.6554768880208
2021-10-11,1358.115234375,1387.1485279250437,1353.91170625524,1378.350545718331,185013.0,1394.9223754882812,1391.1808081054687,1.92496546939789,-0.0113150190597927,0.0148995540519381,0.021377636311844,-0.0030951188922451,Information Technology,12.0,1357.206005859375,1356.3359008789062,1372.73271484375,1394.9223754882812,1403.477451171875,1405.853885904948
2021-10-12,1352.4942626953125,1358.1151956113897,1340.3236493919069,1350.9790069597414,134381.0,1389.267236328125,1391.6099584960937,1.9030503624331645,-0.0041388032012425,-0.0011203417103976,0.0041559754234192,-0.0089986432024868,Information Technology,12.0,1356.4044189453125,1354.3221557617187,1368.35654296875,1389.267236328125,1399.1331982421875,1404.830712890625
2021-10-13,1347.8507080078125,1367.5972394297366,1344.1359572665388,1367.4505825501662,152677.0,1383.299267578125,1391.7800561523438,1.8849460197194552,-0.0034333267175907,0.0145415767680407,0.0146503847233276,-0.0027560550431912,Information Technology,12.0,1356.98115234375,1353.8040649414063,1364.0553059895833,1383.299267578125,1395.395029296875,1403.2373046875
2021-10-14,1378.643798828125,1402.789323422525,1368.5749496805122,1377.3729314998868,306369.0,1379.1153381347656,1392.675498046875,2.005002465038386,0.0228460694032102,-0.0009218242807303,0.0175139688837133,-0.0073034449914992,Information Technology,12.0,1362.15244140625,1356.7709716796876,1362.6150553385417,1379.1153381347656,1393.8524560546875,1402.9978068033854
2021-10-18,1383.629150390625,1406.6993875009623,1368.5748036840498,1405.7218340697598,194270.0,1375.4739501953125,1393.813371582031,2.024439409213673,0.0036161273613515,0.0159672002233384,0.0166737142707815,-0.0108803335795035,Information Technology,12.0,1364.146630859375,1360.6469604492188,1361.086824544271,1375.4739501953125,1392.33529296875,1400.6288696289062
2021-10-19,1362.66064453125,1393.0137282365076,1345.1136070550417,1393.0137282365076,248106.0,1370.8134643554688,1394.0362548828125,1.942687165120489,-0.0151547153031975,0.0222748663264571,0.0222748663264571,-0.0128770413577508,Information Technology,12.0,1365.055712890625,1361.130859375,1359.2425048828125,1370.8134643554688,1388.94904296875,1397.073828125
2021-10-20,1353.2274169921875,1361.7320850822025,1327.517711085162,1361.7320850822025,202701.0,1367.5679931640625,1393.2669189453125,1.9059087925682467,-0.0069226535432139,0.0062847293686365,0.0062847293686365,-0.0189988065451484,Information Technology,12.0,1365.20234375,1360.8033813476563,1357.948885091146,1367.5679931640625,1384.4542578125,1393.4780558268228
2021-10-21,1363.736083984375,1371.5075867258768,1319.6972502351628,1352.8363383848985,227845.0,1365.1363342285156,1392.3920092773435,1.9468801004335223,0.0077656326351597,-0.0079925622908144,0.0056986852755234,-0.0322927832345285,Information Technology,12.0,1368.3794189453124,1362.6802856445313,1358.6625162760415,1365.1363342285156,1380.3152978515625,1390.8924275716147
2021-10-22,1316.129150390625,1363.6871527374497,1295.5517205084077,1357.0397411066958,323298.0,1360.9304138183593,1391.4359643554687,1.7612696577159686,-0.0349091984533097,0.0310840244697327,0.0361347534417191,-0.0156348105169693,Information Technology,12.0,1355.8764892578124,1359.0144653320312,1356.472810872396,1360.9304138183593,1374.467568359375,1387.5231282552083
2021-10-25,1250.33984375,1315.7870024159242,1250.33984375,1314.8094489223015,302960.0,1353.119775390625,1389.5629736328126,1.504769576533457,-0.0499869686961183,0.0515616658099491,0.0523434960447521,0.0,Information Technology,12.0,1329.2186279296875,1346.6826293945312,1350.170849609375,1353.119775390625,1366.2228857421876,1381.815848795573
2021-10-26,1268.7177734375,1280.5950722099265,1189.682597617924,1243.4480395809362,229077.0,1347.0393920898437,1387.754501953125,1.5764216534060742,0.0146983476367362,-0.0199175375214436,0.0093616555400226,-0.0622953169525132,Information Technology,12.0,1310.4300537109375,1337.7428833007812,1344.2305908203125,1347.0393920898437,1358.7367822265626,1375.8625447591146
2021-10-27,1280.986083984375,1308.9440892082075,1272.1391773969067,1308.9440892082075,104115.0,1342.4571105957032,1386.0975463867187,1.624253479153004,0.0096698499884926,0.0218253777877679,0.0218253777877679,-0.0069063252896166,Information Technology,12.0,1295.981787109375,1330.5920654296874,1339.196183268229,1342.4571105957032,1353.250751953125,1369.708846028646
2021-10-28,1265.6383056640625,1338.270569088858,1256.1560856677738,1319.697054981708,232933.0,1338.087445068359,1384.1502563476563,1.5644153901663596,-0.0119812217417497,0.042712636837648,0.0573878517264743,-0.007492045676757,Information Technology,12.0,1276.3622314453123,1322.3708251953126,1333.9076009114583,1338.087445068359,1347.381513671875,1362.9897867838542
2021-10-29,1245.794189453125,1270.8195348895126,1202.6351790752483,1265.834035964844,177454.0,1332.92841796875,1381.5167260742187,1.4870469289526709,-0.0156791368609261,0.0160860009473282,0.0200878649525353,-0.0346437724170333,Information Technology,12.0,1262.2952392578125,1309.0858642578123,1326.7747233072917,1332.92841796875,1341.20337890625,1355.7721801757812
2021-11-01,1232.939208984375,1241.4928011180623,1209.2335393567269,1241.4928011180623,202057.0,1327.3319152832032,1378.1617602539063,1.436927787982763,-0.0103187031835435,0.0069375619425173,0.0069375619425173,-0.0192269573835481,Information Technology,12.0,1258.8151123046875,1294.0168701171874,1317.39345703125,1327.3319152832032,1334.2588427734374,1348.3215901692708
2021-11-02,1222.9683837890625,1245.403189430129,1217.0541372374496,1233.5748156571674,137152.0,1320.5892517089844,1374.8136401367187,1.3980534237030973,-0.0080870371569462,0.0086726950661173,0.0183445507982453,-0.0048359766532058,Information Technology,12.0,1249.665234375,1280.0476440429688,1308.3836669921875,1320.5892517089844,1327.564560546875,1340.558190917969
2021-11-03,1205.61669921875,1235.6275419436663,1184.7947633194017,1230.7397747682564,164917.0,1313.0449768066403,1371.7597583007812,1.330402482718865,-0.0141881710110547,0.0208383606214035,0.0248925240869373,-0.017270775954614,Information Technology,12.0,1234.591357421875,1265.286572265625,1298.5918294270834,1313.0449768066403,1320.8839599609375,1333.4741861979169
2021-11-04,1255.8140869140625,1261.043974103401,1217.0540680300269,1221.7463724099562,104886.0,1308.5873291015623,1369.073439941406,1.5261126167278916,0.0416362743879052,-0.0271279920006484,0.0041645393564504,-0.0308644562024954,Information Technology,12.0,1232.626513671875,1254.4943725585938,1292.4560546875,1308.5873291015623,1316.9952587890623,1328.2556803385417
2021-11-08,1299.0709228515625,1303.0788684985205,1255.8141787172342,1255.8141787172342,163303.0,1305.9015075683594,1366.9883178710938,1.6947628502723189,0.034445254586844,-0.033298215958353,0.0030852400561474,-0.033298215958353,Information Technology,12.0,1243.2818603515625,1252.7885498046876,1287.1511962890625,1305.9015075683594,1314.9991064453125,1324.883125813802
2021-11-09,1313.1171875,1341.014198192322,1272.4952245620575,1311.6489237793514,129786.0,1302.8744567871097,1365.1430688476562,1.7495265832649154,0.0108125464140209,-0.0011181513231457,0.0212448751397689,-0.0309355199403651,Information Technology,12.0,1259.3174560546877,1259.0662841796875,1282.4503987630208,1302.8744567871097,1313.7290234375,1321.7686116536458
2021-11-10,1295.2044677734375,1316.543284038402,1284.241478556419,1315.564441448039,74669.0,1299.728918457031,1363.4038989257813,1.6796882721673232,-0.0136413717656578,0.0157195054380887,0.01647524911773,-0.0084642923104371,Information Technology,12.0,1273.7646728515624,1261.7149536132813,1277.9533203125,1299.728918457031,1311.2243359375,1318.5979125976562
2021-11-11,1274.9425048828125,1296.9174737746107,1272.4953983475289,1296.9174737746107,88262.0,1295.8513305664062,1361.2389599609376,1.600690705666857,-0.015643833382892,0.0172360469649712,0.0172360469649712,-0.001919385796545,Information Technology,12.0,1287.629833984375,1261.110595703125,1272.734326171875,1295.8513305664062,1307.9619482421874,1315.3416056315104
2021-11-12,1278.172607421875,1287.17791078977,1259.7703202938662,1267.601060435553,124275.0,1292.3674255371093,1358.8893530273438,1.613284265407852,0.0025335280035701,-0.0082708289357297,0.0070454516984674,-0.0143973411894086,Information Technology,12.0,1292.1015380859376,1262.3640258789062,1267.0300944010417,1292.3674255371093,1305.2901708984375,1312.8463053385417
2021-11-15,1289.967529296875,1298.9239618233971,1275.431742468641,1287.0799917962288,105978.0,1287.933612060547,1356.97212890625,1.659270438130498,0.0092279570118396,-0.0022384575077019,0.0069431457173221,-0.011268335441092,Information Technology,12.0,1290.280859375,1266.7813598632813,1265.285986328125,1287.933612060547,1302.7773779296874,1310.8793986002604
2021-11-16,1280.521728515625,1298.9240155666248,1272.4952676990297,1292.0721179713223,107101.0,1282.7782409667968,1353.4886181640625,1.622443044881633,-0.0073225105025695,0.0090200651800624,0.0143709291620781,-0.0062681176256959,Information Technology,12.0,1283.761767578125,1271.5396118164062,1267.2981119791666,1282.7782409667968,1299.0519189453123,1308.734480794271
2021-11-17,1248.6114501953125,1287.1778680088405,1247.0453261165496,1281.3048130977736,232321.0,1277.07578125,1349.074609375,1.4980308964997189,-0.0249197476385681,0.0261837763039471,0.0308874452556839,-0.0012542925811851,Information Technology,12.0,1274.4431640625,1274.103918457031,1265.9576904296875,1277.07578125,1294.671767578125,1305.094140625
2021-11-18,1237.9420166015625,1267.600991060017,1228.4472924944562,1257.2252848376645,145147.0,1271.3115112304688,1344.6114379882813,1.4564327900184084,-0.0085450390448374,0.0155768751504523,0.0239582905020663,-0.0076697648030168,Information Technology,12.0,1267.04306640625,1277.3364501953124,1263.0880859375,1271.3115112304688,1290.089677734375,1301.1421346028646
2021-11-22,1215.5755615234375,1246.996382568551,1198.7883883808618,1246.996382568551,164055.0,1263.9034851074218,1340.0968505859375,1.3692302059473755,-0.018067449669029,0.0258485132801906,0.0258485132801906,-0.0138100614013142,Information Technology,12.0,1254.5236572265626,1273.31259765625,1259.7505696614585,1263.9034851074218,1284.798671875,1296.8290852864584
2021-11-23,1240.829833984375,1242.6406688796253,1187.3360625056996,1203.9763865474115,122178.0,1260.1385192871094,1336.5692846679688,1.467691844581453,0.020775567772428,-0.0297006458320112,0.0014593740782615,-0.0431112873123817,Information Technology,12.0,1244.6961181640625,1267.4884887695312,1259.4196126302083,1260.1385192871094,1279.28611328125,1293.09716796875
2021-11-24,1258.2041015625,1272.4461874318065,1241.1722191373844,1248.024116246187,80628.0,1260.5317321777345,1333.3022021484376,1.5354308324479682,0.0140021355888383,-0.0080908854959786,0.0113193764442669,-0.013536661026589,Information Technology,12.0,1240.2325927734375,1261.9971801757813,1261.1039388020831,1260.5317321777345,1274.269111328125,1289.2486979166667
2021-11-25,1249.247802734375,1262.706887778526,1240.1935091592188,1257.8126750351985,80745.0,1259.5582336425782,1329.3408203125,1.5005119148637187,-0.0071183195294011,0.0068560235063661,0.0107737512242898,-0.0072477962781587,Information Technology,12.0,1240.35986328125,1257.401513671875,1262.8559000651042,1259.5582336425782,1269.73259765625,1285.619783528646
2021-11-26,1213.4222412109375,1243.8152319533922,1203.9763863150877,1238.23587698259,172676.0,1256.1800415039063,1324.29732421875,1.3608348167394408,-0.028677706252532,0.0204493002756318,0.0250473328329006,-0.0077844748308085,Information Technology,12.0,1235.455908203125,1251.2494873046876,1263.37626953125,1256.1800415039063,1264.140390625,1280.9840494791667
2021-11-29,1176.7645263671875,1189.1958990844323,1152.782882658175,1156.062100959505,256278.0,1251.7363525390624,1318.4884130859375,1.2179133099853168,-0.0302101886703241,-0.0175926661144293,0.0105640274147471,-0.0203793054359369,Information Technology,12.0,1227.693701171875,1241.1086791992188,1258.106298828125,1251.7363525390624,1256.6615283203123,1275.2811767578123
2021-11-30,1180.0438232421875,1223.504342002258,1155.0343453424744,1174.5133382843353,136442.0,1248.4488342285156,1312.842841796875,1.2306986691509605,0.0027867060924444,-0.0046866776037665,0.0368295803122482,-0.021193685698044,Information Technology,12.0,1215.5364990234375,1230.11630859375,1250.1711588541666,1248.4488342285156,1251.218115234375,1268.6611775716146
2021-12-01,1184.741943359375,1212.7858036363814,1178.5263176579524,1181.2181344134003,100147.0,1246.0389709472656,1307.408542480469,1.2490157521694285,0.0039813098671872,-0.0029743261523963,0.0236708596620518,-0.005246396260605,Information Technology,12.0,1200.8440673828125,1220.538330078125,1241.6128092447916,1246.0389709472656,1248.59419921875,1262.0316040039063
2021-12-02,1193.6495361328125,1203.9763731446703,1184.399521548822,1203.9763731446703,86649.0,1244.5730285644531,1302.1641259765624,1.283744774045403,0.0075185932458673,0.0086514816110219,0.0086514816110219,-0.0077493554883444,Information Technology,12.0,1189.7244140625,1215.042138671875,1234.84248046875,1244.5730285644531,1245.5914697265623,1256.397900390625
2021-12-03,1253.31005859375,1253.31005859375,1189.293730206119,1194.1879430876256,158237.0,1246.957696533203,1298.867590332031,1.5163498832345603,0.0499816073771751,-0.0471727766810242,0.0,-0.0510778062847904,Information Technology,12.0,1197.7019775390625,1216.5789428710937,1233.4003173828123,1246.957696533203,1244.4844287109374,1253.0673217773438
2021-12-06,1276.6553955078125,1315.9559477776866,1262.7068891739143,1282.283740168859,399320.0,1247.9997619628907,1296.1533129882812,1.607368942705731,0.018626944509052,0.004408663983132,0.0307839941836782,-0.0109258194364577,Information Technology,12.0,1217.6801513671876,1222.686926269531,1233.299169921875,1247.9997619628907,1244.9251123046874,1250.1646321614585
2021-12-07,1265.9859619140625,1303.81824958521,1249.003067920967,1291.925288951606,132888.0,1246.3455139160155,1293.4680810546874,1.5657708362244207,-0.0083573324730328,0.0204894270694167,0.029883654960872,-0.0134147569594048,Information Technology,12.0,1234.8685791015623,1225.2025390625,1231.7003987630208,1246.3455139160155,1245.732783203125,1248.4931925455728
2021-12-08,1283.1646728515625,1292.0721158130546,1262.706840453667,1265.9859389712765,98684.0,1244.8478881835938,1291.000322265625,1.6327473856832764,0.0135694324062861,-0.0133877858732738,0.0069417769596922,-0.0159432634257552,Information Technology,12.0,1254.553125,1227.6985961914063,1231.8765950520833,1244.8478881835938,1247.7418017578125,1249.587353515625
2021-12-09,1261.5321044921875,1292.0719388890732,1258.8402879528353,1275.480608377922,101402.0,1243.1642700195312,1288.4244555664063,1.5484060873218866,-0.0168587624153501,0.0110567966015808,0.0242085273043282,-0.0021337677652173,Information Technology,12.0,1268.129638671875,1228.9270263671874,1232.7379720052083,1243.1642700195312,1249.2843505859375,1249.347831217448
2021-12-10,1261.8748779296875,1299.9028865180271,1257.8126575117958,1265.6433977920249,67807.0,1242.510888671875,1286.2093188476565,1.5497424962162107,0.0002717120208668,0.0029864449544476,0.0301361167049547,-0.0032191943028111,Information Technology,12.0,1269.8426025390625,1233.7722900390625,1234.33349609375,1242.510888671875,1251.534677734375,1248.710791015625
2021-12-13,1259.8193359375,1282.283724382592,1257.812660940176,1263.8325664445333,83995.0,1241.5932250976562,1284.3450732421877,1.541728326212106,-0.0016289586456939,0.0031855603359562,0.0178314364641618,-0.0015928275904978,Information Technology,12.0,1266.475390625,1242.0777709960937,1237.2830810546875,1241.5932250976562,1251.6948876953124,1248.516825358073
2021-12-14,1244.010986328125,1272.4952798487554,1233.3415789303322,1267.405346524405,67575.0,1239.2953979492188,1282.2457983398438,1.480094556755987,-0.0125481084139823,0.0188055897041006,0.0228971398433592,-0.0085766183056671,Information Technology,12.0,1262.0803955078125,1248.4744873046875,1237.4951578776042,1239.2953979492188,1249.492490234375,1248.4573852539063
2021-12-15,1252.1353759765625,1262.706923597074,1229.4262759983917,1260.7492384442105,80674.0,1237.8760803222656,1280.3911206054688,1.5117700175685769,0.0065308021695353,0.0068793379956457,0.0084428152285584,-0.018136297730954,Information Technology,12.0,1255.8745361328124,1255.2138305664062,1237.090576171875,1237.8760803222656,1247.0532177734376,1249.097257486979
2021-12-16,1239.8017578125,1267.5519159073058,1234.3202642794367,1263.0003943452034,75063.0,1237.435595703125,1278.03072265625,1.463683569756667,-0.009850067652983,0.0187115693186585,0.0223827381433689,-0.0044212661407536,Information Technology,12.0,1251.528466796875,1259.829052734375,1236.46083984375,1237.435595703125,1244.837109375,1249.6583699544271
2021-12-17,1230.20947265625,1267.552223627618,1225.5109802086422,1262.2665689835926,100987.0,1237.0489685058594,1275.5048681640626,1.4262850615956977,-0.0077369507631402,0.0260582421448318,0.0303547906282481,-0.0038192621273374,Information Technology,12.0,1245.1953857421877,1257.518994140625,1237.579988606771,1237.0489685058594,1243.0477880859376,1250.4781290690105
2021-12-20,1176.9112548828125,1222.5742813628626,1168.7379439129363,1214.743541370146,289096.0,1235.115753173828,1272.143752441406,1.218485376755608,-0.0433245060764788,0.0321454029183367,0.0387990396817106,-0.0069447130664833,Information Technology,12.0,1228.61376953125,1247.544580078125,1237.5897705078123,1235.115753173828,1238.997333984375,1247.8480346679687
2021-12-21,1191.8385009765625,1218.6098171376054,1176.5685831953408,1182.4416376871643,81283.0,1232.6661865234375,1268.924775390625,1.2766838900154192,0.0126834083978883,-0.0078843427878009,0.0224622011615727,-0.0128120695620337,Information Technology,12.0,1218.1792724609377,1240.129833984375,1238.376082356771,1232.6661865234375,1235.0721728515623,1244.2736206054688
2021-12-22,1192.327880859375,1213.66669256846,1184.39928146773,1200.0607595697825,73974.0,1229.3723754882812,1265.2981689453125,1.2785918897509414,0.0004106092246655,0.0064855303935642,0.0178967648510448,-0.0066496804435458,Information Technology,12.0,1206.2177734375,1231.0461547851562,1238.8818115234376,1229.3723754882812,1231.5444189453126,1240.2473103841146
2021-12-23,1236.4249267578125,1251.939556472558,1199.082061515937,1204.5635556139166,102060.0,1228.7312316894531,1262.864362792969,1.4505179432453803,0.0369839929153165,-0.0257689492134743,0.0125479755211894,-0.0302022908417067,Information Technology,12.0,1205.5424072265623,1228.5354370117188,1241.733504231771,1228.7312316894531,1231.0569580078125,1238.2879923502603
2021-12-24,1232.5096435546875,1298.238945901942,1231.3839507038178,1272.4953385651536,137063.0,1229.6856018066403,1260.4646704101565,1.435252993503017,-0.0031666161999756,0.0324425007297655,0.0533296454847074,-0.000913333909196,Information Technology,12.0,1206.00244140625,1225.5989135742188,1240.3468098958333,1229.6856018066403,1230.8396630859374,1236.8735636393228
2021-12-27,1294.1275634765625,1294.1275634765625,1228.4472597794977,1270.48849469962,610967.0,1235.553753662109,1259.3902075195313,1.6754896257051692,0.0499938643434565,-0.0182664131760228,0.0,-0.0507525730466789,Information Technology,12.0,1229.445703125,1229.029736328125,1241.51162109375,1235.553753662109,1233.9817431640624,1237.4053955078125
2021-12-28,1281.304931640625,1326.3316901245582,1262.706922701609,1311.6490514884931,545830.0,1240.6168090820313,1257.4434301757813,1.6254966059450178,-0.0099083214034098,0.0236822001527883,0.0351413292589761,-0.014514896867838,Information Technology,12.0,1247.3389892578125,1232.759130859375,1242.5328857421875,1240.6168090820313,1235.6007470703123,1237.1166422526042
2021-12-29,1265.594482421875,1296.966435312598,1252.918518641604,1291.876501625665,187952.0,1244.6594360351562,1255.0827368164062,1.5642445316218216,-0.0122612883403436,0.0207665406011379,0.0247883135763113,-0.010015817828167,Information Technology,12.0,1261.9923095703125,1234.1050415039062,1241.3615397135416,1244.6594360351562,1235.8963623046875,1236.6190673828123
2021-12-30,1268.7266845703125,1281.0600757285158,1262.7067795146402,1271.8589326624383,201395.0,1248.4132934570312,1253.2040576171876,1.576456396229894,0.002474886064961,0.0024688123377705,0.0097210780763079,-0.004744839947708,Information Technology,12.0,1268.4526611328124,1236.9975341796876,1241.8411783854167,1248.4132934570312,1236.675517578125,1237.2895751953124
2021-12-31,1269.1671142578125,1282.2836271660397,1260.2106818193988,1276.4105723851264,197918.0,1249.2061462402344,1251.5228515625,1.5781735483989543,0.0003471430788492,0.0057072532418631,0.0103347406034055,-0.0070569370556463,Information Technology,12.0,1275.7841552734376,1240.8932983398438,1242.3273274739583,1249.2061462402344,1238.9053125,1238.330411783854
2022-01-03,1309.250732421875,1311.6488485663776,1276.41052129146,1280.325890988673,391262.0,1250.8359130859376,1250.43314453125,1.73445200515992,0.031582616437003,-0.0220926677502759,0.0018316706533869,-0.0250832100507337,Information Technology,12.0,1278.8087890625,1254.12724609375,1245.62275390625,1250.8359130859376,1244.2047607421875,1241.4529174804688
2022-01-04,1312.0404052734375,1331.2256928314291,1295.9873656682444,1320.4584261982338,286548.0,1253.1386352539062,1250.3513696289062,1.745328412731855,0.0021307399587259,0.0064159768944325,0.0146224822656992,-0.012235171676628,Information Technology,12.0,1284.9558837890625,1266.1474365234376,1250.158048502604,1253.1386352539062,1249.4846240234374,1243.8266031901042
2022-01-05,1293.0018310546875,1315.5152064387246,1283.2134069746714,1313.606511538161,216218.0,1253.6304931640625,1251.204609375,1.671100607605647,-0.0145106615179143,0.0159355385186628,0.0174117119120189,-0.0075703095269646,Information Technology,12.0,1290.437353515625,1276.2148315429688,1252.882478841146,1253.6304931640625,1253.81501953125,1244.9865275065104
2022-01-06,1271.173828125,1289.331284687484,1269.7055643846995,1286.1990365032198,191595.0,1254.1125793457031,1251.25373046875,1.5859973467656912,-0.0168816488928578,0.0118199478669114,0.0142840075532915,-0.0011550456025878,Information Technology,12.0,1290.9267822265624,1279.6897216796874,1254.9739501953125,1254.1125793457031,1256.9159912109376,1245.7173950195313
2022-01-07,1271.173828125,1292.0720914644216,1263.685659151946,1278.3682965549506,192042.0,1254.5775268554687,1251.0574853515625,1.5859973467656912,0.0,0.0056597046531099,0.0164401302772625,-0.005890751372768,Information Technology,12.0,1291.328125,1283.5561401367188,1257.7049072265625,1254.5775268554687,1257.6305419921875,1247.6424479166667
2022-01-10,1294.372314453125,1311.648907921402,1280.472799194075,1291.0932160808427,273106.0,1256.30517578125,1251.6321655273437,1.676443863537477,0.0182496569822737,-0.00253335020818,0.0133474683252758,-0.0107384213211657,Information Technology,12.0,1288.35244140625,1283.580615234375,1265.53564453125,1256.30517578125,1258.33921875,1251.5627075195312
2022-01-11,1314.97705078125,1324.0802144244126,1287.5204706026352,1290.1144271495857,310553.0,1259.8534790039062,1253.015822753906,1.7567778389322677,0.0159187090901511,-0.0189072680902628,0.0069226787172858,-0.020879893046272,Information Technology,12.0,1288.9397705078125,1286.9478271484377,1273.7448811848958,1259.8534790039062,1260.2988623046874,1256.0604817708331
2022-01-12,1311.2086181640625,1330.2470584386483,1298.8751061381124,1326.3316881415517,207689.0,1262.8071411132812,1254.5812109375,1.7420854318892889,-0.0028657782392085,0.0115336871402387,0.0145197644454497,-0.0094062164136926,Information Technology,12.0,1292.5811279296877,1291.5092407226562,1281.670263671875,1262.8071411132812,1261.4206201171876,1260.2760375976563
2022-01-13,1308.6634521484375,1331.2258199058572,1304.7970720106673,1321.4373947594906,221971.0,1266.250225830078,1256.2951123046876,1.732162310291475,-0.0019410839590031,0.0097610601030251,0.0172407716593436,-0.0029544495427168,Information Technology,12.0,1300.079052734375,1295.5029174804688,1286.4861653645833,1266.250225830078,1263.3058740234376,1264.1098347981772
2022-01-14,1297.6026611328125,1311.6490279449986,1292.5615980607245,1309.6913428286628,157826.0,1269.6198852539062,1258.1348315429686,1.689038375136659,-0.0084519751793071,0.0093161659250118,0.0108248597455276,-0.0038849050045004,Information Technology,12.0,1305.3648193359377,1298.3464721679688,1290.8256998697916,1269.6198852539062,1264.7349853515625,1265.5862548828125
2022-01-17,1309.54443359375,1321.4373940376108,1297.602602716751,1297.602602716751,245284.0,1276.2515441894532,1259.2094384765626,1.7355970905586893,0.0092029500390452,-0.0091190726871536,0.0090817540350449,-0.0091190726871536,Information Technology,12.0,1308.3992431640625,1298.3758422851563,1291.8534912109376,1276.2515441894532,1266.7239892578125,1266.6825561523438
2022-01-18,1278.7598876953125,1316.5431849418462,1272.4952716910036,1311.648972358419,174556.0,1280.597613525391,1258.8032177734376,1.6155739602762973,-0.0235078284544772,0.025719515430205,0.0295468270549446,-0.0048989775677117,Information Technology,12.0,1301.155810546875,1295.0477905273438,1291.6838216145834,1280.597613525391,1268.1139453125,1267.1083536783854
2022-01-19,1245.723876953125,1252.9183451154468,1229.426126144532,1233.3414959730178,252941.0,1283.2674133300782,1257.4553515625,1.4867727937948607,-0.0258344127463426,-0.0099399082005178,0.0057753313518549,-0.0130829561109924,Information Technology,12.0,1288.0588623046874,1290.3199951171875,1290.3591145833334,1283.2674133300782,1267.8574853515624,1265.8603271484376
2022-01-20,1240.2425537109375,1245.087776745204,1223.553239726026,1245.087776745204,135464.0,1283.4582946777343,1256.35611328125,1.465402149713008,-0.0044001109263427,0.0039066737548789,0.0039066737548789,-0.0134564919861644,Information Technology,12.0,1274.3746826171875,1287.2268676757812,1288.4601725260416,1283.4582946777343,1267.8751171875,1265.1506754557292
2022-01-21,1217.8758544921875,1238.2358273536015,1211.8070784693743,1232.5584927612026,130496.0,1282.726605224609,1255.2147802734376,1.378198613783788,-0.0180341330426265,0.0120559400326869,0.0167176094232555,-0.0049830826355807,Information Technology,12.0,1258.4293212890625,1281.8970703125,1285.0407552083334,1282.726605224609,1267.3817724609376,1263.6840413411458
2022-01-24,1160.8094482421875,1213.7648083205856,1156.9919382539777,1204.955225034388,222173.0,1276.0606994628906,1252.8675170898437,1.1557074737589064,-0.0468573262533353,0.0380301666729627,0.0456193392968917,-0.0032886620573175,Information Technology,12.0,1228.68232421875,1268.5407836914062,1275.144669596354,1276.0606994628906,1266.7377001953123,1260.383711751302
2022-01-25,1158.4600830078125,1164.8225591713535,1102.8129115365175,1147.2033944107784,199819.0,1269.91845703125,1250.2373681640624,1.1465477424269386,-0.0020239025775786,-0.0097169412758766,0.0054921841994084,-0.0480354673307457,Information Technology,12.0,1204.62236328125,1252.8890869140623,1264.9059814453126,1269.91845703125,1265.4025634765626,1257.5320149739584
2022-01-27,1100.5615234375,1164.8225564358747,1100.5615234375,1158.460080287275,220206.0,1261.6668090820312,1246.6381640625,0.9208121937722104,-0.0499788990743516,0.0526081964676856,0.0583893145724934,0.0,Information Technology,12.0,1175.589892578125,1231.8243774414063,1252.0766276041666,1261.6668090820312,1261.7319091796876,1252.4795532226562
2022-01-28,1116.4188232421875,1155.0341107602746,1048.9765533858672,1076.7267134205952,163845.0,1254.051416015625,1243.9943115234375,0.9826368107947911,0.0144083719692096,-0.0355530639534745,0.0345885313953635,-0.0604094703997031,Information Technology,12.0,1150.825146484375,1212.5999145507812,1241.759627278646,1254.051416015625,1256.9316650390624,1248.366788736979
2022-01-31,1126.5498046875,1164.8225207577332,1108.049658401474,1161.8859933944784,284933.0,1246.9205505371094,1241.7664672851563,1.0221355940450243,0.0090745347842587,0.0313667345730714,0.0339733901785637,-0.0164219515276182,Information Technology,12.0,1132.5599365234375,1195.49462890625,1232.118025716146,1246.9205505371094,1252.693271484375,1244.911466471354
2022-02-01,1129.486572265625,1150.1401285488485,1115.8806353580317,1145.2459152358747,206691.0,1237.9323425292969,1240.0446875,1.0335854961745303,0.0026068688360739,0.0139526607550881,0.018285791783956,-0.0120461254181192,Information Technology,12.0,1126.295361328125,1177.4888427734377,1221.125642903646,1237.9323425292969,1246.1076318359376,1243.330643717448
2022-02-02,1161.9349365234375,1179.5051100776875,1129.535156996784,1140.3514134775985,259516.0,1230.427069091797,1238.4667895507812,1.1600955400002415,0.0287284196683495,-0.0185755005443057,0.0151214779777781,-0.0278843319950384,Information Technology,12.0,1126.99033203125,1165.80634765625,1210.9228352864584,1230.427069091797,1241.33283203125,1242.333858235677
2022-02-03,1134.8699951171875,1169.5210428038897,1125.6688519084146,1169.5210428038897,187294.0,1222.520477294922,1236.000107421875,1.0545744451234604,-0.0232929921938912,0.0305330547426483,0.0305330547426483,-0.0081076627705033,Information Technology,12.0,1133.8520263671876,1154.7209594726562,1199.1669270833331,1222.520477294922,1236.1038525390625,1240.418595377604
2022-02-04,1126.30517578125,1135.5063194177958,1122.7323766659151,1128.4097111084427,142312.0,1215.2770446777345,1233.5412548828126,1.02118183214181,-0.0075469607732937,0.0018685302815313,0.0081693166598151,-0.0031721412563487,Information Technology,12.0,1135.829296875,1143.3272216796877,1187.0097086588542,1215.2770446777345,1230.4069921875,1236.7479370117187
2022-02-07,1099.8272705078125,1130.367224351888,1076.7266143163622,1126.3050045912664,261888.0,1206.709716796875,1231.26935546875,0.9179494802752872,-0.0235086421005491,0.0240744476823424,0.0277679547170845,-0.021003894712289,Information Technology,12.0,1130.4847900390623,1131.52236328125,1173.8246826171876,1206.709716796875,1223.6333984375,1232.3251912434896
2022-02-08,1068.0150146484375,1106.0920113252075,1057.1498869302868,1099.1422535586505,406480.0,1195.3918518066407,1229.094365234375,0.7939195029553894,-0.0289247745645428,0.0291449450459824,0.035652117390226,-0.010173197538545,Information Technology,12.0,1118.190478515625,1122.242919921875,1157.7227213541669,1195.3918518066407,1213.9839697265625,1224.788106282552
2022-02-09,1073.30078125,1091.8497984843116,1067.9171476003191,1076.7267299361604,138479.0,1183.308038330078,1226.9595043945312,0.814527708629583,0.004949150085968,0.0031919744642041,0.017282217211012,-0.005015959872321,Information Technology,12.0,1100.4636474609374,1113.7269897460938,1144.0254475911458,1183.308038330078,1204.434384765625,1217.8546346028645
2022-02-10,1059.4014892578125,1081.0827592118253,1040.5097775800732,1076.7269570442902,280410.0,1170.7176818847656,1224.4526953125,0.7603369942654643,-0.0129500436736847,0.0163540149434899,0.0204655837978877,-0.0178324382864274,Information Technology,12.0,1085.3699462890625,1109.610986328125,1131.603955078125,1170.7176818847656,1195.09037109375,1210.981534830729
2022-02-11,1047.7528076171875,1056.1218374762095,1028.861103688195,1047.361246804977,174552.0,1157.6721496582031,1221.5347607421877,0.7149209845967361,-0.0109955307395175,-0.0003737148775584,0.007987599554188,-0.018030687955832,Information Technology,12.0,1069.65947265625,1102.744384765625,1118.7713053385417,1157.6721496582031,1186.1535302734376,1203.6157389322916
2022-02-14,995.3850708007812,1015.7449253306362,995.3850708007812,1008.2078850529592,319495.0,1142.5612701416017,1216.376260986328,0.5107490692712428,-0.0499810035684863,0.0128822649930466,0.0204542494428567,0.0,Information Technology,12.0,1048.7710327148438,1089.627911376953,1103.9385864257813,1142.5612701416017,1175.1219799804687,1194.4896708170572
2022-02-15,996.461669921875,1005.809663638092,964.159867262325,983.736717359022,349873.0,1126.9071319580078,1210.7723864746094,0.5149465259106634,0.0010815905850663,-0.012770137524558,0.0093811874539537,-0.0324165029469548,Information Technology,12.0,1034.460363769531,1076.325421142578,1092.9820678710937,1126.9071319580078,1163.2055541992188,1184.063368733724
2022-02-16,1046.2847900390625,1046.2847900390625,1015.0106999367076,1026.8058000584483,229141.0,1115.2833770751954,1206.3783630371097,0.7091974613192633,0.0500000367511313,-0.0186172925058832,0.0,-0.0298906095167333,Information Technology,12.0,1029.0571655273438,1064.7604064941406,1085.5037150065104,1115.2833770751954,1152.4578637695313,1175.2048482259115
2022-02-17,1032.1895751953125,1081.5232686896554,1029.7424685684862,1067.1831999589278,242087.0,1104.6066619873047,1201.3588610839845,0.654242880760205,-0.0134716809208549,0.0339023233760076,0.0477951867369015,-0.002370791844476,Information Technology,12.0,1023.6147827148436,1054.492364501953,1080.9455851236978,1104.6066619873047,1141.2971020507812,1166.5111063639322
2022-02-18,1019.8070678710938,1027.686798047228,1013.1020204257024,1016.919530197293,123646.0,1093.5848876953123,1196.5243603515626,0.6059658233463805,-0.0119963499165119,-0.0028314548553076,0.0077266871591541,-0.0065748195483568,Information Technology,12.0,1018.025634765625,1043.8425537109374,1074.5048014322915,1093.5848876953123,1129.7428466796875,1158.1322143554687
2022-02-21,979.478759765625,1015.6959318309024,975.0739685684968,1013.1019753395163,212472.0,1081.6650329589845,1190.8764379882812,0.4487333667176537,-0.0395450368760989,0.0343276617677108,0.0369759647201983,-0.0044970767902943,Information Technology,12.0,1014.8443725585936,1031.807702636719,1064.7000651041667,1081.6650329589845,1117.017890625,1148.4090454101563
2022-02-22,961.56591796875,973.9482996456871,936.3607232794268,939.688811718452,388122.0,1071.7028564453126,1184.9113696289062,0.3788945796909681,-0.0182881370507322,-0.0227515408371711,0.0128773092364735,-0.0262126539827529,Information Technology,12.0,1007.8652221679688,1021.16279296875,1053.5053548177084,1071.7028564453126,1103.09875,1137.315498860677
2022-02-23,973.1652221679688,1008.2077716010702,969.0540717330676,973.9482842165678,258977.0,1062.4381134033204,1179.4944543457032,0.4241180760414077,0.0120629319139363,0.0008046547808753,0.0360088386173886,-0.0042245143386264,Information Technology,12.0,993.24130859375,1011.1492370605469,1040.9207071940104,1062.4381134033204,1090.8749633789062,1125.9217712402344
2022-02-24,924.5167846679688,954.2246320406128,924.5167846679688,934.9904118586014,385996.0,1053.6358764648437,1172.9420825195311,0.2344470062987916,-0.0499899055081555,0.0113287582922512,0.0321333780687531,0.0,Information Technology,12.0,971.7067504882812,997.6607666015624,1026.8971598307292,1053.6358764648437,1078.0266796875,1113.0320434570312
2022-02-25,953.930908203125,969.0540361709164,925.0550556101532,929.9003377397684,371723.0,1045.5114807128907,1167.224665527344,0.3491271186139003,0.0318156728173626,-0.0251911016371425,0.0158534835570829,-0.0302703815807413,Information Technology,12.0,958.5315185546876,988.2785766601562,1015.4055419921876,1045.5114807128907,1066.5742138671876,1101.207625325521
2022-02-28,957.2101440429688,967.439000793909,930.8792558117588,959.265689480046,301530.0,1037.044497680664,1161.764678955078,0.3619122398149973,0.0034376030922624,0.002147433820953,0.0106861140310701,-0.027507949424769,Information Technology,12.0,954.0777954101562,984.461083984375,1005.897733561198,1037.044497680664,1056.1475854492187,1089.8612080891928
2022-03-02,965.33447265625,985.7922447888628,944.5829999824854,957.2100919626744,226162.0,1028.8368927001952,1157.5331433105468,0.3935874626630404,0.0084875078516892,-0.00841613028821,0.0211924184954468,-0.021496665934517,Information Technology,12.0,954.8315063476564,981.3483642578124,999.052364095052,1028.8368927001952,1048.3285864257812,1078.3875427246094
2022-03-03,966.2153930664062,1000.132309069895,964.1598477453844,993.5251222960052,203092.0,1019.0509155273436,1153.0206811523435,0.3970220049657083,0.0009125545964729,0.0282646389465273,0.0351028520626741,-0.0021274193474587,Information Technology,12.0,953.4415405273436,973.3414245605468,991.9133382161458,1019.0509155273436,1040.638798828125,1067.969392903646
2022-03-04,955.9865112304688,966.1175067809548,943.2125693488092,966.0196464326012,201474.0,1010.1067413330078,1148.2938537597656,0.3571415265825519,-0.0105865440659922,0.010495059380303,0.0105974252057661,-0.0133620524260513,Information Technology,12.0,959.7354858398436,965.7211181640624,985.0190063476564,1010.1067413330078,1034.8557983398437,1058.311480712891
2022-03-07,927.8448486328124,944.5830318277824,898.528503209189,925.9850239472354,331931.0,1000.183724975586,1142.1222521972657,0.2474224991372567,-0.0294373009106944,-0.0020044565514564,0.0180398514036412,-0.0315961719966666,Information Technology,12.0,954.5182739257812,956.5248962402344,977.0251424153646,1000.183724975586,1027.312839355469,1047.8982238769531
2022-03-08,936.6054077148438,947.274814697044,920.111935742931,930.879203076093,192069.0,992.0226318359375,1136.2041674804686,0.2815782644202066,0.0094418362023995,-0.006113785583111,0.0113915709799623,-0.0176098406394578,Information Technology,12.0,950.3973266601564,952.2375610351562,973.1064982096354,992.0226318359375,1019.7150634765624,1038.5225423177085
2022-03-09,964.9429321289062,971.0117676253255,948.4983899485288,953.3436723103396,320493.0,986.869027709961,1129.6204748535156,0.3920609200958947,0.0302555635282965,-0.0120206692358229,0.0062893206368483,-0.0170419841763043,Information Technology,12.0,950.3190185546875,952.575262451172,971.0052490234376,986.869027709961,1013.1333178710936,1031.9936584472655
2022-03-10,993.9166870117188,1027.686752874866,989.6097561635348,1008.2077634504856,272675.0,982.8998229980468,1123.8727099609375,0.5050241182064896,0.0300263921503514,0.0143785456321634,0.0339767571109801,-0.0043332916173619,Information Technology,12.0,955.85927734375,954.6504089355468,967.514042154948,982.8998229980468,1006.412587890625,1026.508878580729
2022-03-11,995.8743896484376,1008.1587914079784,985.058132160502,993.5251437361698,191749.0,979.7234680175782,1118.4783081054688,0.5126568310422182,0.001969684846126,-0.0023589781368884,0.0123352923694297,-0.0108610660143132,Information Technology,12.0,963.8368530273438,961.7861694335936,965.0930297851562,979.7234680175782,1000.852763671875,1023.0193074544272
2022-03-14,1095.422607421875,1095.422607421875,1003.3135529464583,1008.2077653998558,708003.0,982.1069580078124,1115.0122265625,0.9007765307974016,0.0999606163269043,-0.0796175297379365,0.0,-0.0840854058071699,Information Technology,12.0,997.3524047851564,975.9353393554688,970.1340657552084,982.1069580078124,999.6174609375,1022.31943359375
2022-03-15,1113.0908203125,1198.5437025196163,1101.197859532031,1132.2271203122432,1759335.0,987.9922454833984,1111.8907006835936,0.9696615559208728,0.0161291293158609,0.01719203828702,0.0767708084980214,-0.0106846274925975,Information Technology,12.0,1032.6494873046877,991.523406982422,979.0415364583332,987.9922454833984,1000.1480029296876,1021.87080078125
2022-03-16,1118.76806640625,1172.506547340084,1106.1899632925424,1144.2669631228982,642323.0,994.1075653076172,1108.0810473632812,0.9917960661976654,0.0051004338461403,0.0227919418531106,0.0480336206828417,-0.0112428156392695,Information Technology,12.0,1063.4145141601562,1006.866766357422,989.5216796875,994.1075653076172,1002.178125,1021.5135172526042
2022-03-17,1134.380615234375,1156.0130109317654,1119.0617059676044,1145.2457432600895,549233.0,998.5123565673828,1104.5278515625,1.0526664453879384,0.0139551255500849,0.0095780268807481,0.0190697861078319,-0.0135042057851151,Information Technology,12.0,1091.5072998046876,1023.6832885742188,1000.2693725585938,998.5123565673828,1004.621318359375,1020.595039876302
2022-03-21,1123.4666748046875,1152.3425335777115,1118.8171721208955,1149.1612948993277,266620.0,1003.0762115478516,1101.1371484375,1.0101150529325071,-0.009621056886125,0.022870834240906,0.0257024613373992,-0.0041385319102591,Information Technology,12.0,1117.0257568359375,1040.4313049316406,1013.5326985677084,1003.0762115478516,1007.18392578125,1020.2149291992188
2022-03-22,1112.5523681640625,1128.5564192359288,1094.5906320806505,1123.7111966273967,307241.0,1007.7134765625,1097.9647192382813,0.9675622326897956,-0.0097148468088939,0.0100299354732833,0.0143849867474339,-0.0161446207813594,Information Technology,12.0,1120.451708984375,1058.9020568847657,1024.1074625651042,1007.7134765625,1009.775908203125,1019.7565022786458
2022-03-23,1118.71923828125,1147.3503845064,1115.048578508795,1123.4176110974188,277553.0,1014.6755004882812,1094.9156274414063,0.9916056945602972,0.005542993115339,0.0041997783316813,0.0255927897236643,-0.0032811268876492,Information Technology,12.0,1121.577392578125,1077.1134399414063,1034.874735514323,1014.6755004882812,1014.7092749023436,1020.3862345377604
2022-03-24,1109.07763671875,1131.5420262087282,1105.9942586840657,1113.9228597106685,178276.0,1022.0510864257812,1091.2097338867188,0.954014911045586,-0.0086184283174685,0.0043686959609547,0.0202550197986499,-0.0027801282188024,Information Technology,12.0,1119.639306640625,1091.5269104003903,1044.4576131184897,1022.0510864257812,1019.2139135742189,1021.7549886067708
2022-03-25,1093.122314453125,1120.187332301511,1087.5918306705266,1114.8036987850644,259506.0,1028.0489410400392,1086.7726391601564,0.8918081229609889,-0.014386118462211,0.0198343625825498,0.0247593681791471,-0.005059345792758,Information Technology,12.0,1111.387646484375,1101.4474731445312,1052.918074544271,1028.0489410400392,1021.0874145507812,1022.4157063802083
2022-03-28,1055.3389892578125,1100.218890752649,1052.2556117073825,1097.184503118734,335689.0,1034.5900512695312,1081.6552465820312,0.7444980740364358,-0.0345645905272869,0.0396512535657858,0.0425265265015928,-0.0029216939597755,Information Technology,12.0,1097.762109375,1107.3939331054687,1059.541573079427,1034.5900512695312,1022.0133911132812,1022.2802897135416
2022-03-29,1037.7689208984375,1069.5813067525578,1031.700144315164,1062.0442662067862,311209.0,1038.7819519042969,1076.2373559570312,0.6759956959040744,-0.0166487437100485,0.0233918599984017,0.0306545948847447,-0.0058479074301238,Information Technology,12.0,1082.805419921875,1101.628564453125,1066.8698445638022,1038.7819519042969,1022.731865234375,1021.9474934895832
2022-03-30,1052.50048828125,1106.0921197468613,1037.768859599308,1055.975427248954,655141.0,1043.546469116211,1071.3353125,0.7334312948271329,0.0141954216262892,0.003301603188212,0.0509183910718438,-0.0139967903539874,Information Technology,12.0,1069.561669921875,1095.56953125,1074.5961832682292,1043.546469116211,1025.652734375,1023.8513407389324
2022-03-31,1034.2939453125,1064.9806336057316,1031.8468390771927,1057.9330154430902,370686.0,1046.9944427490234,1065.830302734375,0.662447422401678,-0.0172983700924277,0.0228552726598896,0.0296692138944696,-0.0023659678628089,Information Technology,12.0,1054.604931640625,1087.122119140625,1079.2195841471355,1046.9944427490234,1028.56185546875,1025.1124165852864
2022-04-01,1061.4569091796875,1069.8749314029924,1035.7622916597163,1037.4752661610478,405065.0,1051.7565185546875,1061.4842431640625,0.7683506883404757,0.0262623251255527,-0.0225931385544168,0.0079306302031709,-0.0242069341654466,Information Technology,12.0,1048.2718505859375,1079.8297485351563,1083.722265625,1051.7565185546875,1032.0935229492188,1025.618153889974
2022-04-04,1087.1025390625,1100.2190534549493,1076.775821596753,1078.6845168214895,339117.0,1058.312319946289,1058.31181640625,0.8683381556480588,0.024160782845751,-0.0077435402259937,0.0120655724010734,-0.0094993039705827,Information Technology,12.0,1054.624560546875,1076.1933349609376,1089.8041422526042,1058.312319946289,1038.596953125,1027.4485860188802
2022-04-05,1112.748291015625,1133.4997058844374,1093.4161500905666,1104.3301492505673,504182.0,1067.5574920654296,1055.7619311523438,0.9683260988847352,0.0235909226881591,-0.0075651805830897,0.018648795092619,-0.0173733278955778,Information Technology,12.0,1069.6204345703125,1076.2129272460938,1090.9591878255208,1067.5574920654296,1044.9496484375,1030.5466267903646
2022-04-06,1103.3511962890625,1120.1383687281404,1096.3525681431645,1104.1343180685512,304020.0,1075.8947814941407,1053.4714379882812,0.9316886013441452,-0.0084449419535711,0.0007097665567614,0.0152147135885098,-0.0063430648096788,Information Technology,12.0,1079.790576171875,1074.676123046875,1090.3098795572917,1075.8947814941407,1050.7952905273437,1034.6757080078123
2022-04-07,1121.166259765625,1154.446905845174,1112.9929485230232,1115.5867856420737,664341.0,1083.7059478759766,1052.67857421875,1.0011461691670012,0.016146321802596,-0.00497649128749,0.0296839525714109,-0.0072900082136885,Information Technology,12.0,1097.1650390625,1075.8849853515626,1090.4697591145834,1083.7059478759766,1057.0285620117188,1039.9957194010417
2022-04-08,1118.6702880859375,1144.9521890926042,1113.9229251758156,1133.4997779908565,287706.0,1089.9436279296874,1051.8827783203126,0.9914148469938356,-0.0022262279639143,0.0132563544977066,0.0234938759763034,-0.0042437552518219,Information Technology,12.0,1108.60771484375,1078.4397827148437,1089.4224039713542,1089.9436279296874,1063.1267578125,1044.845888264974
2022-04-11,1100.218994140625,1125.668899699038,1096.303624054715,1118.6701517729518,253085.0,1095.1608581542969,1051.875927734375,0.919476736736073,-0.0164939519193657,0.0167704409127555,0.0231316725978647,-0.0035587188612099,Information Technology,12.0,1111.231005859375,1082.927783203125,1087.87255859375,1095.1608581542969,1068.8960571289062,1050.7026285807292
2022-04-12,1073.154052734375,1092.779894515349,1066.9384261675289,1092.779894515349,296009.0,1094.047430419922,1051.0106323242187,0.8139556418592917,-0.0245995947628501,0.0182880004328993,0.0182880004328993,-0.0057919238631293,Information Technology,12.0,1103.312158203125,1086.4662963867188,1085.246004231771,1094.047430419922,1074.7084252929687,1054.6767333984376
2022-04-13,1066.79150390625,1089.4517322985723,1062.631423167464,1085.34064148117,201946.0,1091.732464599609,1049.8154663085938,0.7891492656520375,-0.0059288308252793,0.0173877814990079,0.021241478123277,-0.0038996193010097,Information Technology,12.0,1096.0002197265626,1087.8953979492187,1081.7841552734376,1091.732464599609,1079.915869140625,1058.3294453938802
2022-04-18,1035.6153564453125,1048.3403088401983,1025.8269315261698,1042.4672538887123,331068.0,1087.5748291015625,1047.9380419921874,0.667599354837953,-0.0292242179908448,0.0066162570888468,0.0122873345935727,-0.0094517958412096,Information Technology,12.0,1078.8900390625,1088.0275390625,1076.886669921875,1087.5748291015625,1082.7427661132813,1060.6721415201823
2022-04-19,984.4219360351562,1060.0864510147817,978.842521712633,1046.3826557108046,382187.0,1080.0768951416017,1044.387781982422,0.4680058773911631,-0.0494328517741129,0.0629412220589074,0.0768618741719333,-0.0056677062124345,Information Technology,12.0,1052.0403686523437,1080.324041748047,1069.6399780273437,1080.0768951416017,1082.3629760742188,1061.2790262858073
2022-04-20,994.1124877929688,1025.337589598061,988.8757039536432,1010.9975220846792,357050.0,1073.6091857910155,1041.5726318359375,0.5057875084723359,0.0098439006721467,0.0169850338860513,0.031410028732679,-0.0052677980647359,Information Technology,12.0,1030.8190673828126,1071.0250366210937,1065.558211263021,1073.6091857910155,1082.2925,1062.549892171224
2022-04-21,1006.2010498046876,1016.0874541507968,995.531702934069,1003.2156520214202,169684.0,1068.2916198730468,1039.1705493164063,0.5529185286292041,0.0121601550731513,-0.0029669992730049,0.009825476079585,-0.0106035934594677,Information Technology,12.0,1017.428466796875,1060.3703125,1063.4536865234377,1068.2916198730468,1078.7236376953124,1065.1617655436198
2022-04-22,1002.0410766601562,1013.4935458299032,988.630922495369,1002.1389370123864,166348.0,1062.457711791992,1037.214825439453,0.5366995790190795,-0.0041343359215722,9.766101860431142e-05,0.011429141415957,-0.0133828387649375,Information Technology,12.0,1004.4783813476564,1050.239300537109,1060.089725748698,1062.457711791992,1074.2816479492187,1067.3429545084634
2022-04-25,986.6243286132812,997.4405264955068,980.3107824192836,988.6309438277348,229438.0,1056.335046386719,1035.58701171875,0.4765925900946527,-0.0153853453775165,0.0020338189078246,0.0109628331357161,-0.0063991389740728,Information Technology,12.0,994.68017578125,1036.785107421875,1056.9117513020833,1056.335046386719,1068.9958984375,1068.0656677246093
2022-04-26,989.0225219726562,1007.1311088831768,984.862441195915,993.525173739371,156195.0,1051.1300567626954,1033.9014465332032,0.4859426930639884,0.0024307056797856,0.0045526281421113,0.018309579921802,-0.0042062548469005,Information Technology,12.0,995.60029296875,1023.8203308105468,1052.0827921549478,1051.1300567626954,1063.1815747070314,1067.902528889974
2022-04-27,980.3107299804688,993.525103275263,969.6903131188404,977.4231327561793,241975.0,1047.378643798828,1032.3196313476562,0.45197706145386,-0.0088084869642921,-0.0029455938163067,0.0134797803295056,-0.0108337249984398,Information Technology,12.0,992.83994140625,1011.8295043945312,1044.9633382161458,1047.378643798828,1057.4553369140624,1067.383740234375
2022-04-28,990.294921875,994.5039324751008,969.0540286912892,990.0012810877934,242053.0,1045.0049438476562,1031.1704736328124,0.4909035399692553,0.0101847216287535,-0.0002965185226343,0.0042502597025657,-0.0214490579669881,Information Technology,12.0,989.6587158203124,1003.5435913085936,1036.7997802734376,1045.0049438476562,1052.5650390625,1063.879484049479
2022-04-29,978.7447509765624,1005.6139328628008,976.444434993626,997.3427605920258,218322.0,1041.317156982422,1030.837667236328,0.4458716050789173,-0.011663364764679,0.019001899726059,0.0274526957712202,-0.0023502715908731,Information Technology,12.0,984.9994506835938,994.738916015625,1028.4926839192708,1041.317156982422,1046.9660595703126,1059.401281738281
2022-05-02,965.7260131835938,974.9271568343725,959.2656764032982,969.0541016727196,241178.0,1037.8887603759763,1030.2229541015624,0.3951140052301861,-0.0133014637166421,0.0034462036267974,0.0095276957699901,-0.006689616611857,Information Technology,12.0,980.8197875976564,987.7499816894532,1018.130000813802,1037.8887603759763,1041.2319946289062,1054.2998799641928
2022-05-04,962.34912109375,996.46176162921,959.2657430222256,978.8425949206384,204198.0,1032.9333709716798,1028.5442407226562,0.3819481407543529,-0.0034967392860336,0.0171387633296147,0.0354472610695477,-0.0032040119369776,Information Technology,12.0,975.485107421875,985.5427001953124,1007.7085896809896,1032.9333709716798,1036.0010668945313,1048.565496826172
2022-05-05,969.2498168945312,986.6732007527136,964.1598241482368,980.1638744891156,207314.0,1027.0407348632812,1027.2854455566403,0.4088526503699507,0.0071706781349146,0.0112603143218048,0.0179761538815728,-0.0052514766137409,Information Technology,12.0,973.2729248046876,983.0564331054688,998.9773111979168,1027.0407348632812,1032.5575,1043.4249348958333
2022-05-06,981.779052734375,1003.2157279328776,938.7099816273836,949.4772494041314,762028.0,1020.4922729492188,1026.5248852539062,0.4577017745540664,0.0129267353178227,-0.0329012961116649,0.021834520851508,-0.0438683948155532,Information Technology,12.0,971.5697509765624,980.6142333984376,992.88564453125,1020.4922729492188,1030.3179052734374,1039.0658243815103
2022-05-09,962.740478515625,989.6097156824702,944.5829630401422,983.7366609899926,244300.0,1013.4617370605469,1026.1901196289064,0.3834739694278585,-0.0193919132474106,0.0218087666852233,0.0279091175311054,-0.0188602389539893,Information Technology,12.0,968.368896484375,976.6841735839844,985.9489095052083,1013.4617370605469,1026.7275048828126,1033.8665323893229
2022-05-10,937.5353393554688,973.5567315912928,930.8792222701218,959.0698744658188,228881.0,1004.2801910400392,1025.7095080566403,0.2852038922538826,-0.0261806163993624,0.0229693049492452,0.0384213700793272,-0.0070995906030837,Information Technology,12.0,962.73076171875,971.7752746582032,979.4102416992188,1004.2801910400392,1022.8571606445312,1028.148455810547
2022-05-11,872.3444213867188,947.8131519412472,836.567741049845,925.0061343344596,808720.0,991.963897705078,1023.6930920410156,0.0310368154873175,-0.0695343580473105,0.0603680285637953,0.0865125387453729,-0.0410121042328688,Information Technology,12.0,944.7298217773438,960.1074645996092,971.938407389323,991.963897705078,1015.2926611328126,1020.7891927083332
2022-05-12,843.1749877929688,861.3814351381383,837.9381443580604,857.4660649784195,501084.0,979.1116973876954,1022.0662561035156,-0.0826892969600301,-0.0334379780263636,0.0169491237196894,0.0215927270243456,-0.0062108619334355,Information Technology,12.0,919.5148559570312,946.3938903808594,961.875907389323,979.1116973876954,1005.5355590820312,1013.717059326172
2022-05-13,893.9278564453125,915.16874929729,851.5929210045681,851.5929210045681,564336.0,970.150387573242,1020.8661950683594,0.1151865523886056,0.0601925690243618,-0.0473583356145634,0.0237613054552765,-0.0473583356145634,Information Technology,12.0,901.9446166992188,936.7571838378906,954.3910278320312,970.150387573242,996.7827416992188,1008.9223571777344
2022-05-16,904.10791015625,920.1119613308116,881.9371033607034,920.1119613308116,318403.0,962.0162078857422,1019.804150390625,0.1548766591343938,0.0113880036711444,0.0177014834123014,0.0177014834123014,-0.0245223015377832,Information Technology,12.0,890.2181030273438,929.2934997558592,947.8621500651042,962.0162078857422,988.8130102539062,1003.9759379069012
2022-05-17,924.66357421875,946.540679786829,898.5284680090706,909.3446654828996,378004.0,956.468618774414,1018.990732421875,0.2350193110336295,0.0227358524702516,-0.0165670078966755,0.0236595299934496,-0.0282644487556038,Information Technology,12.0,887.64375,925.187255859375,943.7314331054688,956.468618774414,980.9529028320312,1000.321592203776
2022-05-18,926.5722045898438,944.5829288932028,906.9953563226272,935.8222773448636,429382.0,953.5761322021484,1018.1978686523438,0.242460700373803,0.002064134918158,0.0099831105543624,0.0194380148833968,-0.0211282490131273,Information Technology,12.0,898.489306640625,921.6095642089844,939.5680786132812,953.5761322021484,973.2689794921876,995.8254353841146
2022-05-19,893.9767456054688,905.1355727835293,885.8523656920801,885.8523656920801,367563.0,948.5693450927736,1016.9576733398436,0.1153771619905205,-0.0351785417508867,-0.0090879096725119,0.0124822342783681,-0.0090879096725119,Information Technology,12.0,908.649658203125,914.082257080078,933.812479654948,948.5693450927736,965.0192895507812,989.3879089355468
2022-05-20,891.4808349609375,915.2177663337652,879.9794352235881,910.1277732246448,216997.0,942.833334350586,1016.2303930664062,0.1056460777819017,-0.0027919189808911,0.0209168133878328,0.0266264068075761,-0.012901454844908,Information Technology,12.0,908.16025390625,905.0524353027344,927.2248738606772,942.833334350586,957.7523608398436,982.0123270670572
2022-05-23,906.2613525390624,910.3235730258948,877.3854972656605,894.0748105661817,241778.0,938.0443481445312,1015.6235119628906,0.1632725242714218,0.0165797367688478,-0.0134470502783087,0.0044823940416871,-0.0318626135744405,Information Technology,12.0,908.5909423828124,899.4045227050781,922.392647298177,938.0443481445312,951.3311547851564,975.442665608724
2022-05-24,886.8801879882812,912.2811614605406,883.2095288085849,909.7361949934718,147055.0,933.0571411132812,1014.062257080078,0.0877090241445297,-0.0213858447085724,0.0257712454452669,0.0286408173463392,-0.0041388444903956,Information Technology,12.0,901.0342651367188,894.3390075683594,917.1362589518228,933.0571411132812,945.381748046875,967.6331298828125
2022-05-25,860.8920288085938,895.3472987608375,856.9277284018411,888.4954008624178,234243.0,926.650616455078,1011.4017639160156,-0.0136139001991907,-0.0293028974281595,0.0320636864207291,0.0400227540728042,-0.0046048752620452,Information Technology,12.0,887.8982299804687,893.1937683105468,910.3724527994792,926.650616455078,940.4405517578124,959.0405212402344
2022-05-26,823.40234375,874.4489455682842,805.5873978511881,868.2333194337835,706711.0,918.8051971435548,1007.9523229980468,-0.1597791016895212,-0.0435474877267437,0.0544460141801528,0.0619947249430989,-0.0216357726378063,Information Technology,12.0,873.783349609375,891.21650390625,900.6492879231771,918.8051971435548,933.6121459960938,949.8132995605469
2022-05-27,839.5043334960938,852.5229274094683,832.9950066675026,836.9103768516037,303678.0,911.2656677246092,1002.8339575195312,-0.0970004847991794,0.0195554334625292,-0.0030898668904871,0.0155074767263665,-0.0077537739459703,Information Technology,12.0,863.3880493164063,885.7741516113281,891.164306640625,911.2656677246092,926.94427734375,942.0249755859376
2022-05-30,877.3365478515625,883.4543136651874,854.5784590248778,854.5784590248778,414971.0,906.1952575683594,998.1188720703124,0.0505001737272884,0.045064942306989,-0.0259399758079326,0.006973111776326,-0.0259399758079326,Information Technology,12.0,857.6030883789062,883.0970153808594,885.4707112630208,906.1952575683594,921.9560961914062,935.7098103841146
2022-05-31,885.9503173828125,905.4293069100754,862.5560176235268,885.8524570309387,580927.0,902.2064727783204,993.4625170898438,0.0840836342754004,0.0098180903922714,-0.0001104580583738,0.0219865483933747,-0.0264058822490123,Information Technology,12.0,857.4171142578125,879.2256896972656,882.0317097981771,902.2064727783204,917.9291357421876,930.720975748698
2022-06-01,970.1307983398438,1002.2368808129088,890.7466938109204,890.7466938109204,4030798.0,902.595556640625,990.1775207519532,0.4122874306371652,0.0950171576276522,-0.0818282489997956,0.0330945915004523,-0.0818282489997956,Information Technology,12.0,879.2648681640625,883.5815490722656,888.5508015950521,902.595556640625,917.173466796875,930.2446044921876
2022-06-02,951.09228515625,966.655844178506,938.7588345084872,957.3079107816984,697986.0,901.6876800537108,986.7300329589845,0.338059863475504,-0.0196246869145622,0.0065352497569963,0.0163638789475608,-0.0129676697416767,Information Technology,12.0,904.8028564453124,889.2931030273437,895.7452880859375,901.6876800537108,916.0047290039064,928.8105977376302
2022-06-03,927.6979370117188,985.596492140306,920.1119079831344,964.0619581236796,939955.0,898.9836242675781,983.0329443359376,0.2468497184733253,-0.0245973482380712,0.0391981265249934,0.0624109991179768,-0.0081772619361645,Information Technology,12.0,922.4415771484375,892.9148132324219,897.9966267903645,898.9836242675781,913.500849609375,926.193827311198
2022-06-06,901.1224365234376,926.9639039959266,885.8525164902994,926.9639039959266,486473.0,895.9027221679687,978.6810083007812,0.1432368612966129,-0.0286467172427759,0.0286769770955723,0.0286769770955723,-0.0169454442750864,Information Technology,12.0,927.1987548828124,892.4009216308593,897.7975952148438,895.9027221679687,910.39595703125,922.829872639974
2022-06-07,899.1646728515625,925.0061380664972,887.9569743176513,899.5562337387416,354762.0,893.9841888427734,974.4827490234376,0.1356039104963377,-0.0021725834276506,0.0004354718318029,0.028739413363497,-0.0124645672503654,Information Technology,12.0,929.8416259765625,893.6293701171875,896.0976684570312,893.9841888427734,907.7335034179688,919.91455078125
2022-06-08,893.7810668945312,912.2322839492584,887.8101515150502,912.2322839492584,286091.0,895.056021118164,970.4959240722656,0.1146142476537677,-0.005987341495477,0.0206440007941053,0.0206440007941053,-0.0066805122648516,Information Technology,12.0,914.5716796875,896.9182739257812,893.9115926106771,895.056021118164,904.99078125,916.7398356119792
2022-06-09,887.6142578125,907.3379556576252,883.5031078696985,887.8100382371663,280643.0,897.2779846191406,967.1414294433594,0.0905710237478129,-0.0068996864114139,0.0002205692652446,0.022221024134666,-0.0046316853369765,Information Technology,12.0,901.87607421875,903.3394653320312,893.4874267578125,897.2779846191406,901.7253588867188,913.6499532063802
2022-06-10,874.35107421875,885.9014039165394,871.1698360533866,877.9728034634635,227530.0,896.2991455078125,963.8730725097656,0.0388603758895075,-0.0149425085018764,0.0041421911077876,0.0132101738516303,-0.003638399104394,Information Technology,12.0,891.2067016601562,906.8241394042968,892.3454427083333,896.2991455078125,897.4282397460937,909.7851582845052
2022-06-13,849.5863647460938,860.5494127583725,837.8891848545617,837.8891848545617,330782.0,893.5730682373047,959.8147900390624,-0.0576925491154077,-0.0283235306764894,-0.0137680880683953,0.0129039830053712,-0.0137680880683953,Information Technology,12.0,880.8994873046875,904.04912109375,888.5671101888021,893.5730682373047,892.9020751953125,905.4798787434896
2022-06-14,852.4739990234375,867.7439188760169,840.8746789823634,841.8045913518043,282303.0,889.963589477539,956.1783911132812,-0.0464342084460032,0.0033988707883827,-0.0125158159472965,0.0179124757706066,-0.0136066555160179,Information Technology,12.0,871.5613525390625,900.7014892578125,886.2733642578125,889.963589477539,889.4996215820313,901.7048116048176
2022-06-15,857.2213134765625,869.1142736672504,853.5506541268198,864.2200612009269,149272.0,886.496044921875,952.0936791992189,-0.0279253260028866,0.0055688671543804,0.0081644583660434,0.0138738503158006,-0.004282043962318,Information Technology,12.0,864.2494018554687,889.4105407714844,886.0286499023438,886.496044921875,888.894697265625,898.2005513509115
2022-06-16,843.1260375976562,880.9093972655178,836.176279134217,879.9794848600071,259618.0,883.9535095214844,947.2141491699218,-0.0828801445264917,-0.0164429834598269,0.0437104841019482,0.0448134181403279,-0.0082428464470643,Information Technology,12.0,855.3517578125,878.613916015625,887.3435628255208,883.9535095214844,888.8927392578125,893.996425374349
2022-06-17,809.0133666992188,844.6432593781716,800.6932050332256,844.6432593781716,568780.0,879.8301361083984,941.1394506835936,-0.2158790056118955,-0.0404597526078494,0.0440411668651694,0.0440411668651694,-0.0102843315184513,Information Technology,12.0,842.2842163085937,866.745458984375,885.3108317057291,879.8301361083984,885.4961596679688,888.2375691731771
2022-06-20,804.021240234375,819.4380093569772,768.978631513036,812.9286829410236,514887.0,874.718130493164,935.1528515625,-0.2353423638518665,-0.0061706353322834,0.011078616161996,0.0191745794154742,-0.0435841828147772,Information Technology,12.0,833.17119140625,857.0353393554688,880.42314453125,874.718130493164,881.4926928710937,882.9469278971354
2022-06-21,829.5200805664062,843.7622268551659,806.5662122142189,806.5662122142189,440958.0,871.8501251220703,929.3199279785156,-0.1359272012791214,0.0317141377068574,-0.0276712630470791,0.0171691398706526,-0.0276712630470791,Information Technology,12.0,828.5804077148438,850.0708801269532,876.6611287434896,871.8501251220703,877.686953125,879.3464192708333
2022-06-22,828.2476196289062,843.7133194482192,812.8797801637677,832.0161394217057,226429.0,870.217904663086,923.511474609375,-0.1408882861489348,-0.0015339724345565,0.0045499916975166,0.0186727971838207,-0.0185546436849696,Information Technology,12.0,822.7856689453125,843.5175354003907,867.2022501627604,870.217904663086,873.7539697265624,877.8765258789062
2022-06-23,833.3987426757812,848.0180155613238,821.4776044851569,832.3684750186651,235252.0,870.717724609375,918.175069580078,-0.1208050302647839,0.0062193031706906,-0.0012362241558083,0.0175417505894053,-0.014304243071389,Information Technology,12.0,820.8402099609375,838.0959838867187,859.3560139973958,870.717724609375,871.330849609375,877.5506510416667
2022-06-24,852.2369995117188,871.2715597947093,847.7236798002577,851.6483264659997,391195.0,871.3543579101563,913.756728515625,-0.0473582247808787,0.0226041339772769,-0.0006907386631375,0.0223348203538409,-0.0052958504665332,Information Technology,12.0,829.4849365234375,835.8845764160156,854.3252848307292,871.3543579101563,869.7610961914063,876.1609558105469
2022-06-27,861.1163940429688,872.2525528501919,858.5162921753857,867.4939436419859,205136.0,870.5433502197266,909.6432263183592,-0.0127391425254841,0.0104189263506951,0.0074061411943098,0.0129322341140649,-0.0030194546121407,Information Technology,12.0,840.9039672851562,837.0375793457031,851.6582153320312,870.5433502197266,867.9552978515625,874.7279052734375
2022-06-28,845.5159912109375,857.5352205609045,840.8554737078891,857.5352205609045,205950.0,868.5216339111328,905.8412390136718,-0.0735621667709618,-0.0181164856922382,0.0142152596460691,0.0142152596460691,-0.0055120394545982,Information Technology,12.0,844.1031494140625,836.3417785644531,848.0816365559896,868.5216339111328,866.3007299804688,872.0896525065104
2022-06-29,825.9909057617188,837.2742646638181,823.1946190314271,830.7986217697984,178379.0,861.3146392822266,902.6726184082032,-0.1496867872989964,-0.0230925087782848,0.0058205435126987,0.0136603912021211,-0.003385372297426,Information Technology,12.0,843.651806640625,833.2187377929688,843.5622924804687,861.3146392822266,864.9046850585937,868.7369425455729
2022-06-30,813.3339233398438,837.0780461257435,809.26207873047,829.4740436972961,217076.0,854.4267211914063,899.0570471191406,-0.1990339712793765,-0.0153233919811779,0.0198443958800773,0.0291935724116827,-0.0050063626912957,Information Technology,12.0,839.6388427734375,830.2395263671875,838.6102701822916,854.4267211914063,864.5019482421875,866.0488484700521
2022-07-01,799.9411010742188,810.8320315900875,797.6844412004154,810.8320315900875,227373.0,848.0388793945312,894.9318481445313,-0.2512500558348943,-0.0164665728076719,0.0136146655063023,0.0136146655063023,-0.0028210325369866,Information Technology,12.0,829.1796630859375,829.3322998046875,833.6496053059896,848.0388793945312,862.9194189453125,862.9975240071615
2022-07-04,810.3905029296875,832.3684886672654,801.6090939019159,802.148720849748,429296.0,843.5022827148438,891.0988366699219,-0.2105098115444741,0.0130627140441171,-0.0101701365578005,0.027120240992613,-0.0108360216414499,Information Technology,12.0,819.0344848632812,829.9692260742188,831.0365478515625,843.5022827148438,860.2415771484375,859.8018290201823
2022-07-05,810.0469360351562,825.1568475666149,807.103451442172,817.503799601925,285588.0,839.0463958740235,887.5672888183594,-0.2118493139779056,-0.000423952271515,0.0092054709857518,0.0186531308980877,-0.0036337210376863,Information Technology,12.0,811.940673828125,828.0219116210938,828.208076985677,839.0463958740235,857.2054418945313,857.2407206217448
2022-07-06,807.5449829101562,818.73024827334,803.5712907024334,809.7035502468659,233349.0,834.7345916748047,883.9377380371094,-0.2216039566766486,-0.0030886520443445,0.0026729995014405,0.013850950225553,-0.0049207069473737,Information Technology,12.0,808.2514892578125,825.9516479492188,824.8963216145834,834.7345916748047,850.7020092773438,855.4624857584636
2022-07-07,811.3225708007812,818.4850386785668,807.9865973252003,818.2887943767055,205931.0,830.9200073242188,880.5579748535156,-0.2068758549516632,0.0046778668316552,0.0085862563506011,0.008828138320762,-0.0041117720566905,Information Technology,12.0,807.84921875,823.7440307617187,822.7760904947917,830.9200073242188,845.111220703125,855.0598266601562
2022-07-08,813.2357788085938,829.0815628093271,811.077271168733,819.269946681406,463158.0,827.8642425537109,877.0167919921874,-0.1994166182704864,0.0023581348241355,0.00741994883901,0.0194848584059443,-0.0026542211940343,Information Technology,12.0,810.508154296875,819.8439086914062,823.0575846354167,827.8642425537109,840.532734375,854.1842081705729
2022-07-11,818.0925903320312,826.1381280214251,800.6279245433288,807.201719724371,272456.0,826.2895538330079,873.8037487792968,-0.1804808274305719,0.0059722059087867,-0.0133125158892346,0.0098345074683154,-0.0213480307670482,Information Technology,12.0,812.0485717773438,815.5415283203125,823.995674641927,826.2895538330079,837.2115405273438,852.2094095865885
2022-07-12,820.6434936523438,833.9872659534612,808.3298690526374,812.7942017374877,252084.0,824.6980285644531,870.9020983886719,-0.1705353371653673,0.0031181107743283,-0.0095648012511768,0.0162601329375438,-0.0150048403416975,Information Technology,12.0,814.1678833007812,813.0542785644532,823.4039021809896,824.6980285644531,834.070693359375,850.0325154622395
2022-07-13,819.6624145507812,830.4060860308573,816.8170219915054,824.1757339013387,155770.0,822.8200836181641,868.0483642578125,-0.1743603792891865,-0.0011954997622611,0.0055063148809024,0.0131074345844734,-0.0034714200733911,Information Technology,12.0,816.5913696289062,812.4214294433593,822.8315551757812,822.8200836181641,831.105947265625,845.0169026692708
2022-07-14,813.3339233398438,824.7644200913957,809.360230822048,823.9795027855295,143707.0,821.3304779052735,864.9300463867188,-0.1990339712793765,-0.0077208508022242,0.0130888176924566,0.0140538792536946,-0.0048856839777176,Information Technology,12.0,816.9936401367188,812.4214294433593,821.4939005533854,821.3304779052735,828.1347338867188,840.4249572753906
2022-07-15,812.5489501953125,823.783201877038,806.3675846086918,815.0018540359247,191444.0,821.5072570800781,861.5454443359375,-0.2020944333146159,-0.0009651302152845,0.0030187767026497,0.0138259383376535,-0.0076073762511598,Information Technology,12.0,816.8562744140625,813.6822143554688,818.8480305989583,821.5072570800781,825.6626489257812,836.5866577148438
2022-07-18,840.3158569335938,857.5352308856344,821.1341597987484,822.3606117880014,768245.0,823.321987915039,859.0969519042969,-0.093836508186121,0.0341725956714446,-0.021367257320495,0.02049154946912,-0.0228267704061202,Information Technology,12.0,821.300927734375,816.6747497558594,817.461328125,823.321987915039,825.2918286132813,834.5597717285157
2022-07-19,864.1580810546875,868.3280178636372,837.9120081983573,843.6027335135005,465982.0,825.0538879394531,857.6294067382812,-0.0008801793401831,0.0283729313500005,-0.0237865594175773,0.0048254328697134,-0.0303718421799601,Information Technology,12.0,830.0038452148438,822.0858642578125,818.7041341145833,825.0538879394531,825.7591918945312,833.3928853352865
2022-07-20,894.8194580078125,906.5933982447574,873.3319931212453,877.1585476523952,787011.0,828.3824798583985,858.0789074707031,0.1186627384869477,0.0354812130156827,-0.019736842105263,0.013157894736842,-0.0240131846645421,Information Technology,12.0,845.03525390625,830.8133117675782,823.2927042643229,828.3824798583985,827.2631176757812,833.4274983723958
2022-07-21,951.6287231445312,966.934821169325,890.894792107303,900.7064087604672,2150355.0,834.293978881836,860.2479821777343,0.3401513338765397,0.0634868460093575,-0.0535106950279915,0.0160841068081853,-0.0638210360407586,Information Technology,12.0,872.6942138671875,844.8439270019531,832.5123575846354,834.293978881836,831.6032250976563,835.5613138834635
2022-07-22,979.7880859375,1008.3889745054448,968.2594355357108,979.1994128498504,2013614.0,840.671533203125,861.9651867675781,0.4499393710403808,0.0295907028740366,-0.0006008167440474,0.0291908923760573,-0.0117664733499572,Information Technology,12.0,906.142041015625,861.4991577148437,844.5021565755209,840.671533203125,838.4342138671875,839.0758809407552
2022-07-25,952.6098022460938,975.2255646944326,945.349182597896,966.934737364013,558811.0,845.2462036132813,862.935224609375,0.3439763760003588,-0.0277389407786082,0.0150375684610251,0.0237408458269217,-0.0076218191657049,Information Technology,12.0,928.600830078125,874.95087890625,853.9834431966145,845.2462036132813,844.3777563476563,842.5099955240886
2022-07-26,923.2730712890624,951.7267578643896,917.5332998478356,951.7267578643896,393697.0,849.1340576171875,862.9074145507813,0.2295980027304786,-0.0307961674211835,0.0308182784272053,0.0308182784272053,-0.0062167647034404,Information Technology,12.0,940.423828125,885.2138366699219,861.5318522135417,849.1340576171875,848.1278759765624,844.8699645996094
2022-07-27,931.7110595703124,938.6282969676932,910.5670384282256,915.4238004721096,343688.0,854.4200653076172,863.0101916503907,0.2624961253840653,0.0091392119445972,-0.0174810193899749,0.0074242302120688,-0.0226937535246581,Information Technology,12.0,947.8021484375,896.418701171875,869.8095906575521,854.4200653076172,852.2664135742187,847.3529561360677
2022-07-28,945.5454711914062,960.5572320959164,938.6773398076764,946.8209693284568,376284.0,861.0306427001954,864.0415661621093,0.3164338834350311,0.014848392620212,0.0013489548370884,0.0158762971870565,-0.007263671174984,Information Technology,12.0,946.585498046875,909.6398559570312,878.7577840169271,861.0306427001954,856.7522827148438,850.7669372558594
2022-07-29,949.71533203125,969.2895168840683,946.8208934885936,958.1532973869572,400175.0,868.5193542480469,865.2062561035157,0.3326913833017227,0.0044100056178045,0.0088847311095421,0.0206105810790198,-0.0030476906553312,Information Technology,12.0,940.570947265625,923.356494140625,887.8564208984375,868.5193542480469,860.651416015625,855.4570027669271
2022-08-01,955.896728515625,962.1270809803432,942.8963367754844,942.8963367754844,279135.0,875.7946655273438,866.1989636230469,0.3567914807343413,0.0065086834716611,-0.0136002052861176,0.0065178091721194,-0.0136002052861176,Information Technology,12.0,941.2283325195312,934.914581298828,897.0433634440104,875.7946655273438,864.4426293945312,860.5195190429688
2022-08-02,951.4324340820312,958.4477037278542,945.0058374535664,955.6514170673732,229203.0,882.8639404296875,867.4900085449219,0.3393860398943198,-0.0046702685556066,0.0044343484983382,0.0073733765998753,-0.0067546537181752,Information Technology,12.0,946.860205078125,943.6420166015624,905.762626139323,882.8639404296875,868.679287109375,864.5832641601562
2022-08-03,955.2098999023438,979.0030696040292,946.8209798815006,952.2173688860066,488336.0,890.2471862792969,869.3763659667969,0.3541136656902118,0.0039702933019695,-0.0031328517602707,0.0249088390982106,-0.0087822791846072,Information Technology,12.0,951.5599731445312,949.6810607910156,914.7991251627604,890.2471862792969,873.848046875,868.8153401692708
2022-08-04,950.5003051757812,975.568972215218,928.1788786542338,963.5006964465724,356009.0,897.2060729980469,871.9183251953125,0.3357518453369622,-0.0049304291413269,0.0136774193548385,0.0263741809475805,-0.0234838709677419,Information Technology,12.0,952.5509399414062,949.5682189941406,923.9435506184896,897.2060729980469,879.3347021484375,872.7187255859375
2022-08-05,952.2174072265624,958.9874467498582,947.3606449498812,953.6891497415958,226483.0,904.1551544189454,874.1725866699219,0.3424465019295592,0.0018065244602564,0.0015455950540956,0.0071097624050102,-0.005100476256601,Information Technology,12.0,953.0513549804688,946.8111511230468,933.2547810872396,904.1551544189454,885.4257543945313,876.0514058430989
2022-08-08,950.2550048828124,957.7609150396928,945.6435334086342,952.2173280730714,200621.0,910.7632751464844,875.6309558105469,0.334795465823734,-0.002060876359597,0.002065049044915,0.0078988378049174,-0.0048528778596088,Information Technology,12.0,951.9230102539062,946.5756713867188,940.5840576171876,910.7632751464844,891.0203344726563,879.0226928710938
2022-08-10,946.2322998046876,951.6286887689948,936.028194899856,937.2546469371983,218873.0,917.0427154541017,876.8365954589843,0.3191116984791606,-0.0042332900720907,-0.0094877894882071,0.0057030276449252,-0.0107839321347811,Information Technology,12.0,950.8829833984375,948.8715942382812,946.0556722005208,917.0427154541017,896.4677490234375,882.3799031575521
2022-08-11,954.7192993164062,966.3461004075044,946.8700063814616,951.6286761544832,240632.0,923.7955596923828,876.5283654785156,0.3522009066637555,0.008969255766761,-0.00323720612345,0.0121782403471084,-0.0082215714509645,Information Technology,12.0,950.78486328125,951.1724182128906,950.048994954427,923.7955596923828,902.3547216796876,886.670849609375
2022-08-12,960.802490234375,975.27462373548,952.7079070896892,959.232655639243,350757.0,931.1689880371092,876.7225695800781,0.3759181191407174,0.0063717062411165,-0.0016338785661859,0.0150625478682664,-0.0084248149093695,Information Technology,12.0,952.8453002929688,952.6981201171876,950.6605794270832,931.1689880371092,908.3339184570312,891.5864685058593
2022-08-16,981.210693359375,994.996002526224,966.444222545272,970.074532617183,499854.0,939.6020751953124,877.7928247070313,0.4554858486951013,0.0212407891657542,-0.0113494082540673,0.0140492855001936,-0.0150492355148994,Information Technology,12.0,958.6439575195312,955.84765625,950.755419921875,939.6020751953124,915.0529150390626,897.6287882486979
2022-08-17,1086.734619140625,1103.8068557977724,986.165550056828,988.9618966893952,4494669.0,951.923013305664,881.505068359375,0.86690370536049,0.1075446145210335,-0.0899692719171376,0.0157096648587931,-0.0925424361315789,Information Technology,12.0,985.9398803710938,968.9314453125,959.6970743815104,951.923013305664,925.7985961914062,906.8402587890624
2022-08-18,1093.75,1111.361804524995,1066.5227629513345,1093.995290423862,2857452.0,963.4026092529296,885.3967749023437,0.8942553503593561,0.0064554682769954,0.0002242655303879,0.0161022212799955,-0.0248934738730656,Information Technology,12.0,1015.4434204101562,983.1632019042968,971.0622029622396,963.4026092529296,936.7228564453123,916.2970275878906
2022-08-19,1077.904296875,1114.5997710376012,1068.485167834461,1094.9765356320097,1434485.0,972.556851196289,889.0792395019531,0.8324759466006504,-0.0144875,0.0158383622799391,0.0340433508512645,-0.0087383722913494,Information Technology,12.0,1040.080419921875,995.4326416015624,980.808418782552,972.556851196289,947.0525317382812,925.309004720052
2022-08-22,1030.612060546875,1068.3376722035175,1025.3137645081968,1068.3376722035175,670516.0,976.5060180664062,891.9391955566406,0.6480924490859341,-0.0438742441840449,0.0366050554819086,0.0366050554819086,-0.0051409218284005,Information Technology,12.0,1054.042333984375,1003.443817138672,986.4795247395832,976.5060180664062,955.7436572265624,932.6186543782552
2022-08-23,1022.4684448242188,1030.6121337370664,996.9582440870176,1000.8828903542792,562717.0,978.6400360107422,894.90154296875,0.6163420294411305,-0.0079017275601597,-0.0211112182280113,0.0079647337324406,-0.0249496215421952,Information Technology,12.0,1062.2938842773438,1010.4689208984375,991.3297322591146,978.6400360107422,964.1404370117187,939.593076578776
2022-08-24,1040.0804443359375,1053.767601304939,1025.4611119465596,1025.4611119465596,606817.0,983.0135681152344,898.7114245605469,0.6850078892170818,0.0172249809770379,-0.0140559631411124,0.013159709946994,-0.0140559631411124,Information Technology,12.0,1052.9630493164063,1019.45146484375,996.9419799804688,983.0135681152344,972.1310205078124,946.9926717122396
2022-08-25,1030.0726318359375,1059.213207462684,1021.3893743653616,1051.2657015285674,330289.0,988.353546142578,902.2633972167968,0.6459893184221096,-0.0096221523580223,0.020574344990466,0.0282898261016877,-0.0084297526234624,Information Technology,12.0,1040.2275756835938,1027.835498046875,1002.1846598307292,988.353546142578,978.7676025390624,953.973642985026
2022-08-26,1016.6796264648438,1045.4277099445724,1010.5964723068132,1039.9822150253165,373432.0,992.6019744873048,905.4525634765624,0.5937725199729518,-0.0130020009824189,0.0229202867391957,0.0282764429731814,-0.005983354047511,Information Technology,12.0,1027.9826416015626,1034.0315307617188,1006.2826416015624,992.6019744873048,983.6420092773436,960.5408833821616
2022-08-29,985.9202270507812,995.1431702062422,966.4441929042628,976.2558090758796,499424.0,994.6207122802734,908.308447265625,0.4738474310838043,-0.030254761296848,-0.0098024340202564,0.0093546545677938,-0.019754168351711,Information Technology,12.0,1019.0442749023438,1036.5433044433594,1008.6439697265624,994.6207122802734,985.0136694335938,966.293760172526
2022-08-30,1012.4607543945312,1025.313948357599,995.5357155340828,995.5847616406652,335827.0,997.7579833984375,912.3773950195311,0.5773239345752518,0.0269195484741616,-0.0166682932455572,0.0126950046283562,-0.016716735722334,Information Technology,12.0,1017.0427368164062,1039.668310546875,1012.6601928710936,997.7579833984375,986.320576171875,972.9574869791668
2022-09-01,1011.9210815429688,1025.215870304976,1005.6907287870648,1011.577698906794,329338.0,1000.5592010498046,916.5353918457032,0.5752198520532406,-0.0005330308846244,-0.0003393373677433,0.0131381675947845,-0.0061569551910155,Information Technology,12.0,1011.4108642578124,1032.1869567871097,1016.7712646484376,1000.5592010498046,988.69302734375,978.6776611328124
2022-09-02,1001.520751953125,1025.0195255087428,995.8790724784932,1020.4081136725448,253491.0,1003.0636169433594,919.9754052734374,0.5346709312583754,-0.0102778070143428,0.0188586823414156,0.0234630920126133,-0.0056331129071761,Information Technology,12.0,1005.70048828125,1022.9640319824218,1020.4571614583332,1003.0636169433594,991.8229345703126,983.256416829427
2022-09-05,995.9281005859376,1015.5022870821276,990.9732463313514,1004.709509151786,212182.0,1005.0995269775392,923.329014892578,0.5128662398433231,-0.0055841592461074,0.0088173117724885,0.0196542164887945,-0.0049751124119009,Information Technology,12.0,1001.5501831054688,1014.7664123535156,1023.204414876302,1005.0995269775392,994.3916162109376,986.6267049153646
2022-09-06,995.2903442382812,1003.7283099868652,991.3165918769732,1001.2263599009184,219453.0,1007.339028930664,926.5668469238282,0.5103797482947486,-0.0006403638448207,0.0059641045419565,0.0084778937095402,-0.0039925559253257,Information Technology,12.0,1003.4242065429688,1011.2342407226564,1025.5036051432292,1007.339028930664,996.3814111328124,988.0820922851562
2022-09-07,1008.24169921875,1019.034477493275,983.1730307490836,994.897924578934,345088.0,1010.1402435302734,929.6869409179689,0.5608746352839118,0.0130126400355875,-0.0132346982376899,0.010704554555607,-0.0248637489295385,Information Technology,12.0,1002.5803955078125,1009.8115661621092,1027.3056722005208,1010.1402435302734,998.7224658203126,989.030546061198
2022-09-08,1016.4834594726562,1043.1710081837325,1008.6341663493153,1016.336261272452,424493.0,1013.4516662597656,932.7942822265624,0.5930077019198252,0.0081743893952139,-0.000144811210485,0.0262547791234313,-0.0077220077220077,Information Technology,12.0,1003.49287109375,1007.4518676757812,1022.6222615559896,1013.4516662597656,1001.1459350585938,991.15966796875
2022-09-09,1027.472412109375,1038.069005632813,1020.4080962742208,1029.7291317690335,460104.0,1017.513671875,936.4334106445312,0.6358515528031632,0.0108107540111078,0.002196379808413,0.0103132633037645,-0.0068754311569799,Information Technology,12.0,1008.683203125,1007.191845703125,1018.2037556966146,1017.513671875,1004.1875341796876,994.632979329427
2022-09-12,1044.103271484375,1072.311671020619,1035.1747237592206,1037.7747065085955,813046.0,1021.9828704833984,940.7956579589844,0.7006921324907486,0.0161861858080036,-0.0060612442740288,0.0270168673029258,-0.0085514028822656,Information Technology,12.0,1018.3182373046876,1009.934210205078,1015.9503540039062,1021.9828704833984,1007.7432690429688,998.3793863932292
2022-09-13,1042.0426025390625,1058.6732417933422,1037.6763620705506,1054.4541995016457,357214.0,1026.0448760986328,945.3698315429688,0.69265797346472,-0.0019736255996812,0.0119108344825256,0.0159596538699637,-0.0041900786569312,Information Technology,12.0,1027.6686889648438,1015.5464477539062,1016.7123901367188,1026.0448760986328,1011.4049609375,1001.595957438151
2022-09-14,1026.3441162109375,1030.219656534382,996.9582550978462,996.9582550978462,321450.0,1028.301547241211,949.8978918457032,0.6314525401926792,-0.0150651099003761,-0.028631587251241,0.0037760632737411,-0.028631587251241,Information Technology,12.0,1031.2891723632813,1016.9347839355468,1016.9707682291668,1028.301547241211,1014.370029296875,1004.1502502441406
2022-09-15,1014.5210571289062,1039.7368614142565,1010.6455168595656,1031.053605527399,190788.0,1024.690869140625,953.9805029296876,0.585356665814,-0.0115195857756555,0.0162959144931695,0.0248548850791827,-0.0038200688316005,Information Technology,12.0,1030.8966918945312,1017.1947814941408,1015.2668090820312,1024.690869140625,1016.9406713867188,1006.10439453125
2022-09-16,997.939453125,1019.6231008289546,986.6070484662785,1018.396648812094,348205.0,1019.900341796875,957.7383532714844,0.5207081235156098,-0.0163442679551986,0.0204994357353378,0.0217284201321565,-0.0113558038248058,Information Technology,12.0,1024.9901000976563,1016.836651611328,1013.1245971679688,1019.900341796875,1019.0089575195312,1007.654628499349
2022-09-19,983.0258178710938,997.5960434824458,972.478330811899,990.9241566685836,287431.0,1015.1564178466796,961.2479699707033,0.4625626763497149,-0.0149444289502784,0.0080347216257197,0.0148218137778988,-0.0107296134724488,Information Technology,12.0,1012.774609375,1015.5464233398436,1010.8810099283854,1015.1564178466796,1020.1412182617188,1008.581825764974
2022-09-20,986.214599609375,1002.7471485048496,982.1427550424212,989.9920477900132,204258.0,1012.9365447998048,964.745810546875,0.4749951340925874,0.0032438433256891,0.0038302497064373,0.0167636424182151,-0.0041287611931181,Information Technology,12.0,1001.6090087890624,1014.6388488769531,1010.900634765625,1012.9365447998048,1021.1577026367188,1009.7723022460938
2022-09-21,1000.5394897460938,1042.9747267468474,978.3161567036984,983.1238722486746,709597.0,1011.8400970458983,968.491884765625,0.5308451752409161,0.0145251247977799,-0.0174062270164255,0.0424123559696003,-0.0222113502466902,Information Technology,12.0,996.4480834960938,1013.8686279296876,1010.1058837890624,1011.8400970458983,1021.9308544921874,1011.383038330078
2022-09-22,1003.3358154296876,1015.5022430689046,992.5921439547752,993.9166881437684,250307.0,1010.002865600586,972.196749267578,0.5417475209484423,0.0027948179079901,-0.0093878112801996,0.0121259776159856,-0.0107079517243298,Information Technology,12.0,994.21103515625,1012.5538635253906,1009.5335327148438,1010.002865600586,1018.59490234375,1013.1523986816406
2022-09-23,993.0827026367188,1014.2266625142684,988.029696619431,1005.6906048013076,304028.0,1008.153369140625,975.6455334472656,0.5017725706402419,-0.0102190240149832,0.012695722250638,0.0212912376999525,-0.0050882026279096,Information Technology,12.0,993.2396850585938,1009.114892578125,1008.97099609375,1008.153369140625,1014.5682104492188,1014.7140787760416
2022-09-26,961.9799194335938,988.0297483897382,946.820960472788,981.1616170702464,426797.0,1005.4183837890624,978.4918835449218,0.3805086932113031,-0.0313194290068133,0.0199398108517139,0.0270793895276757,-0.0157580825280961,Information Technology,12.0,989.0305053710938,1000.9025573730468,1006.7077840169272,1005.4183837890624,1009.9312353515623,1014.9560994466144
2022-09-27,969.3876342773438,984.939021257714,959.5760185457916,961.7345859838032,227607.0,1004.5917541503908,981.6129577636718,0.4093899743164222,0.0077004880186185,-0.0078947244868103,0.016042485410868,-0.0101214574898784,Information Technology,12.0,985.6651123046876,993.637060546875,1004.980936686198,1004.5917541503908,1007.4822583007812,1015.2422709147136
2022-09-28,972.1838989257812,978.2180664190148,956.6815583959096,961.538320050787,225967.0,1002.5779113769532,984.8056567382812,0.4202920820594017,0.0028845681021318,-0.0109501699079331,0.0062068169406026,-0.015945893104176,Information Technology,12.0,979.993994140625,988.2210388183594,1002.5770833333332,1002.5779113769532,1005.4708764648436,1014.9413777669272
2022-09-29,972.1348876953124,989.5014597492914,963.745968109808,983.3691998351288,209211.0,1000.5886016845704,987.4420373535156,0.4201009965283934,-5.041353855263924e-05,0.0115563305895234,0.0178643645792311,-0.0086293781775411,Information Technology,12.0,973.75380859375,983.982421875,999.6205118815104,1000.5886016845704,1002.7530541992188,1011.12138671875
2022-09-30,975.2255249023438,985.0861864047238,958.5948248181426,967.6705690653972,241566.0,999.2738403320312,989.6633862304687,0.432150807280156,0.0031792267165294,-0.0077468807409476,0.0101111601886829,-0.0170531837606142,Information Technology,12.0,970.182373046875,981.7110290527344,996.1373860677083,999.2738403320312,1000.559169921875,1007.1705708821614
2022-10-03,967.8668823242188,985.8221278131656,962.5195395717496,976.255802114058,233456.0,997.8707794189452,991.1243347167969,0.4034608496705918,-0.0075455803711268,0.0086674313823966,0.0185513584738321,-0.0055248741847929,Information Technology,12.0,971.359765625,980.1951354980469,991.054960123698,997.8707794189452,998.60666015625,1003.502657063802
2022-10-04,978.7577514648438,994.8488258128972,974.3425242226116,994.6035354105508,199864.0,997.0441497802734,991.6669152832033,0.4459222915273666,0.0112524452892445,0.0161896893505995,0.0164403033579767,-0.004511052132792,Information Technology,12.0,973.2337890625,979.4494506835938,986.8359700520832,997.0441497802734,998.3201611328124,1001.774180094401
2022-10-06,990.384521484375,1005.1509313812472,986.75421166615,992.9355176348304,284296.0,996.1512908935548,991.8788439941408,0.4912528719238258,0.0118791090054001,0.0025757633475853,0.0149097745133786,-0.0036655558921538,Information Technology,12.0,976.8739135742188,978.433953857422,984.4386637369792,996.1512908935548,997.4371118164064,1000.7047159830728
2022-10-07,985.6259155273438,998.7735054847298,982.2900018756436,990.9732584534952,162865.0,994.6084136962892,992.5391662597656,0.4726999660395679,-0.0048048064704193,0.005425327035248,0.0133393306225633,-0.0033845636555888,Information Technology,12.0,979.572119140625,976.6629638671876,982.5123209635416,994.6084136962892,996.3853051757812,998.8895650227864
2022-10-10,1008.3397827148438,1017.2193435813248,973.5576500299682,976.2558445752768,349733.0,993.6517822265624,994.2405004882812,0.561257044310475,0.0230451196845278,-0.0318185781118192,0.0088061197412778,-0.0344944564135202,Information Technology,12.0,986.194970703125,978.188671875,983.2056762695312,993.6517822265624,996.65806640625,998.16513671875
2022-10-11,980.6709594726562,1023.989265428514,976.2557325415638,1013.3926728856138,372576.0,990.4801666259766,995.219698486328,0.4533815282085434,-0.0274399797731794,0.0333666589153953,0.0441721104692971,-0.0045022511255626,Information Technology,12.0,988.7557861328124,980.0577758789062,983.0486857096354,990.4801666259766,996.0477807617189,996.9648478190104
2022-10-12,981.1616821289062,986.0674905395508,971.3500653076172,981.1616821289062,212598.0,987.4361206054688,995.932022705078,0.4552947631640931,0.000500394807769,0.0,0.0049999999999998,-0.0100000000000001,Information Technology,12.0,989.236572265625,981.2351806640625,982.7118245442708,987.4361206054688,995.4826342773438,996.806229654948
2022-10-13,974.09716796875,986.0183046710174,971.3499276252631,986.0183046710174,120106.0,984.8237731933592,996.419659423828,0.4277515567051252,-0.0072001529297677,0.0122381391654449,0.0122381391654449,-0.0028202939437915,Information Technology,12.0,985.9791015625,981.4265075683594,980.949003092448,984.8237731933592,994.1168530273436,995.5274434407552
2022-10-14,972.2330932617188,1000.7358269334372,969.3877005508996,995.8790648372094,182791.0,982.709375,996.74638671875,0.4204838814840501,-0.001913643492998,0.024321298811339,0.0293167696813274,-0.0029266569205882,Information Technology,12.0,983.300537109375,981.436328125,978.87548828125,982.709375,992.3468383789062,994.2045104980468
2022-10-17,972.772705078125,979.886126859337,964.8252599844556,976.1577246614276,146505.0,981.4510375976564,997.173192138672,0.4225877260415147,0.0005550230908062,0.0034797641480193,0.00731252197361,-0.0081698890729373,Information Technology,12.0,976.1871215820312,981.191046142578,977.5214884440104,981.4510375976564,990.1588500976562,993.2462422688802
2022-10-18,970.1725463867188,987.1957355214194,966.9347251896376,979.297336991347,191173.0,980.8083740234376,997.4724450683592,0.412450198387115,-0.0026729354944199,0.0094053275766381,0.017546558288112,-0.0033373663366789,Information Technology,12.0,974.0874389648436,981.421612548828,978.0676635742188,980.8083740234376,987.20162109375,992.3877237955728
2022-10-19,968.45556640625,976.1577210652964,966.7875796728332,974.2934900305328,116156.0,979.9204223632812,997.8315502929688,0.4057560177236113,-0.0017697676427388,0.0060280758630426,0.0079530284364284,-0.0017223162231452,Information Technology,12.0,971.5462158203125,980.3913940429688,978.0055257161458,979.9204223632812,984.2581396484376,991.493231201172
2022-10-20,990.9241943359376,1003.728341554652,965.413992106787,965.4630382109262,270985.0,979.4396575927734,998.6056860351564,0.493356954445837,0.0232004737326919,-0.0256943530802312,0.0129214195111011,-0.0257438483942216,Information Technology,12.0,974.91162109375,980.445361328125,979.2548787434896,979.4396575927734,982.8413427734376,990.9159810384116
2022-10-21,969.9763793945312,1009.2228452391064,966.0517328100738,995.3884899830356,469420.0,977.7716857910156,999.0001135253906,0.4116853803339885,-0.0211396745191435,0.0261986901210591,0.0404612593443494,-0.0040461259344348,Information Technology,12.0,974.4602783203125,978.8804077148436,979.1109781901042,977.7716857910156,981.0595556640624,989.3657450358072
2022-10-24,977.8746948242188,986.0183238126048,974.6368137609992,986.0183238126048,89752.0,977.0112854003906,999.6329614257812,0.4424794204655639,0.0081427915127352,0.0083278860077773,0.0083278860077773,-0.0033111410698706,Information Technology,12.0,975.4806762695312,975.8338989257812,979.2875895182292,977.0112854003906,980.2569653320312,987.7124877929688
2022-10-25,968.8480224609376,981.112542316169,967.1800357835558,981.112542316169,176666.0,977.3546905517578,999.915535888672,0.4072861297589577,-0.0092309090429054,0.0126588686469926,0.0126588686469926,-0.0017216184981674,Information Technology,12.0,975.215771484375,974.6516052246094,979.3529988606772,977.3546905517578,979.689853515625,985.2039794921876
2022-10-27,965.95361328125,976.2067641702444,963.0101284261522,974.5387774419518,201212.0,977.1829895019532,1000.0185583496094,0.3960013750248684,-0.0029874749316569,0.0088877602844081,0.0106145375388839,-0.0030472320975114,Information Technology,12.0,974.715380859375,973.1307983398438,978.4993896484376,977.1829895019532,978.8794140625,982.6676798502604
2022-10-28,955.602294921875,970.368764138213,953.6890179396796,969.338556497138,203687.0,976.3539093017578,999.5063903808592,0.3556435397610115,-0.0107161650591197,0.014374454360625,0.0154525259041422,-0.0020021686766166,Information Technology,12.0,967.6510009765624,971.2813110351562,976.1805745442708,976.3539093017578,977.0819262695312,980.309619140625
2022-10-31,952.0701904296876,964.3347111488072,950.7456461461646,960.410064518689,264701.0,975.3506744384764,996.8131018066406,0.3418725314428943,-0.0036962076283798,0.0087597260925031,0.0128819501360342,-0.0013912254546327,Information Technology,12.0,964.0697631835938,969.2650207519532,973.943526204427,975.3506744384764,975.0313012695312,978.2279235839844
2022-11-01,958.9873046875,966.4441083715578,953.1493815989476,953.7380545636136,275429.0,974.5387634277344,994.1178479003906,0.3688410535215571,0.0072653406517125,-0.00547374308109,0.0077757063598331,-0.006087591629229,Information Technology,12.0,960.29228515625,967.8864807128906,970.653361002604,974.5387634277344,973.6674853515624,976.9295186360677
2022-11-02,967.8359375,986.073792417677,960.9537235681864,960.9537235681864,399345.0,974.5372161865234,991.9164807128906,0.4033402016454098,0.0092270593878022,-0.0071109303396924,0.0188439529997066,-0.0071109303396924,Information Technology,12.0,960.0898681640624,967.6528198242188,969.7976928710938,974.5372161865234,973.9017260742188,976.4231892903646
2022-11-03,961.1503295898438,969.6056571668464,957.6109292140762,963.5099698457852,152129.0,973.6568450927734,990.52724609375,0.3772742790924186,-0.0069077905160514,0.0024550168514725,0.0087970916897162,-0.0036824628435365,Information Technology,12.0,959.1292114257812,966.922296142578,968.4636027018228,973.6568450927734,973.5722338867188,975.5877136230469
2022-11-04,957.0211181640624,965.2305929652438,953.6783042284558,959.577345285539,145065.0,971.9886749267578,989.2182995605468,0.3611752636138359,-0.004296114040291,0.0026710247798713,0.0085781542803675,-0.0034929364380376,Information Technology,12.0,959.4129760742188,963.5319885253906,967.3251993815104,971.9886749267578,972.96572265625,974.1371012369792
2022-11-07,959.675537109375,968.4258044216192,954.6613767445606,961.8385306031126,172181.0,970.6911560058594,987.6102014160156,0.3715243417502609,0.0027736263024213,0.002253879993912,0.0091179434859833,-0.005224849619401,Information Technology,12.0,960.9340454101564,962.501904296875,966.4880289713542,970.6911560058594,972.4673486328124,972.681758626302
2022-11-09,955.349609375,965.3287834280952,953.6782025853354,965.3287834280952,119246.0,968.0416473388672,986.1157409667968,0.3546583665376314,-0.0045076982449766,0.0104455729663444,0.0104455729663444,-0.0017495237065706,Information Technology,12.0,960.2065063476564,960.2493957519532,965.3264892578125,968.0416473388672,971.6723120117188,971.4239888509114
2022-11-10,946.3043823242188,962.2809498180044,939.962901994288,957.6108762428976,185275.0,966.3233184814452,984.7082360839844,0.3193927346088253,-0.0094679758718891,0.0119480519480519,0.0168831168831169,-0.0067013113839285,Information Technology,12.0,955.9001953125,957.9950317382812,963.7352783203124,966.3233184814452,970.8098120117188,970.9014709472656
2022-11-11,975.504638671875,990.0555926798412,959.626364597338,963.4607647787984,732172.0,966.0404663085938,984.4999243164062,0.4332390191522616,0.0308571500809681,-0.0123463009970654,0.0149163350240724,-0.0162769846959976,Information Technology,12.0,958.7710571289062,958.9501342773438,964.2052164713542,966.0404663085938,970.6796875,971.10537109375
2022-11-14,981.4528198242188,997.52768047323,976.6352462921484,980.420499783958,298962.0,966.4082489013672,983.879765625,0.4564298540519005,0.0060975426630897,-0.0010518284928311,0.0163786382027923,-0.0049086144894189,Information Technology,12.0,963.6573974609375,961.535186767578,963.5737915039062,966.4082489013672,970.3224194335936,971.414335123698
2022-11-15,979.5847778320312,988.974131662328,974.5706175733718,985.1397314587828,132007.0,966.7758331298828,983.2330395507812,0.4491467111352893,-0.0019033436497967,0.0056707226903276,0.0095850344378327,-0.0051186588155816,Information Technology,12.0,967.6392456054688,964.2866455078124,964.2143513997396,966.7758331298828,970.0807739257812,971.662664794922
2022-11-16,967.7866821289062,981.9935493178252,851.4281378680881,979.2406758852376,179814.0,966.5265319824218,982.5583581542968,0.4031481642562147,-0.0120439761520549,0.0118352463077249,0.0146797506633042,-0.1202316031099501,Information Technology,12.0,970.12666015625,965.1665832519532,963.541817220052,966.5265319824218,968.4586499023436,971.4147033691406
2022-11-17,959.0364990234376,967.2951195268134,957.0210055676926,967.2951195268134,119425.0,965.969729614258,981.8205261230468,0.3690328529462055,-0.0090414378158422,0.0086113724678731,0.0086113724678731,-0.0021015815954839,Information Technology,12.0,972.6730834960938,964.2866394042968,962.887715657552,965.969729614258,967.593271484375,971.1203572591146
2022-11-18,948.8114624023438,966.2136433039776,945.4195022252908,962.5267431132984,148282.0,964.9875244140624,980.8909484863282,0.3291673663294919,-0.0106617804760357,0.014455222406597,0.0183410314811882,-0.003574956997742,Information Technology,12.0,967.3344482421876,963.0527526855468,961.7449055989584,964.9875244140624,966.2992626953124,970.122147623698
2022-11-21,949.1065063476562,958.1025678012816,941.8802051858672,948.7624196287702,134531.0,962.8966400146484,979.7082446289064,0.3303176869482889,0.0003109616156675,-0.0003625375198513,0.0094784530434248,-0.0076137937243705,Information Technology,12.0,960.865185546875,962.2612915039062,961.3118530273438,962.8966400146484,965.2996362304688,968.7462137858072
2022-11-22,945.3211669921876,956.6768070745532,943.8464069812792,953.8256403916804,91410.0,961.6638793945312,978.2849987792968,0.3155593637258712,-0.0039883188347696,0.0089963852460348,0.0120124678033994,-0.0015600624024961,Information Technology,12.0,954.0124633789062,960.8258544921875,960.8619181315104,961.6638793945312,964.2231591796876,967.4027221679688
2022-11-23,945.2720336914062,951.9084538343216,943.8464203257448,950.089547123602,108334.0,960.0337463378906,976.6409912109376,0.3153678022657695,-5.197524661124621e-05,0.0050964307209879,0.0070206458102852,-0.0015081514260972,Information Technology,12.0,949.5095336914062,959.818096923828,959.9475667317708,960.0337463378906,963.1231323242188,965.3004638671875
2022-11-24,921.6268310546876,953.4816153489958,904.5195887426016,950.0405082179096,602715.0,957.6726867675782,974.1914624023436,0.2231796229766121,-0.0250141777117654,0.0308299153256055,0.0345636468263998,-0.0185620055055351,Information Technology,12.0,942.0276000976562,957.350341796875,956.8669596354168,957.6726867675782,961.1813037109376,963.3323262532552
2022-11-25,932.441650390625,940.1595373607354,925.1661434315838,926.2476101379714,186248.0,955.9970886230468,971.999443359375,0.265344561008186,0.0117344883759094,-0.0066428180788136,0.0082770723153315,-0.0078026404719193,Information Technology,12.0,938.7536376953124,953.04404296875,954.953047688802,955.9970886230468,959.7407470703124,961.7083251953125
2022-11-28,932.1466674804688,942.519194756208,928.2139739186769,934.7029543005184,156524.0,954.8243072509764,970.1154943847656,0.2641944783539357,-0.0003163553558902,0.0027423654551692,0.0111275699818522,-0.0042189643529185,Information Technology,12.0,935.361669921875,948.113427734375,953.2947509765625,954.8243072509764,957.3896459960938,960.3099751790364
2022-11-29,928.7546997070312,937.898199571222,926.6408530681302,934.0146529599192,120651.0,953.6585327148438,968.400167236328,0.2509698366350651,-0.0036388777557997,0.0056634472531305,0.0098449029297777,-0.0022760010146574,Information Technology,12.0,932.0483764648436,943.030419921875,951.2333618164064,953.6585327148438,955.7407788085936,958.8606953938802
2022-11-30,931.6060180664062,936.3744454446572,927.1817374107088,929.6396711083185,100786.0,952.2894683837892,967.0734985351562,0.2620865883991771,0.0030700446094909,-0.0021107065862123,0.0051185021197566,-0.0047490898189777,Information Technology,12.0,929.3151733398438,939.412353515625,949.6504557291668,952.2894683837892,953.8900317382812,957.4884724934896
2022-12-01,964.2965087890624,979.3882572675805,950.4337871325032,954.7105676413164,924487.0,952.1124969482422,966.6989123535157,0.3895406375816874,0.0350904675245732,-0.0099408647240502,0.0156505269291804,-0.0143759948627912,Information Technology,12.0,937.8491088867188,939.9383544921876,950.849930826823,952.1124969482422,953.7079711914064,957.2926045735676
2022-12-02,969.1140747070312,978.9458091364256,963.5099740806476,969.310721397248,299697.0,952.5106842041016,966.3569018554688,0.4083234172180673,0.0049959383592693,0.0002029138729371,0.0101450744406601,-0.0057827048153004,Information Technology,12.0,945.18359375,941.9686157226564,950.4238932291668,952.5106842041016,953.8343896484377,957.3145548502604
2022-12-05,964.0015869140624,978.2576022228376,957.610959361853,976.684548674783,145618.0,952.8597076416016,965.626143798828,0.3883907928919839,-0.0052754241491274,0.0131565776787991,0.0147883732789393,-0.0066292707802141,Information Technology,12.0,951.5545776367188,943.4581237792968,949.2604777018228,952.8597076416016,954.170361328125,956.4171346028646
2022-12-06,952.9407958984376,961.4452696148962,951.7118291768764,959.0856295062428,120516.0,952.5229705810548,964.6182434082032,0.3452668577371681,-0.0114738307133212,0.0064482847562548,0.0089244512912689,-0.0012896569512509,Information Technology,12.0,956.391796875,944.220086669922,947.4842122395834,952.5229705810548,954.205185546875,955.8492818196614
2022-12-07,944.9279174804688,955.3495913791496,942.7157773615024,953.6781846209692,120559.0,952.001885986328,963.655147705078,0.3140261581514176,-0.0084085794757209,0.0092602482989727,0.0110290676208075,-0.0023410675862605,Information Technology,12.0,959.0561767578124,944.185675048828,945.9602945963542,952.001885986328,953.6428100585938,954.7510559082032
2022-12-08,939.9629516601562,947.8774858197924,938.930631553794,945.2229655486163,83533.0,951.684814453125,963.2148083496094,0.2946686941347327,-0.0052543328739306,0.0055959800108822,0.0084200490515689,-0.001098256164819,Information Technology,12.0,954.1894653320312,946.019287109375,944.6887247721354,951.684814453125,952.527890625,953.7882202148436
2022-12-09,918.4805908203124,951.6626926562476,914.3512505902124,943.64980554298,252667.0,948.8336120605468,962.1966674804688,0.2109130265227966,-0.0228544761279173,0.0274030991772928,0.0361271671579903,-0.004495838313156,Information Technology,12.0,944.0627685546876,944.6231811523436,942.6666666666666,948.8336120605468,950.8211010742187,952.2057861328124
2022-12-12,907.665771484375,918.1857397538396,903.8313708975128,918.1857397538396,171555.0,945.1442596435548,960.9063049316406,0.1687480884912227,-0.0117746846738248,0.0115901343864277,0.0115901343864277,-0.0042244631309514,Information Technology,12.0,932.79560546875,942.1750915527344,939.9039510091146,945.1442596435548,948.8468872070312,950.6079020182292
2022-12-13,908.5013427734376,919.217956535958,906.485849361626,909.4353694788548,163780.0,941.590087890625,959.6336340332032,0.1720058231356848,0.0009205715532227,0.0010280961198867,0.0117959250668857,-0.0022184814891508,Information Technology,12.0,923.90771484375,940.149755859375,937.449296061198,941.590087890625,946.7999194335938,949.1556070963542
2022-12-14,908.79638671875,922.4133754888244,905.9943662901836,914.351340911417,209282.0,938.6405731201172,958.3050512695312,0.1731561437544817,0.000324758953478,0.0061124298840176,0.0149835419342272,-0.0030832213568576,Information Technology,12.0,916.6814086914062,937.8687927246094,935.0175862630208,938.6405731201172,944.9377905273436,947.4825764973958
2022-12-15,908.550537109375,916.907511213322,905.6502235151082,909.386270524656,111944.0,936.116275024414,957.1187243652344,0.1721976225603332,-0.0002705222126406,0.0009198535261889,0.009198138972583,-0.0031922424519106,Information Technology,12.0,910.39892578125,932.2941955566406,934.1458333333334,936.116275024414,943.42763671875,945.506396484375
2022-12-16,921.6759033203124,930.082023774575,898.6696220693551,901.5699955616124,225855.0,934.7594970703124,955.9770874023436,0.223370946472167,0.0144464899582767,-0.0218145095106307,0.0091204732856524,-0.0249613569890216,Information Technology,12.0,911.03798828125,927.5503784179688,933.4281168619792,934.7594970703124,941.2744873046876,944.1905822753906
2022-12-19,924.7237548828124,928.5090085821384,910.4185935197412,926.0510750143204,138952.0,933.5403594970704,954.6638720703126,0.2352539440766858,0.0033068582475902,0.0014353693462498,0.0040933886248066,-0.0154696592225902,Information Technology,12.0,914.4495849609376,923.6225952148436,932.9332560221354,933.5403594970704,939.0053247070311,943.114003499349
2022-12-20,908.8455810546876,921.6759828560884,904.5687404487896,914.3513284918096,198017.0,931.7165802001952,953.1282653808594,0.1733479431791301,-0.0171707212497609,0.0060579569861944,0.0141172516749341,-0.0047057945761642,Information Technology,12.0,914.5184326171876,919.2130737304688,931.6059814453124,931.7165802001952,936.1757568359376,941.4196716308594
2022-12-21,892.8197021484375,916.3175694013636,890.7550621004671,913.073109322493,183008.0,929.0939636230468,950.8178637695312,0.1108660680785359,-0.0176332253138673,0.022684767288758,0.0263187149615782,-0.0023124938249035,Information Technology,12.0,911.323095703125,914.0022521972656,929.0202270507812,929.0939636230468,933.1770776367188,939.335341389974
2022-12-22,873.254638671875,901.0292876286804,865.1926046721649,895.5726871803879,263282.0,926.6753540039062,948.6695373535156,0.0345855807724061,-0.0219137900177181,0.0255573203051704,0.031805899135042,-0.0092321685367415,Information Technology,12.0,904.263916015625,907.3314208984376,922.9507690429688,926.6753540039062,929.7458032226564,936.900349934896
2022-12-23,833.9768676757812,865.1926242908193,831.2239940546666,852.5096629542076,393835.0,921.752114868164,945.7258410644532,-0.1185510300783452,-0.0449785998913569,0.0222221934405393,0.0374300029472443,-0.0033008992548997,Information Technology,12.0,886.7241088867188,898.8810485839844,913.941621907552,921.752114868164,925.1524194335938,932.1827575683594
2022-12-26,858.3103637695312,865.0942841187324,831.4697424024215,836.6314026656404,178822.0,918.0602996826173,943.4101049804688,-0.0236793245959372,0.0291776631186009,-0.0252577179759092,0.0079038080344358,-0.0312714636803765,Information Technology,12.0,873.4414306640625,893.9455078125,906.8955403645832,918.0602996826173,921.5205737304688,928.0780090332032
2022-12-27,867.1589965820312,881.1692184655844,860.2767823234436,873.5496241078625,182333.0,914.9805145263672,941.308623046875,0.0108198235279154,0.0103093626571611,0.0073696145124717,0.0161564625850338,-0.007936507936508,Information Technology,12.0,865.1041137695313,889.8112731933594,901.1767537434896,914.9805145263672,918.3940869140624,924.3304829915364
2022-12-28,866.9623413085938,876.9907225592184,860.7683605387845,867.7488680715918,127369.0,911.7483306884766,939.1924157714844,0.0100531017584152,-0.0002267811026727,0.0009072213699743,0.0115672628126934,-0.007144463461308,Information Technology,12.0,859.9326416015625,885.6278686523438,895.9790486653645,911.7483306884766,915.26169921875,920.9696716308594
2022-12-29,860.473388671875,864.9468157285755,856.0982549538586,861.2599154057768,81163.0,906.5571746826172,936.9984326171876,-0.0152460990250757,-0.0074846995394567,0.0009140628219959,0.0051987976799667,-0.0050845659791632,Information Technology,12.0,857.3763916015625,880.8201538085938,890.6797444661458,906.5571746826172,912.8155615234376,917.6842346191406
2022-12-30,866.3724365234375,879.8910711548207,865.2909097480406,865.2909097480406,129663.0,901.4200927734375,934.9567700195312,0.0077531744144615,0.0068555842972291,-0.0012483393166763,0.0156037219808498,-0.0012483393166763,Information Technology,12.0,863.8555053710937,875.2898071289062,887.2058675130208,901.4200927734375,910.17279296875,914.9362670898438
2023-01-02,869.2728271484375,876.0566879276954,864.0128132022207,870.7967339896236,123831.0,896.6836547851562,932.5237426757812,0.0190612496741285,0.0033477411130929,0.0017530823391604,0.0078040640031411,-0.0060510506965594,Information Technology,12.0,866.047998046875,869.7447143554688,884.646337890625,896.6836547851562,907.6578393554688,912.2751444498698
2023-01-03,872.4680786132812,878.6129122185469,867.3555650520722,870.010145171175,170921.0,892.6600189208984,930.5735766601564,0.0315189316589522,0.0036757751594806,-0.0028172187640524,0.0070430469101314,-0.0058598287851803,Information Technology,12.0,867.109814453125,866.1069641113281,882.2441202799479,892.6600189208984,905.4063745117188,909.8467081705728
2023-01-04,869.2728271484375,877.7280947891862,866.3724534782248,876.990714703953,71677.0,888.8772644042969,928.4015393066406,0.0190612496741285,-0.0036623133191558,0.0088785560924908,0.0097268284210441,-0.0033365516321579,Information Technology,12.0,867.5719116210937,863.7522766113282,879.6092163085938,888.8772644042969,902.913046875,907.3134012858072
2023-01-05,865.2417602539062,875.0243478295848,851.624832327456,871.6323875133357,108683.0,885.1412048339844,926.3294140625,0.0033448811866557,-0.0046372862105384,0.0073859440829047,0.0113061898131314,-0.0157377146503588,Information Technology,12.0,868.5255859375,862.9509887695312,876.7219645182291,885.1412048339844,898.9508569335937,905.4338989257812
2023-01-06,858.7528076171875,869.5185682157479,855.3608474274847,869.5185682157479,95628.0,882.1548156738281,924.1853979492188,-0.0219543195968352,-0.0074995832781054,0.0125365070169989,0.0125365070169989,-0.0039498679475815,Information Technology,12.0,867.00166015625,865.4285827636719,872.5270914713542,882.1548156738281,894.53640625,902.9776041666668
2023-01-09,862.5380859375,874.9261078469057,855.3609315023853,866.1758398317259,116898.0,879.8984313964844,922.3241137695312,-0.0071962343389643,0.0044078788293171,0.0042174994397747,0.0143622897485633,-0.0083209710413121,Information Technology,12.0,865.6547119140625,865.8513549804687,868.3813802083333,879.8984313964844,890.4778662109375,900.6573181152344
2023-01-10,866.1265869140625,870.0592803695931,859.4410200412883,865.192560216746,86695.0,877.7796936035156,920.6052416992188,0.006794653220313,0.0041603971292028,-0.001078395134647,0.004540552749388,-0.0077189258172922,Information Technology,12.0,864.3864135742188,865.7481140136719,865.533447265625,877.7796936035156,887.0052978515625,898.5697143554687
2023-01-11,863.2261962890625,876.9414764435745,848.8226827919178,868.8302963531592,124722.0,875.5011840820313,918.69001953125,-0.0045134220393539,-0.0033486913677755,0.0064920412380766,0.0158883965911518,-0.0166856770091827,Information Technology,12.0,863.1770874023438,865.3744995117188,863.560546875,875.5011840820313,883.7372290039062,896.2903869628906
2023-01-12,869.4694213867188,874.0412019581495,858.4579266914002,858.4579266914002,93013.0,873.5471282958985,916.7226892089844,0.0198277334790819,0.0072324323850403,-0.0126646141019615,0.0052581269208284,-0.0126646141019615,Information Technology,12.0,864.0226196289062,866.2741027832031,863.3081990559896,873.5471282958985,880.9174877929687,893.1294840494792
2023-01-13,869.8134765625,879.9401500870132,868.1420698623829,879.9401500870132,78190.0,870.9540069580078,914.8959521484376,0.0211691396288871,0.0003957070453754,0.0116423506848086,0.0116423506848086,-0.0019215691009094,Information Technology,12.0,866.2347534179687,866.6182067871093,865.6973063151041,870.9540069580078,878.9708032226563,889.8194641113281
2023-01-16,867.2572021484375,875.0242957431212,865.1925620830862,875.0242957431212,80053.0,868.080679321289,913.100673828125,0.011202708483572,-0.0029388765326617,0.0089559286166116,0.0089559286166116,-0.0023806548509907,Information Technology,12.0,867.1785766601563,866.4166442871094,866.2937622070312,868.080679321289,877.3544604492188,886.5946512858073
2023-01-17,869.076171875,873.5987456831767,863.521217951176,871.2883121088539,63438.0,866.0922088623047,911.2886865234376,0.0182945279046283,0.002097382093866,0.0025453928038106,0.0052038865573997,-0.0063917917710704,Information Technology,12.0,867.7684936523438,866.0774536132812,866.4215738932292,866.0922088623047,875.7774536132813,883.7991638183594
2023-01-18,866.6182250976562,872.0748255898536,865.1926116336766,870.9933588285688,80453.0,864.7821350097656,909.5140588378906,0.0087114576440633,-0.0028282293967867,0.0050485134101807,0.0062964294243668,-0.0016450305598165,Information Technology,12.0,868.4468994140625,865.8119934082031,866.3986328125,864.7821350097656,874.0903271484375,881.1888407389323
2023-01-19,852.3621826171875,870.1084503082875,843.071182078369,865.1925833573932,284067.0,863.7375122070313,907.63521484375,-0.0468701594955762,-0.0164501992545359,0.01505275691703,0.0208201021267859,-0.0109002965268711,Information Technology,12.0,865.0254516601562,864.5240356445313,865.8578857421875,863.7375122070313,871.84279296875,878.2688151041667
2023-01-20,835.2057495117188,850.1008495657127,833.436049507318,838.7451495205202,295089.0,863.7989562988281,904.8292370605468,-0.1137598518948828,-0.0201281021792751,0.0042377581941583,0.0178340487511035,-0.0021188790970791,Information Technology,12.0,858.10390625,862.1693298339844,863.780106608073,863.7989562988281,868.3839868164063,875.4929870605469
2023-01-23,811.462158203125,835.6974070096625,808.1685512493442,835.2058202996568,352820.0,861.4565460205079,901.429423828125,-0.2063316300333371,-0.0284284337392011,0.0292603442520462,0.0298661478684394,-0.0040588546495797,Information Technology,12.0,846.9448974609375,857.0617370605469,859.9260620117187,861.4565460205079,863.8535229492187,872.2861999511719
2023-01-24,861.9481201171875,870.0593005574217,815.0507375702049,815.0507375702049,1585932.0,861.1960021972657,899.0766906738281,-0.0094963996474647,0.062216039779177,-0.054408590786887,0.0094102884511557,-0.054408590786887,Information Technology,12.0,845.519287109375,856.6438903808594,859.2247314453125,861.1960021972657,861.9776245117188,870.7344258626302
2023-01-25,848.281982421875,861.1615897375476,841.2031220662259,857.0322495294072,273486.0,860.2619842529297,896.6865966796875,-0.0627780894431506,-0.0158549422829003,0.0103152811079989,0.0151831673695355,-0.008344937771092,Information Technology,12.0,841.8520385742188,855.1494689941406,857.825341796875,860.2619842529297,860.1961157226563,868.7172790527344
2023-01-27,832.40380859375,859.7360179487806,826.2097679776322,850.4450170327478,207333.0,858.8585052490234,894.1539428710937,-0.1246840903407063,-0.0187180373474304,0.0216736255321516,0.0328352766684298,-0.0074411488176416,Information Technology,12.0,837.8603637695312,851.4429077148437,855.6361450195312,858.8585052490234,858.5620825195313,866.1790547688802
2023-01-30,819.5733642578125,835.6482861768892,813.0844434883701,832.403825792168,217084.0,856.5185516357421,891.5691809082032,-0.1747075695628366,-0.0154137261308463,0.0156550494365743,0.0196137681141379,-0.0079174373551276,Information Technology,12.0,834.73388671875,846.418896484375,853.0241821289062,856.5185516357421,857.9859423828125,862.7756368001302
2023-01-31,831.8629760742188,835.6973762744993,811.8554217160798,825.8656424359758,173790.0,854.6480590820313,889.2243103027344,-0.126792694189105,0.0149951332636773,-0.0072095210518274,0.0046094132213649,-0.0240515023911267,Information Technology,12.0,838.8140502929688,842.8794738769532,850.9791748046875,854.6480590820313,856.928046875,859.6802775065104
2023-02-01,819.62255859375,860.2767561526789,814.067604679335,842.1371942641736,211713.0,852.0057830810547,886.7103381347656,-0.1745157701381882,-0.0147144635986019,0.0274695168335197,0.0496011208240541,-0.0067774536659237,Information Technology,12.0,830.3489379882812,837.9341125488281,847.87890625,852.0057830810547,855.0265893554688,856.7061767578125
2023-02-02,826.209716796875,846.5122708739368,819.9665899057646,822.473669995575,201008.0,849.8526275634765,884.329091796875,-0.1488336843990405,0.0080368190626997,-0.0045219109934753,0.0245731243100997,-0.0075563464870811,Information Technology,12.0,825.9344848632812,833.89326171875,845.4111409505208,849.8526275634765,853.396484375,854.4858439127604
2023-02-03,825.4232788085938,843.8577814620292,822.6704050806434,833.7311066727046,184597.0,847.861703491211,882.4050207519531,-0.151899857583401,-0.000951862429469,0.0100649304149773,0.0223333932137745,-0.0033351055132875,Information Technology,12.0,824.53837890625,831.1993713378906,842.4747314453125,847.861703491211,851.9944799804688,852.8914652506511
2023-02-06,829.1592407226562,833.3869342361603,819.5241536618382,827.8319806713918,105733.0,846.3820251464844,880.3393725585937,-0.1373340476792718,0.0045261164907475,-0.0016007299757133,0.0050987715095829,-0.0116203095709582,Information Technology,12.0,826.4555541992188,830.5947204589844,839.7644490559895,846.3820251464844,850.5059521484375,852.7308776855468
2023-02-07,819.8683471679688,832.1580150412856,817.6070002727633,828.3727613314176,109931.0,844.2485382080079,878.0938061523437,-0.1735574869085863,-0.0112051981071693,0.0103729021773131,0.0149898064924307,-0.0027581829485388,Information Technology,12.0,824.0566284179688,831.4353393554687,836.6051920572917,844.2485382080079,848.5297729492188,851.4494771321614
2023-02-08,823.7518310546875,833.6819186631844,821.1956041500848,821.1956041500848,144887.0,842.1298004150391,875.9937487792969,-0.1584165166950588,0.0047367164498218,-0.0031031517117598,0.0120547077822976,-0.0031031517117598,Information Technology,12.0,824.8824829101562,827.6157104492188,833.5835693359375,842.1298004150391,846.581123046875,850.0025716145833
2023-02-09,827.1929321289062,835.6974062070946,820.949804921087,826.7013454193726,155083.0,840.3281372070312,873.9054870605469,-0.1450003135160865,0.0041773516543361,-0.0005942830148082,0.0102811251739067,-0.0075473652703386,Information Technology,12.0,825.0791259765625,825.5068054199219,830.9552164713542,840.3281372070312,844.8979272460938,848.676924641927
2023-02-10,835.058349609375,845.3325242109357,824.7842350159596,827.5371086870394,165610.0,838.6075836181641,871.3207238769531,-0.1143345362751878,0.0095085646588225,-0.0090068447622299,0.012303540951799,-0.0123034690907785,Information Technology,12.0,827.0061401367187,825.7722595214843,829.8016276041667,838.6075836181641,843.6905908203125,847.829756673177
2023-02-13,823.3585815429688,837.5654492731451,822.0804681157314,835.6973957969302,120608.0,836.2848388671875,868.4056140136719,-0.1599497222695124,-0.0140107192172609,0.014985954516729,0.0172547758032142,-0.0015523168834193,Information Technology,12.0,825.8460083007812,826.15078125,829.01181640625,836.2848388671875,842.2748217773437,846.3959615071615
2023-02-14,823.7518310546875,836.6314389414847,821.3922508369336,823.3585976891337,109777.0,834.1095703125,865.6006188964843,-0.1584165166950588,0.0004776163393861,-0.0004773687301554,0.0156353010715701,-0.0028644309230035,Information Technology,12.0,826.622705078125,825.3396667480469,829.8311279296875,834.1095703125,840.7233715820313,844.8785949707031
2023-02-15,821.6381225585938,824.8334364981774,816.1815215249345,820.9498890930535,105141.0,831.7376678466796,862.9745654296875,-0.1666574669121784,-0.0025659530169267,-0.0008376357506356,0.0038889553099525,-0.0066411244608116,Information Technology,12.0,826.1999633789062,825.5412231445313,827.1437947591146,831.7376678466796,838.9438330078125,843.1842631022135
2023-02-16,841.203125,850.5924788421618,825.9147908503886,827.5861976081009,326867.0,830.4669128417969,860.9000695800781,-0.0903772175705954,0.0238121892159537,-0.0161874427082033,0.0111618152181278,-0.0181743668030375,Information Technology,12.0,829.002001953125,827.0405639648437,826.6718709309896,830.4669128417969,838.06291015625,842.2486063639323
2023-02-17,836.3364868164062,851.3298813475301,830.8798263739748,837.663746919183,187932.0,829.6656280517578,858.8275402832031,-0.1093513207025303,-0.005785330604417,0.0015869929432699,0.0179274667164142,-0.0065244797141432,Information Technology,12.0,829.2576293945312,828.131884765625,826.9340494791667,829.6656280517578,836.7375927734375,841.285097249349
2023-02-20,890.3126831054688,909.43541822546,832.7478910669887,836.3364980718925,2107473.0,832.4209747314453,858.2641821289062,0.1010916743224159,0.0645388514550261,-0.0606260991872021,0.021478673148056,-0.0646568257768611,Information Technology,12.0,842.6484497070312,834.2472290039062,831.6500040690104,832.4209747314453,837.5575610351563,842.3370930989583
2023-02-21,892.7214965820312,913.2206391027108,881.8574419127006,891.1484430582726,850053.0,836.4839416503906,857.9652966308594,0.1104831831228792,0.0027055814460155,-0.0017620876497108,0.0229625281783452,-0.0121695900803621,Information Technology,12.0,856.4423828125,841.5325439453125,835.7072387695313,836.4839416503906,838.5761328125,843.3432067871094
2023-02-22,861.554931640625,884.8561557435002,859.2936445775769,884.8561557435002,322564.0,836.4642822265625,857.0263684082031,-0.0110293672573716,-0.0349118566772883,0.0270455466588805,0.0270455466588805,-0.0026246580223759,Information Technology,12.0,864.4257446289063,845.3128540039063,838.5027303059895,836.4642822265625,838.275283203125,843.1908182779948
2023-02-23,852.558837890625,870.1084590789608,849.6093176903573,864.70100537847,232452.0,836.678125,855.9016174316406,-0.046103437726076,-0.0104416949165029,0.014242028758844,0.0205846451979272,-0.0034596089667726,Information Technology,12.0,866.6968872070313,847.8494445800782,840.2593383789062,836.678125,837.7129077148437,842.8352396647135
2023-02-24,846.7089233398438,867.1097708900852,842.5795831593715,856.8355971101427,280172.0,837.3933807373047,854.66478515625,-0.0689111497055117,-0.0068615962802695,0.0119600413922109,0.0240942866998143,-0.004876930036575,Information Technology,12.0,868.7713745117187,849.014501953125,841.6783813476562,837.3933807373047,837.48677734375,842.0765563964844
2023-02-27,834.3209228515625,843.4644834738548,824.1451021695171,843.4644834738548,242146.0,838.1307586669922,852.917685546875,-0.11720962392854,-0.0146307664261016,0.0109592848169757,0.0109592848169757,-0.0121965306194961,Information Technology,12.0,857.5730224609375,850.1107360839844,842.0224934895833,838.1307586669922,837.4513842773438,840.8934712727864
2023-02-28,841.6456298828125,853.394564751703,834.3701822711532,838.3520227893908,201853.0,838.6198913574219,851.256123046875,-0.0886519746069467,0.0087792440901702,-0.003913294356296,0.0139594794432977,-0.0086443122299254,Information Technology,12.0,847.3578491210938,851.9001159667969,843.4743123372396,838.6198913574219,838.6587231445312,840.0397521972657
2023-03-01,842.7271118164062,854.3285460449534,835.1566645628833,838.9418581855734,167644.0,839.7751190185547,849.9337536621093,-0.0844354808037893,0.0012849611465865,-0.0044916718327409,0.0137665373118724,-0.0089832724583948,Information Technology,12.0,843.59228515625,854.0090148925781,844.7393310546875,839.7751190185547,837.8898828125,839.1614501953125
2023-03-02,835.844970703125,842.4813917937845,833.731123685804,838.6469911603665,121734.0,840.2568817138672,848.7942590332032,-0.1112676491971872,-0.0081665120497281,0.0033523207717387,0.0079397751057552,-0.0025289941214131,Information Technology,12.0,840.24951171875,853.4731994628906,845.3161336263021,840.2568817138672,837.39240234375,838.1356750488281
2023-03-03,839.4826049804688,849.0685458747608,837.6637581473733,840.0725450403883,136627.0,840.959848022461,848.118818359375,-0.0970852001778082,0.0043520442245213,0.0007027424468588,0.0114188678090776,-0.0021666283759838,Information Technology,12.0,838.804248046875,853.7878112792969,845.611083984375,840.959848022461,837.6755541992187,837.7063557942708
2023-03-06,844.7426147460938,859.0969226796022,841.4489477831142,845.5291414807263,235989.0,841.7390167236329,848.3341333007812,-0.0765774155423263,0.0062657757700022,0.0009310844757948,0.0169925225541309,-0.0038990183583546,Information Technology,12.0,840.8885864257812,849.2308044433594,847.0366861979167,841.7390167236329,838.68232421875,838.0242513020834
2023-03-08,844.496826171875,847.4954931192179,836.6805854344019,844.5459728415409,144359.0,842.9704406738281,848.0578625488281,-0.0775356987719281,-0.0002909626789606,5.819639357174111e-05,0.0035508327022801,-0.0092555004296515,Information Technology,12.0,841.4588256835938,844.4083374023437,848.4196858723958,842.9704406738281,839.1876782226562,839.1254069010416
2023-03-09,834.0751342773438,848.9702353690088,830.7815273732629,848.1837086464969,165873.0,843.486605834961,847.3961853027344,-0.1181679071581418,-0.0123407117369203,0.0169152319609395,0.0178582246125469,-0.0039488132048614,Information Technology,12.0,839.7284301757812,841.6603576660157,849.2488199869791,843.486605834961,839.76578125,838.1963073730469
2023-03-10,828.0778198242188,833.0919803043136,820.9989591402102,825.8656796109751,185104.0,843.5308502197265,846.6184948730469,-0.1415503035178825,-0.007190376749837,-0.0026714158504006,0.006055180274191,-0.0085485452146408,Information Technology,12.0,838.175,839.212255859375,848.3737996419271,843.5308502197265,839.8405053710937,837.5228352864583
2023-03-13,816.181396484375,829.4050302942467,812.2978496742179,822.2278767003653,216488.0,842.5870025634765,845.7326550292969,-0.1879322112817072,-0.0143663108164992,0.0074082553731742,0.0162018319295578,-0.0047581907978853,Information Technology,12.0,833.5147583007813,836.1595031738282,847.030126953125,842.5870025634765,839.470830078125,836.9820882161458
2023-03-14,813.428466796875,830.5357075039715,809.7907733203868,814.0675534930907,142445.0,842.0904968261718,844.6737756347657,-0.1986653641965224,-0.0033729385395917,0.000785670433606,0.0210310327280056,-0.0044720508624596,Information Technology,12.0,827.2519287109375,834.0702575683594,841.9045125325521,842.0904968261718,838.8415991210937,836.7772583007812
2023-03-15,808.709228515625,825.865615506039,806.2021484701809,824.8824421542461,121678.0,841.3383666992188,843.4625036621094,-0.2170647829481523,-0.0058016635437329,0.0199987994056982,0.0212145309902105,-0.0031001007000326,Information Technology,12.0,820.0944091796875,830.7766174316406,836.3036946614583,841.3383666992188,838.395234375,836.0054667154948
2023-03-16,798.5335083007812,819.7700313549736,795.3873411795296,810.1349433027594,187438.0,840.1831359863281,841.9838122558593,-0.256737994211124,-0.0125826685983553,0.014528426022679,0.0265944044093804,-0.0039399312471514,Information Technology,12.0,812.986083984375,826.3572570800782,832.1022664388021,840.1831359863281,837.3865014648437,835.3024983723958
2023-03-17,805.218994140625,818.196894692505,801.3354473076715,801.7778873280582,152554.0,838.3839294433594,840.7027355957031,-0.2306725475872263,0.0083722045103278,-0.0042735042735042,0.0161172310220163,-0.0048229697277548,Information Technology,12.0,808.4143188476562,823.2946594238281,828.9462768554688,838.3839294433594,836.5075439453125,834.6028076171875
2023-03-20,792.3886108398438,804.137544928595,779.754796691065,800.3031446793317,263328.0,836.1865356445312,839.2456726074219,-0.2806957888448099,-0.0159340296169671,0.0099881973708575,0.0148272374539795,-0.0159439623133758,Information Technology,12.0,803.65576171875,818.5852600097656,825.3249226888021,836.1865356445312,834.8007543945313,833.5016520182292
2023-03-21,792.6343994140625,799.3199664677611,790.8646993128101,796.3704462962933,104908.0,831.302621459961,837.9233044433594,-0.279737505615208,0.0003101869093729,0.0047134553900165,0.0084346163359056,-0.0022326814260907,Information Technology,12.0,799.4969482421875,813.3744384765625,822.545821126302,831.302621459961,833.571787109375,832.2841573079427
2023-03-22,789.0949096679688,807.185323379112,787.5218563053212,795.780536479569,209499.0,826.1212921142578,836.4544409179688,-0.2935373076434772,-0.0044654758217789,0.0084725255855642,0.0229255232665932,-0.0019934906984883,Information Technology,12.0,795.5740844726563,807.8342468261719,819.0424397786459,826.1212921142578,832.1855102539063,831.2583760579427
2023-03-23,791.0121459960938,798.1892998056435,787.0794524009276,788.5050658308038,150967.0,822.5941528320312,834.9521520996094,-0.2860623653022175,0.0024296650563006,-0.0031694584943862,0.0090733800307349,-0.0049717233990305,Information Technology,12.0,794.0698120117188,803.5279479980469,815.594775390625,822.5941528320312,830.9604711914062,830.1670532226562
2023-03-24,783.4417114257812,804.3341464861653,781.6228646120168,792.4377721726861,260226.0,819.138296508789,833.3564624023437,-0.3155780598888659,-0.0095705667841286,0.0114827441731855,0.0266675041112656,-0.0023216108961755,Information Technology,12.0,789.71435546875,799.0643371582031,812.1012247721354,819.138296508789,828.6500146484375,828.7086791992188
2023-03-27,770.7096557617188,789.3899504465138,766.8752554810566,785.5555501658515,218560.0,815.3383331298828,831.3812670898437,-0.3652179402616994,-0.016251439613665,0.0192626293094253,0.024237784676945,-0.0049751553675196,Information Technology,12.0,785.378564453125,794.5171630859375,807.5163614908854,815.3383331298828,826.02494140625,826.5637227376302
2023-03-28,757.2401733398438,770.7096610754811,752.1276595997593,768.8416075908651,302138.0,811.4842956542968,829.1298010253906,-0.4177329082878852,-0.0174767272229937,0.0153206798311462,0.017787603206826,-0.0067515088608353,Information Technology,12.0,778.2997192382812,788.8983337402344,801.6828653971354,811.4842956542968,820.702041015625,824.359775797526
2023-03-29,753.2091064453125,768.8415872742213,750.4070863005747,756.9943599834527,222191.0,807.0624694824219,826.8488391113282,-0.4334492767753579,-0.0053233663987371,0.0050255015582647,0.0207545032251197,-0.0037201092243315,Information Technology,12.0,771.12255859375,783.3483215332031,795.5970174153646,807.0624694824219,815.1215454101563,822.0083516438802
2023-03-31,754.9296264648438,771.5944266092523,753.0124864549284,757.0434731528767,397406.0,802.6725952148438,824.565908203125,-0.4267412941681451,0.0022842528121454,0.0028000579311366,0.0220746405495382,-0.0025394949975573,Information Technology,12.0,763.9060546875,778.9879333496094,790.3206502278646,802.6725952148438,810.856533203125,819.7847351074219
2023-04-03,778.3783569335938,784.2773970619148,758.1249498214745,760.9761765534187,356557.0,799.7992645263672,822.8011108398438,-0.3353191227548477,0.0310608163287415,-0.0223569684654781,0.0075786281514305,-0.0260200029095196,Information Technology,12.0,762.8933837890625,776.3038696289062,787.0073527018229,799.7992645263672,807.8893139648437,817.690576171875
2023-04-05,795.8297119140625,798.3367920549714,782.7043111629537,791.4054316625263,264927.0,797.6166198730468,821.6704614257812,-0.2672795856658376,0.0224201441689848,-0.0055593303256989,0.003150272103914,-0.0164927252081864,Information Technology,12.0,767.9173950195312,776.6479797363281,785.6505737304688,797.6166198730468,805.8541455078125,816.3403503417969
2023-04-06,792.0444946289062,794.3549882042813,784.5724005318605,794.3549882042813,115851.0,794.9817138671875,820.807236328125,-0.2820374329591618,-0.0047563156143697,0.0029171259835063,0.0029171259835063,-0.0094339322446104,Information Technology,12.0,774.8782592773438,776.5889892578125,784.2249755859375,794.9817138671875,804.1630883789062,813.0647440592448
2023-04-10,789.2424926757812,796.3705002396547,788.1610258762449,794.0108599393901,115540.0,792.2189971923829,820.3628430175781,-0.292961909369532,-0.0035376825066346,0.006041701134771,0.0090314543755838,-0.0013702592163655,Information Technology,12.0,782.0849365234375,776.6037475585938,782.9271931966146,792.2189971923829,802.066962890625,809.6154439290365
2023-04-11,793.8141479492188,803.4492343061132,791.1104213690213,791.1595680324886,129925.0,790.2059478759766,819.0001635742187,-0.2751378888918473,0.005792459625353,-0.0033440823945859,0.0121377105482263,-0.0034059944474187,Information Technology,12.0,789.8618408203125,776.8839477539062,782.6125691731771,790.2059478759766,800.1104443359375,807.3574178059896
2023-04-12,795.7806396484375,798.484366721608,792.4378258092587,798.484366721608,105339.0,788.5910888671875,817.95013671875,-0.2674709091613925,0.0024772696534813,0.0033975783506934,0.0033975783506934,-0.0042006724876538,Information Technology,12.0,793.3422973632812,778.1178405761718,781.9833455403646,788.5910888671875,798.50787109375,805.4648111979167
2023-04-13,793.8634033203125,799.3200038913739,783.4909355666474,795.7806035231569,172732.0,787.4751892089844,817.1793286132812,-0.2749458515026522,-0.002409252289641,0.0024150252988432,0.0068734753966983,-0.0130658091937259,Information Technology,12.0,792.9490356445312,780.4332153320313,782.0816650390625,787.4751892089844,796.6831030273438,803.7032938639323
2023-04-17,787.2269897460938,791.9462102824608,770.2672478126705,783.5400893257843,292953.0,786.1651153564453,816.5324011230468,-0.300819974630995,-0.0083596416542973,-0.0046834019518292,0.0059947392528922,-0.0215436489784138,Information Technology,12.0,791.9855346679688,783.4318969726562,781.7211710611979,786.1651153564453,794.3824780273437,802.13349609375
2023-04-18,787.3252563476562,793.2734434887764,783.5892093835914,785.5555562076405,110945.0,785.0959167480469,815.6416467285156,-0.3004368517107916,0.0001248262608402,-0.0022477370384702,0.0075549299265633,-0.0047452395740434,Information Technology,12.0,791.6020874023437,786.8435119628906,781.603194173177,785.0959167480469,792.095615234375,800.3228169759115
2023-04-19,786.4404907226562,796.0264321534777,784.4249370819659,792.4378249479114,112260.0,784.4912658691406,814.9780053710938,-0.3038863857799022,-0.0011237612636794,0.0076259224900083,0.0121890232559274,-0.0025628813171079,Information Technology,12.0,790.1273559570312,789.9945983886719,781.298417154948,784.4912658691406,790.1902294921875,798.4465962727865
2023-04-20,785.3097534179688,791.3070871559947,775.2813727341954,789.4882403688625,109801.0,783.4958038330078,814.1600061035156,-0.3082949169722547,-0.0014377913116458,0.0053208137715181,0.0076369021420188,-0.0127699683343113,Information Technology,12.0,788.0331787109375,790.6877380371094,781.4229532877604,783.4958038330078,788.4795068359375,796.7620890299479
2023-04-21,783.3433837890625,788.5050439897435,780.0497769975984,787.5218706181852,65788.0,783.0435424804688,813.318408203125,-0.315961420773616,-0.0025039414324702,0.0053341700658926,0.0065892689049262,-0.0042045504687009,Information Technology,12.0,785.9291748046875,789.4391052246094,782.2652018229167,783.0435424804688,787.165986328125,794.890781656901
2023-04-24,782.851806640625,786.4404134937882,779.8039931549195,786.4404134937882,71675.0,782.5544128417969,812.3922595214843,-0.3178779872328197,-0.0006275372443432,0.0045840181024332,0.0045840181024332,-0.0038932189462324,Information Technology,12.0,785.0541381835938,788.5198364257812,783.9726440429688,782.5544128417969,785.942919921875,792.8277547200521
2023-04-25,788.800048828125,796.3704964129388,780.2956344700839,783.2451548271688,136038.0,782.5396697998046,811.7708935546875,-0.294686914368634,0.0075981713742542,-0.0070422079831369,0.009597422814642,-0.0107814576972651,Information Technology,12.0,785.3490966796875,788.4755920410156,786.3453735351562,782.5396697998046,785.146552734375,790.9711954752604
2023-04-26,791.8970947265625,797.5994889324005,784.375793570351,786.981227306332,144475.0,782.5839172363281,811.133798828125,-0.2826121173394668,0.0039262749831704,-0.0062077098817087,0.0072009283072405,-0.0094978264300976,Information Technology,12.0,786.4404174804688,788.28388671875,788.8098714192708,782.5839172363281,784.8810961914063,789.5652608235677
2023-04-27,793.7649536132812,796.3703869070343,787.5218270525118,790.4713470040193,98132.0,783.1000793457031,810.4652392578125,-0.2753296883164957,0.0023587141551058,-0.0041493474790857,0.0032823738083835,-0.0078652081228206,Information Technology,12.0,788.1314575195313,788.0823181152343,789.83564453125,783.1000793457031,784.4229345703125,788.4214986165365
2023-04-28,808.9059448242188,810.1349116197584,798.2876837123848,798.3368303825775,191573.0,785.0098937988281,809.9421911621093,-0.2162978232141054,0.0190749051618045,-0.013065937405044,0.0015192950470981,-0.0131266943700621,Information Technology,12.0,793.2439697265625,789.586572265625,790.7073933919271,785.0098937988281,785.0836279296875,788.1789835611979
2023-05-02,814.3133544921875,822.7194749154409,810.4298076276023,813.0352410958805,204903.0,787.8635528564453,809.7612866210937,-0.1952153541983185,0.0066848435254655,-0.0015695596655221,0.0103229553793766,-0.0047691061962346,Information Technology,12.0,799.536279296875,792.2952087402343,792.1919840494792,787.8635528564453,785.9507861328125,788.2084798177083
2023-05-03,815.2965698242188,819.9174969638323,807.3820356852567,814.0676030322015,107976.0,790.9679260253906,809.5921813964844,-0.1913819833153645,0.0012074164406211,-0.0015073861923424,0.0056677868037759,-0.0097075523581172,Information Technology,12.0,804.8355834960937,795.0923400878906,793.9289225260417,790.9679260253906,786.9988525390625,788.4280578613282
2023-05-04,815.0015869140625,818.983427109063,812.7403001373583,815.2965269269994,99174.0,793.9715240478515,809.4594506835938,-0.1925320659696147,-0.0003618105620386,0.0003618888817795,0.0048856839777176,-0.0027745795996132,Information Technology,12.0,809.4564819335938,797.9484497070313,795.3414184570313,793.9715240478515,787.9584301757812,788.9769938151042
2023-05-05,856.7865600585938,873.9920963383538,811.2656389314869,815.0016862363194,1909077.0,797.8919342041015,809.7711193847656,-0.0296203474691031,0.0512698058696384,-0.0487692918752329,0.020081473125096,-0.0531298263175297,Information Technology,12.0,822.0608032226562,805.0961303710938,799.4084798177083,797.8919342041015,790.8922241210937,790.6959126790365
2023-05-08,841.203125,868.7319798060906,825.8656441827202,861.2598860762654,737005.0,800.1606048583984,809.8684521484375,-0.0903772175705954,-0.0181882347191907,0.0238429464658318,0.0327255736313278,-0.0182327910601614,Information Technology,12.0,828.5202392578125,810.8821044921875,802.5644612630208,800.1606048583984,793.711962890625,792.3230631510417
2023-05-09,840.4166259765625,861.7023544864036,830.8306851479624,841.2031527095883,511071.0,802.5792114257813,808.8705310058593,-0.0934436287195026,-0.0009349692126232,0.0009358771693881,0.02532759092564,-0.0114061770463682,Information Technology,12.0,833.7408935546875,816.6385864257812,806.1104370117188,802.5792114257813,797.0390209960938,793.9158040364583
2023-05-10,833.8292846679688,849.9533514282199,831.7646446596576,840.6132047092284,206607.0,804.8085510253907,807.6926867675782,-0.1191264283522904,-0.007838185377329,0.0081358620595353,0.0193373716379747,-0.0024760943831965,Information Technology,12.0,837.4474365234375,821.1415100097656,809.2107055664062,804.8085510253907,800.263828125,795.4069498697917
2023-05-11,834.3701782226562,843.5628260416468,826.8488772739219,838.3028720503563,249149.0,806.8363525390625,807.1489916992188,-0.1170175865393449,0.0006486862054777,0.0047133681552202,0.0110174692947109,-0.0090143453649745,Information Technology,12.0,841.3211547851563,825.388818359375,812.4060180664062,806.8363525390625,803.4414501953125,796.852217610677
2023-05-12,841.1539916992188,847.4954721408805,828.7168841744264,831.1748176783153,182302.0,809.1050201416016,806.9208947753906,-0.0905687790306971,0.0081304601406214,-0.011863670765854,0.0075390243691897,-0.0147857677042798,Information Technology,12.0,838.1946411132812,830.1277221679687,816.1289672851562,809.1050201416016,805.9524755859375,798.7759602864584
2023-05-15,849.7567749023438,855.360875397959,837.2704604667449,841.1540074773643,257693.0,811.8996887207031,806.9818518066406,-0.0570281521009929,0.0102273582340689,-0.0101237997496025,0.006594946531917,-0.0146939863315991,Information Technology,12.0,839.90537109375,834.2128051757812,820.5565266927083,811.8996887207031,808.1095581054688,801.4108642578125
2023-05-16,853.5419921875,860.2767058241241,850.4449720432768,854.2301655456467,187919.0,815.2154388427734,807.3662731933593,-0.0422703048076687,0.0044544714404792,0.0008062560066706,0.0078903131870102,-0.0036284332494127,Information Technology,12.0,842.5304443359375,838.1356689453125,825.2692057291666,815.2154388427734,810.5694580078125,804.6209248860677
2023-05-17,854.082763671875,859.2444241372472,843.5627960551069,853.5420302914171,177124.0,818.5533142089844,807.6150158691406,-0.0401619389238167,0.0006335616634268,-0.0006331159033501,0.0060435132108054,-0.0123172695483756,Information Technology,12.0,846.5811401367188,842.0142883300781,829.62138671875,818.5533142089844,813.1630688476563,807.9833801269531
2023-05-18,861.1124877929688,863.1771881522245,854.0828332579902,859.244494143907,217364.0,822.2869140625,807.9827233886718,-0.0127543722564736,0.0082307294094913,-0.0021692794792111,0.0023977127129437,-0.0081634567314144,Information Technology,12.0,851.9296020507812,846.6253784179687,834.2357462565104,822.2869140625,815.8550024414062,811.5228088378906
2023-05-19,860.2766723632812,873.05792578125,855.3608056640625,861.7514323730469,242204.0,826.0352600097656,808.471357421875,-0.0160130587591226,-0.0009706228181984,0.0017142857142857,0.0148571428571429,-0.0057142857142857,Information Technology,12.0,855.7541381835938,846.9743896484375,838.6698608398438,826.0352600097656,818.43484375,814.2527526855469
2023-05-22,888.0513305664062,894.491104023079,858.8510699981332,860.2766833607589,612394.0,831.2706573486328,809.4427319335938,0.0922750878668044,0.0322857274820956,-0.0312759479656795,0.0072515779606627,-0.032881275623616,Information Technology,12.0,863.4130493164063,851.6592102050781,843.946219889323,831.2706573486328,822.2023608398438,817.326806640625
2023-05-23,875.8108520507812,898.9154269331697,871.1407784043411,894.6386466496865,269954.0,835.9186096191406,810.0640966796875,0.0445517739531745,-0.0137835259002629,0.0214975580113199,0.0263807816816692,-0.0053322856590607,Information Technology,12.0,867.8668212890625,855.1986328125,848.0460530598958,835.9186096191406,825.7457153320313,820.1190185546875
2023-05-24,863.7178344726562,873.0088351319587,862.1447810312276,873.0088351319587,178548.0,839.6644989013672,810.4485168457031,-0.0025966176156035,-0.0138077959981978,0.0107569860068654,0.0107569860068654,-0.0018212584928144,Information Technology,12.0,869.7938354492187,858.1874877929688,851.2741373697917,839.6644989013672,828.8014184570312,822.6015299479167
2023-05-25,867.0606689453125,872.7630628181184,862.8821818821492,863.6195619521192,106899.0,843.4226776123047,811.1082275390625,0.0104364626431653,0.0038702853400002,-0.0039687038248189,0.0065766953536738,-0.0048191403587086,Information Technology,12.0,870.9834716796875,861.4565368652344,854.7447428385417,843.4226776123047,832.0262255859375,825.0430806477865
2023-05-26,873.5003662109375,883.4795396103253,865.7332728191363,870.698286186136,226758.0,847.4094482421875,812.0166784667969,0.0355436260374612,0.0074270434541313,-0.0032078750429794,0.0114243494169046,-0.0088919177280866,Information Technology,12.0,873.6282104492187,864.6911743164062,855.8589965820313,847.4094482421875,835.5538500976562,827.6337381998698
2023-05-29,874.7785034179688,893.655444068796,872.0747766583179,873.5003900423072,272943.0,850.703076171875,813.1886206054687,0.0405268416101188,0.0014632360288245,-0.0014610708546993,0.0215791089710943,-0.0030907558302892,Information Technology,12.0,870.9736450195312,867.1933471679688,858.0973551432292,850.703076171875,839.2112548828125,830.330908203125
2023-05-30,880.8743286132812,886.4292230050162,867.8472794530553,878.3672481350186,119999.0,854.0311248779296,814.5375378417968,0.0642933127482496,0.00696842134494,-0.0028461273042312,0.00630611451747,-0.0147887714933568,Information Technology,12.0,871.9863403320312,869.9265808105469,860.7945353190104,854.0311248779296,843.1321557617188,833.4524861653646
2023-05-31,905.0111083984376,917.8415091774714,877.9738400866971,883.528793761275,523030.0,858.5168518066406,816.4635754394532,0.1583980584966108,0.0274009345046456,-0.0237370728798886,0.0141770644138714,-0.0298750678978815,Information Technology,12.0,880.2449951171875,875.0194152832031,865.539990234375,858.5168518066406,847.7805981445313,837.3753479003906
2023-06-01,903.3887939453124,917.399013954854,898.6204272786537,914.3512006227,346729.0,862.9362121582031,818.5606811523437,0.1520729608450547,-0.0017925906522804,0.0121347605270949,0.0155085164919475,-0.0052783106217582,Information Technology,12.0,887.5106201171875,879.2470458984375,870.1412312825521,862.9362121582031,852.2402661132812,841.2736246744792
2023-06-02,913.2698364257812,929.0989048759656,909.3862893191152,909.435435989702,491253.0,865.7603759765625,820.7216979980469,0.1905972792765097,0.0109377518812425,-0.0041985405442556,0.017332301822355,-0.0042523545087889,Information Technology,12.0,895.4645141601562,884.5463623046875,874.9489542643229,865.7603759765625,857.0204614257813,845.5389607747396
2023-06-05,912.8273315429688,931.704272334724,910.6151914503756,919.2671051442226,201852.0,869.341586303711,823.1304724121094,0.1888720363128611,-0.0004845280826796,0.0070547554600151,0.0206796402117444,-0.0024233937965616,Information Technology,12.0,903.0742797851562,887.0239624023437,879.1536580403646,869.341586303711,861.1773168945313,849.8550923665365
2023-06-06,897.293212890625,917.202473916176,894.6877794198273,917.202473916176,200763.0,872.185415649414,825.2236486816406,0.1283074415651106,-0.0170175871334682,0.0221881328639648,0.0221881328639648,-0.0029036589526898,Information Technology,12.0,906.358056640625,889.1721984863282,882.0704060872396,872.185415649414,864.4965112304687,853.6698059082031
2023-06-07,904.1262817382812,910.3694691584128,898.8663277775145,899.6037078659292,129588.0,875.7002655029297,827.5242761230469,0.1549482864629536,0.0076152017528847,-0.0050021484428667,0.0069052161697238,-0.0058177204523398,Information Technology,12.0,906.1810913085938,893.2130432128906,885.406640625,875.7002655029297,868.0496997070312,857.514013671875
2023-06-08,898.079833984375,911.8934094794422,895.2286068679189,906.2893086001492,155470.0,878.8857482910156,829.6656298828125,0.1313743286431112,-0.0066876141928772,0.009141141249495,0.0153812333518086,-0.0031748036294351,Information Technology,12.0,905.1192993164062,896.3149597167969,887.8711303710937,878.8857482910156,871.3728295898437,861.0534383138021
2023-06-09,892.1315307617188,905.6993111264858,888.2479839885502,900.2427109807592,120104.0,881.4346252441406,831.8394262695313,0.1081830178143788,-0.00662335685266,0.0090919107097524,0.0152082735526482,-0.0043531100956073,Information Technology,12.0,900.8916381835936,898.178076171875,889.9947875976562,881.4346252441406,872.7866284179687,864.33232421875
2023-06-12,902.454833984375,911.3525407215304,891.4924272256021,897.2931739425394,150521.0,884.0695281982422,834.4743298339844,0.1484316273512957,0.0115715036031088,-0.0057195771438739,0.0098594482539051,-0.0121473190080587,Information Technology,12.0,898.817138671875,900.9457092285156,890.9550211588542,884.0695281982422,875.2366967773437,867.4506205240885
2023-06-13,898.6696166992188,913.0731307308844,895.3268632094554,907.9606171492064,193344.0,886.3259094238281,837.3029187011718,0.1336737800579715,-0.0041943564847942,0.01033861641402,0.016027596531603,-0.0037196689724986,Information Technology,12.0,899.0924194335937,902.7252380371094,892.4789388020833,886.3259094238281,877.56681640625,870.2624959309895
2023-06-14,901.1766967773438,907.124943737296,897.6372966099584,903.4871902269526,133270.0,888.6806060791016,840.2622705078124,0.1434484117786382,0.0027897683770965,0.0025638628449573,0.0066005334816394,-0.003927531837033,Information Technology,12.0,898.5025024414062,902.341796875,894.9761962890625,888.6806060791016,880.260712890625,873.125166829427
2023-06-15,901.6683349609376,916.612583203168,896.6050277658834,905.3060886790288,194482.0,890.7083984375,843.1970446777344,0.1453652162023886,0.0005455513722801,0.004034469856645,0.0165739969596225,-0.0056154874234032,Information Technology,12.0,899.2202026367188,902.1697509765625,897.2833740234375,890.7083984375,882.9526391601562,876.0140584309896
2023-06-16,892.7214965820312,911.2051455228496,886.9207491978987,902.0616443986936,183797.0,892.3306396484375,845.4839074707031,0.1104831831228792,-0.0099225380686057,0.0104625550660792,0.0207048323711109,-0.0064978242445622,Information Technology,12.0,899.3381958007812,900.1149169921875,898.5647827148438,892.3306396484375,885.0153393554688,877.2118896484375
2023-06-19,900.9801025390624,909.4353695390888,896.6049690299221,896.6541156969178,227034.0,892.9770782470703,847.5869152832031,0.1426819279736848,0.0092510441259127,-0.0048014232833262,0.0093845213409244,-0.004855971288168,Information Technology,12.0,899.0432495117187,898.9301940917969,900.3115559895833,892.9770782470703,887.0642724609374,879.2044555664063
2023-06-20,929.2955932617188,946.5502759819624,904.3229626524438,904.5196093517584,858003.0,895.6513153076172,850.3319372558594,0.2530786784480106,0.0314274317966179,-0.0266610366923181,0.0185674857874682,-0.026872645033884,Information Technology,12.0,905.1684448242188,902.1304321289062,903.5396402994792,895.6513153076172,890.0944165039062,882.1670878092448
2023-06-21,988.1875610351562,997.8227083684797,931.1143571264475,933.8672306467648,2685180.0,901.8748016357422,854.3108386230468,0.4826873380649934,0.063372696696789,-0.0549696560959432,0.0097503224218187,-0.057755436476981,Information Technology,12.0,922.5706176757812,910.5365600585938,909.0847371419272,901.8748016357422,895.4586083984375,887.3123636881511
2023-06-22,965.8203735351562,1005.7863965814596,960.9537131711148,997.9210093159154,919867.0,906.8127868652344,857.7509631347656,0.3954818984194,-0.0226345568209436,0.0332366521356992,0.0413803892953896,-0.0050388876621312,Information Technology,12.0,935.401025390625,917.310614013672,913.2468424479168,906.8127868652344,899.646923828125,891.6940368652344
2023-06-23,939.4221801757812,970.3921421595984,935.9810732886904,970.3921421595984,415896.0,910.1088775634764,860.6237939453125,0.2925603282508806,-0.0273324047439076,0.032967032967033,0.032967032967033,-0.0036630036630036,Information Technology,12.0,944.741162109375,922.039678955078,914.99033203125,910.1088775634764,902.812744140625,894.9696431477864
2023-06-26,935.6370239257812,958.1516595945412,930.0820700117768,939.4222176493156,299308.0,913.1518035888672,863.4592663574218,0.2778027189221032,-0.0040292387489634,0.0040455792435964,0.0240634296132193,-0.005937082193153,Information Technology,12.0,951.6725463867188,925.3578979492188,916.5109781901042,913.1518035888672,904.716171875,897.8323181152343
2023-06-27,940.7003173828124,951.367785007495,932.0484032780626,943.8464843322153,233118.0,916.1431030273436,866.5287329101562,0.2975435438235382,0.0054116001478719,0.0033444944062057,0.011339921362375,-0.0091973117738718,Information Technology,12.0,953.9534912109376,929.560968017578,919.40478515625,916.1431030273436,907.3117504882812,900.7375956217448
2023-06-28,935.0963134765624,952.5476435052312,933.0316730820643,946.7469557259436,187210.0,917.64736328125,869.4841540527344,0.2756945910027978,-0.0059572680084145,0.0124592965253662,0.0186626016776678,-0.0022079441066579,Information Technology,12.0,943.3352416992188,932.9529296875,921.469453938802,917.64736328125,910.1668896484376,903.438047281901
2023-06-30,962.03515625,971.2278033872008,937.5049683174188,941.4376618534434,664464.0,920.5796813964844,872.9960473632813,0.3807240511260759,0.0288086289991696,-0.0214103343965571,0.0095554170525677,-0.0254982240235372,Information Technology,12.0,942.5781982421876,938.9896118164064,925.7331420898438,920.5796813964844,913.965869140625,906.8021362304688
2023-07-03,967.4426879882812,982.5835833279416,962.0352339395662,969.900621646788,387357.0,923.2883239746094,876.6387060546875,0.4018069960709562,0.0056209294464453,0.0025406504065039,0.0156504313151042,-0.005589430894309,Information Technology,12.0,948.1822998046875,946.4617309570312,930.753885904948,923.2883239746094,917.7235620117189,910.374336751302
2023-07-04,971.03125,994.9714987178692,957.758408860977,972.063570086962,653708.0,926.198519897461,880.3924633789062,0.4157981215947803,0.0037093277527177,0.0010631172652395,0.0246544575345739,-0.0136688094631588,Information Technology,12.0,955.2611450195312,953.466845703125,935.3256469726564,926.198519897461,921.573671875,913.1403340657552
2023-07-05,979.38818359375,983.1733770922992,967.6392497358688,975.2588434083344,344192.0,930.3032684326172,884.3231909179688,0.4483802273303359,0.0086062457760756,-0.0042162446459824,0.0038648551840392,-0.0119961972736588,Information Technology,12.0,962.9987182617188,958.476104736328,940.706884765625,930.3032684326172,925.5142260742188,916.5929117838542
2023-07-06,971.9891357421876,981.8545418395454,968.1416032787538,981.6079066871114,237748.0,933.6964111328124,887.98697265625,0.4195327371908496,-0.007554765286643,0.009895965490992,0.0101497081958894,-0.0039584109759579,Information Technology,12.0,970.3772827148438,956.8562622070312,945.427714029948,933.6964111328124,928.1933471679688,920.2019551595052
2023-07-07,971.2962036132812,992.9267369747192,965.2079447162024,973.1275996472071,344214.0,937.3572296142578,891.5749548339844,0.4168311256920491,-0.0007129011049872,0.0018855175456395,0.0222697600185926,-0.0062681794435415,Information Technology,12.0,972.2294921875,957.4038452148436,950.0695719401042,937.3572296142578,930.9096435546876,923.6764729817708
2023-07-10,947.7847290039062,975.2064858927516,944.418851485926,973.325604098022,312179.0,940.1398895263673,894.6553503417969,0.3251643267247336,-0.0242062869410081,0.0269479706862953,0.0289324738515937,-0.0035513101392945,Information Technology,12.0,968.297900390625,958.2401000976564,953.7404541015624,940.1398895263673,932.2902392578123,926.1526184082032
2023-07-11,984.611083984375,992.778228205433,950.4575717872236,951.2000394436832,827761.0,944.2477020263672,898.169453125,0.468743329521418,0.0388551892149308,-0.0339332403262098,0.0082947920797402,-0.0346873123334587,Information Technology,12.0,971.0138671875,963.1375061035156,959.3158528645832,944.2477020263672,935.1615893554688,929.8137044270832
2023-07-12,970.94970703125,989.4619129854476,967.8808648366828,986.9870207568696,293006.0,947.8617065429688,901.3021801757812,0.4154802009603755,-0.0138748965711844,0.0165171415259548,0.0190660811987881,-0.0031606603023244,Information Technology,12.0,969.326171875,966.1624450683594,962.092793782552,947.8617065429688,938.1078491210938,932.8162170410156
2023-07-13,952.8829345703124,980.8987007730628,947.3886862486024,973.8700314493864,403620.0,950.4470184326173,904.0539074707032,0.3450412673468868,-0.0186073205750048,0.0220248428402567,0.0294010577651739,-0.0057659216283346,Information Technology,12.0,965.504931640625,967.9411071777344,959.7391520182292,950.4470184326173,940.058115234375,934.4119445800782
2023-07-14,963.7229614257812,978.6217994383768,958.3771704446904,963.7229614257812,596648.0,953.5497497558594,907.0283349609376,0.387304484736252,0.011376032104465,0.0,0.0154596690220532,-0.0055470204561505,Information Technology,12.0,963.990283203125,968.1098876953124,959.5993245442708,953.5497497558594,942.6838403320312,936.4230834960938
2023-07-17,985.45263671875,1009.7560672329108,965.1585196812258,971.0487754911862,1794049.0,958.1863067626952,909.6016564941406,0.4720243846914577,0.0225476367822768,-0.0146164926561301,0.0246622005042105,-0.020593701088565,Information Technology,12.0,971.5238647460938,969.9108825683594,962.6680216471354,958.1863067626952,946.4166845703126,938.8291768391928
2023-07-18,926.3026733398438,983.7201729153634,920.6599069867804,975.1075358946008,2455922.0,959.4524353027344,911.3036474609376,0.241409848935531,-0.0600231418283654,0.0526878135618329,0.0619856783620165,-0.006091709022838,Information Technology,12.0,959.8621826171876,965.4380249023436,962.045731608073,959.4524353027344,947.3705981445312,939.2783548990884
2023-07-19,934.2222900390624,945.4087903429798,926.5996102209727,929.5694807665528,712775.0,959.6987701416016,913.1797607421876,0.2722869386939083,0.0085497072686447,-0.0049804091832522,0.0119741312353505,-0.0081593855117403,Information Technology,12.0,952.51669921875,960.921435546875,961.6138631184896,959.6987701416016,948.792705078125,940.5093241373698
2023-07-20,932.5393676757812,945.3098354147324,929.5200113192273,939.4690657370662,551048.0,956.9163604736328,915.1539624023436,0.2657255422474689,-0.001801415338967,0.0074309978768576,0.0136942934331873,-0.0032377789734275,Information Technology,12.0,948.4479858398438,956.9764587402344,961.443400065104,956.9163604736328,950.0472119140624,941.4564270019532
2023-07-21,925.213623046875,927.738061284461,912.7896769967512,923.6297162981896,490961.0,954.8860229492188,916.970831298828,0.2371638475285815,-0.0078556947651063,-0.0017119362590762,0.0027284922905399,-0.0134281918690406,Information Technology,12.0,940.7461181640624,952.3682006835936,958.9886311848958,954.8860229492188,950.9890234375,942.3608866373698
2023-07-24,922.1448364257812,933.6283120986072,920.659901101424,927.9856062037884,290846.0,954.0221557617188,918.5906481933594,0.2251992280845412,-0.0033168411539248,0.0063338963113928,0.0124530065334809,-0.001610305958132,Information Technology,12.0,928.0845581054688,949.8042114257812,955.9687744140624,954.0221557617188,952.16595703125,943.3613301595052
2023-07-25,913.6312255859376,929.5695071303796,911.1563333944296,929.5695071303796,315937.0,952.9218658447264,919.8681372070312,0.1920062673575806,-0.0092324009239615,0.0174449833785184,0.0174449833785184,-0.0027088524584092,Information Technology,12.0,925.5502685546876,942.7062255859375,952.1421061197916,952.9218658447264,952.672001953125,943.733876546224
2023-07-26,914.5715942382812,919.6698960872886,906.849943040174,906.849943040174,286437.0,951.6154296875,921.0887292480468,0.1956725871287441,0.0010292650097862,-0.0084429160568216,0.0055745245983214,-0.0084429160568216,Information Technology,12.0,921.6201293945312,937.0684143066406,947.8210001627604,951.6154296875,952.0830419921876,944.2639424641928
2023-07-27,917.1455688476562,929.3220264574172,915.5121158173704,918.531472234342,190952.0,950.7178924560546,922.3499853515624,0.2057080279926051,0.0028144047175648,0.0015111051437854,0.0132764721581331,-0.0017810182873567,Information Technology,12.0,918.5413696289064,933.494677734375,944.1647623697916,950.7178924560546,949.2413623046876,944.7962381998698
2023-07-28,915.7101440429688,920.2639216715016,911.7503163930533,917.393082878618,175214.0,948.4016418457032,923.4419384765624,0.2001115777830755,-0.0015651002997169,0.0018378510346284,0.0049729465793919,-0.0043243243243242,Information Technology,12.0,916.640673828125,928.6933959960936,940.459025065104,948.4016418457032,947.236953125,945.2642985026042
2023-07-31,915.5615844726562,928.0845630117636,912.7402315699692,920.6598865076696,335631.0,945.807586669922,924.54763671875,0.199532372076383,-0.0001622342738899,0.0055684971076521,0.0136779204714234,-0.0030815544803706,Information Technology,12.0,915.3240234375,921.7042907714844,938.3108154296876,945.807586669922,946.282529296875,946.025634765625
2023-08-01,921.5013427734376,927.391598327074,916.3040691241416,922.0953531580896,185282.0,943.3310913085936,925.2166369628908,0.222690367868576,0.0064875573653545,0.0006446115236948,0.0063920205866534,-0.0056400065936461,Information Technology,12.0,916.898046875,921.2241577148436,934.1034993489584,943.3310913085936,945.7171020507812,946.7096761067708
2023-08-02,913.28466796875,928.5795131861544,903.8800780164382,921.649815326556,283826.0,940.0259155273436,925.96611328125,0.1906551046613603,-0.0089166172888666,0.009159408507767,0.0167470732333891,-0.010297544984773,Information Technology,12.0,916.6406616210936,919.1303955078124,930.2591634114584,940.0259155273436,944.6204760742188,946.1759785970052
2023-08-03,907.4934692382812,912.7402285326136,902.8406598934312,911.7502716686952,199735.0,936.8011322021484,926.8416259765625,0.1680763145758599,-0.0063410664096103,0.0046907251398591,0.0057815945482628,-0.0051270995357746,Information Technology,12.0,914.7102416992188,916.6258056640625,927.2331990559896,936.8011322021484,943.5163623046876,943.4861755371094
2023-08-04,910.0178833007812,919.9174523331532,907.0480125910698,913.7302216879208,231567.0,933.7372161865236,927.700770263672,0.1779185282277922,0.0027817435034754,0.0040794125645906,0.0108784335055753,-0.0032635300516724,Information Technology,12.0,913.5717895507812,915.1062316894532,923.6528605143228,933.7372161865236,941.4356713867188,941.6260925292968
2023-08-07,921.8973388671876,929.3220154218226,910.7603240352348,916.7000652789428,354602.0,932.4428466796876,928.6687097167968,0.2242342818476315,0.0130540902375649,-0.0056375838926174,0.0080536912751678,-0.0120805369127517,Information Technology,12.0,914.8389404296876,915.0814819335938,919.415840657552,932.4428466796876,939.613857421875,941.0419311523438
2023-08-08,917.195068359375,934.717317583541,913.0867230532236,922.6398313123988,319639.0,929.0720458984376,929.517041015625,0.2059010172399871,-0.0051006444097024,0.005936319481921,0.0191041685990622,-0.0044792492326632,Information Technology,12.0,913.977685546875,915.4378662109376,918.8086669921876,929.0720458984376,937.46041015625,940.4271993001302
2023-08-09,914.5715942382812,930.163414328028,911.7502414385284,930.163414328028,356728.0,926.253140258789,930.190986328125,0.1956725871287441,-0.0028603229690129,0.0170482225645032,0.0170482225645032,-0.0030848900376168,Information Technology,12.0,914.2350708007812,915.4378662109376,917.4986206054688,926.253140258789,934.8677465820311,939.5562418619792
2023-08-10,903.2861938476562,918.0365155408384,898.9303592784815,914.6706983029984,372175.0,923.7733032226564,930.1564880371094,0.1516729424420349,-0.0123395483324892,0.0126034301563369,0.0163296215459149,-0.004822208729462,Information Technology,12.0,913.3936157226562,914.0519287109375,915.548409016927,923.7733032226564,932.11962890625,938.4959045410156
2023-08-11,895.1685180664062,910.2158748836132,893.9310719535138,906.7015400074332,284015.0,920.3455810546876,929.9920825195312,0.1200236577295831,-0.0089868259213304,0.0128836321969172,0.0168095241437999,-0.0013823610727121,Information Technology,12.0,910.4237426757812,911.9977661132812,913.5454020182292,920.3455810546876,929.074521484375,936.2670166015624
2023-08-14,884.031494140625,896.3564693852508,882.0515803799517,895.1685090444122,325466.0,915.2745239257812,929.4073156738282,0.0766025048559263,-0.0124412596075625,0.0125979843225083,0.013941782986597,-0.0022396416573348,Information Technology,12.0,902.8505737304688,908.844757080078,911.004512532552,915.2745239257812,926.5243920898438,933.4866434733073
2023-08-16,889.624755859375,915.7100949354236,882.99203281703,884.0314754349548,568732.0,913.4406280517578,928.9432641601562,0.0984095759164457,0.0063269937279635,-0.0062872355873427,0.0293217324543202,-0.0074556412674665,Information Technology,12.0,897.3365112304688,905.657098388672,909.404081217448,913.4406280517578,922.7249389648438,930.7730936686198
2023-08-17,887.9913330078125,907.7904708675184,884.8729446260394,889.6247860501077,245644.0,911.1290802001952,928.7572265625,0.0920411687173883,-0.0018360807079661,0.0018394921004041,0.0222965440356743,-0.0035117329030797,Information Technology,12.0,892.020458984375,903.1277648925782,907.6320638020832,911.1290802001952,919.4066040039064,927.726531982422
2023-08-18,882.5960693359375,894.3270949502779,881.0616482128107,890.0702319076898,218444.0,908.6319152832032,928.3266223144532,0.0710060546463967,-0.0060758066788783,0.0084683841583113,0.0132914999532762,-0.0017385315621009,Information Technology,12.0,887.8824340820313,900.6380249023438,905.3287638346354,908.6319152832032,916.5951293945312,924.7467631022135
2023-08-21,890.1692504882812,895.8615026244269,879.0817211995281,883.9820199055143,263542.0,906.8796966552734,928.1684106445311,0.100532457637647,0.0085805743028538,-0.0069506226814429,0.0063945728669274,-0.0124555294205807,Information Technology,12.0,886.8825805664062,898.6531616210938,903.6260375976562,906.8796966552734,913.6529809570312,922.0425313313802
2023-08-22,902.2962036132812,906.8004952991648,891.060156855998,891.060156855998,383085.0,905.8872650146484,928.3717041015624,0.147813157494396,0.0136231993167007,-0.0124527252938536,0.0049920321817225,-0.0124527252938536,Information Technology,12.0,890.5355224609375,896.6930480957031,902.741678873698,905.8872650146484,910.3267236328124,920.5262471516928
2023-08-23,907.8399658203124,910.2158865564048,901.9002244022564,908.7804369626062,210506.0,905.5977020263672,928.4794067382812,0.1694272393075335,0.006144060215294,0.0010359437540778,0.0026171140570412,-0.0065427185866279,Information Technology,12.0,894.178564453125,895.7575378417969,901.8309204101564,905.5977020263672,909.5882153320312,917.9672098795572
2023-08-24,907.6915283203124,918.6800260143292,905.2166360088514,911.7503275422384,247707.0,905.2536987304688,928.6598449707031,0.1688485095299343,-0.0001635062407347,0.0044715623042517,0.0121059824303428,-0.002726578616461,Information Technology,12.0,898.118603515625,895.06953125,901.4580444335936,905.2536987304688,908.5269848632812,915.858603922526
2023-08-25,902.89013671875,909.3248562705515,893.9310392733681,900.8607372522314,153833.0,904.5409271240236,928.6941137695312,0.1501287904984326,-0.0052896732554588,-0.0022476704351802,0.0071268023540345,-0.0099226883549096,Information Technology,12.0,902.1774169921875,895.0299255371094,901.1511555989584,904.5409271240236,907.341015625,914.192177327474
2023-08-28,889.2782592773438,905.2660871671222,886.9518847623656,902.8406807101658,315729.0,903.2193328857422,928.4463122558594,0.0970586511847721,-0.0150758956021759,0.0152510435190929,0.0179784310737234,-0.0026160254011704,Information Technology,12.0,901.99921875,894.4408996582031,899.7685139973959,903.2193328857422,905.9036010742188,911.7106872558594
2023-08-29,893.2875366210938,899.4747669141477,891.9511190466624,891.9511190466624,153542.0,902.105630493164,928.4576330566406,0.1126900663290693,0.004508462117367,-0.0014960665179394,0.0069263591390265,-0.0014960665179394,Information Technology,12.0,900.1974853515625,895.36650390625,897.8611938476563,902.105630493164,904.7493090820312,908.6385172526042
2023-08-30,899.6233520507812,905.8105828076642,895.4160351361008,898.73236665292,224023.0,901.0117309570312,928.430498046875,0.1373922140648645,0.0070926943116804,-0.0009903982548142,0.0068775790921595,-0.0046767537826685,Information Technology,12.0,898.5541625976563,896.3663635253906,896.68974609375,901.0117309570312,904.188994140625,907.7492065429688
2023-08-31,918.927490234375,925.7086708143396,898.8313772967168,902.8406906477242,600611.0,901.2938720703124,928.223135986328,0.2126554029338083,0.0214580225597613,-0.0175060597899273,0.0073794512102747,-0.0218690953869848,Information Technology,12.0,900.8013549804688,899.4599792480469,896.9801391601562,901.2938720703124,904.3632299804688,907.2393798828124
2023-09-01,915.4132080078124,926.5997095104152,911.1068590019736,926.5997095104152,278275.0,901.6898590087892,926.7676489257811,0.1989538802633306,-0.0038243302805819,0.0122201661552903,0.0122201661552903,-0.0047042679395139,Information Technology,12.0,903.3059692382812,902.7416931152344,897.7886067708333,901.6898590087892,904.293935546875,906.6685078938802
2023-09-04,907.3944702148438,918.0860530707416,853.342847653023,853.342847653023,682054.0,901.5586883544922,925.599130859375,0.167690336081096,-0.0087596920416078,-0.0595679435306928,0.011782728688402,-0.0595679435306928,Information Technology,12.0,906.9292114257812,904.4642150878906,898.6036702473958,901.5586883544922,903.96130859375,906.0745361328125
2023-09-05,908.7803955078124,920.01638167556,902.8406543607026,907.3944317379515,245275.0,900.9028411865236,924.9862951660156,0.1730937970432437,0.0015273680173966,-0.0015250810610702,0.0123638078278185,-0.0065359477124182,Information Technology,12.0,910.027783203125,905.1126342773438,900.2535970052083,900.9028411865236,903.6900610351564,905.6290547688802
2023-09-06,910.61181640625,920.8579064182672,908.7804203380546,911.7008052329436,241731.0,900.5736785888672,924.485791015625,0.1802341612318288,0.0020152513274828,0.0011958869927599,0.0112518746489076,-0.002011170989877,Information Technology,12.0,912.2254760742188,905.3898193359375,901.652734375,900.5736785888672,903.2544799804688,905.528407796224
2023-09-07,910.4138793945312,917.6900383778486,908.8299121149008,913.7302108120329,238765.0,900.3657928466797,923.8800622558592,0.1794624422068478,-0.0002173670582267,0.0036426635100368,0.0079921441753023,-0.001739832086791,Information Technology,12.0,910.52275390625,905.6620544433594,903.1475708007812,900.3657928466797,903.1396484375,905.3898173014323
2023-09-08,930.064453125,945.3592984194196,908.7803810204896,908.7803810204896,1690687.0,901.7047058105468,923.779425048828,0.2560763178429185,0.021584220292794,-0.0228845130388505,0.0164449305024281,-0.0228845130388505,Information Technology,12.0,913.4530029296876,908.3794860839844,906.312129720052,901.7047058105468,904.0424877929688,905.8204467773436
2023-09-11,946.101806640625,960.258178005132,933.5293421225148,940.4590403143044,1725626.0,904.2513702392578,923.4607580566408,0.3186029302782942,0.0172432711106631,-0.0059642274084187,0.0149628414882461,-0.0132887015222514,Information Technology,12.0,921.1944702148436,914.0618408203125,910.040966796875,904.2513702392578,905.4858447265624,906.8335021972656
2023-09-12,923.6297607421876,958.2287654717876,915.759591532458,954.3184237464832,862221.0,906.231283569336,922.5844995117188,0.2309886675414528,-0.0237522492195953,0.0332261521972132,0.0374598201575897,-0.0085209134051781,Information Technology,12.0,924.1643432617188,917.096063232422,911.463203938802,906.231283569336,905.5551416015624,907.10244140625
2023-09-13,905.810546875,932.3413792236256,892.9411074112021,923.6297707479508,668286.0,907.0405731201172,921.2800854492187,0.1615149181294205,-0.0192925938775173,0.0196721311475409,0.029289604145321,-0.0142076502732241,Information Technology,12.0,923.2040893554688,917.7147827148438,911.327909342448,907.0405731201172,905.0997607421876,906.579414876302
2023-09-14,921.0559692382812,938.4297016035108,915.9081810206118,919.8185230524076,592924.0,908.6938049316408,920.1134411621092,0.2209539405712319,0.0168306964584119,-0.0013435081332754,0.0188628410709912,-0.0055890069546226,Information Technology,12.0,925.3325073242188,917.9276306152344,912.2188720703124,908.6938049316408,905.3591357421876,906.8384582519532
2023-09-15,932.4898681640624,958.2782320559268,922.5408138929572,924.6196991118136,1100459.0,911.1884948730468,919.3234558105468,0.265532553000087,0.0124139024203243,-0.0084399512755501,0.0276553824039265,-0.0106693430253493,Information Technology,12.0,925.8175903320312,919.6352966308592,914.1921875,911.1884948730468,906.5272827148438,907.6716715494792
2023-09-18,920.7093505859376,937.9346238386878,918.4324619293988,936.5981458461188,266084.0,912.7154998779296,918.31171875,0.2196025399104649,-0.0126334000832836,0.0172571238144476,0.0187086980726198,-0.0024729722306933,Information Technology,12.0,920.7390991210938,920.9667846679688,916.2875935872396,912.7154998779296,907.548916015625,908.0280537923176
2023-09-20,914.819091796875,930.559429723838,913.0866673266444,921.6003324050796,271502.0,913.3416442871094,917.6524060058592,0.1966375333656538,-0.0063975225029635,0.0074126575068356,0.0172059569680009,-0.0018937344943552,Information Technology,12.0,918.9769653320312,921.570654296875,917.7230305989584,913.3416442871094,908.780419921875,907.7921122233072
2023-09-21,913.6807250976562,919.3234914636612,898.1383898166155,914.8191392695812,710374.0,913.6336822509766,916.233798828125,0.1921992566049626,-0.0012443626389374,0.0012459649641873,0.006175862323682,-0.017010685301892,Information Technology,12.0,920.5510009765624,921.8775451660156,918.6601888020832,913.6336822509766,909.7426586914064,907.6749674479166
2023-09-22,902.4447021484376,916.2051274755026,900.8607952487384,911.8988390517002,233683.0,913.3713409423827,914.8636987304689,0.1483921252365418,-0.012297537466403,0.0104761398463033,0.0152479429424383,-0.0017551290355279,Information Technology,12.0,916.8287475585936,921.0806274414062,917.5613362630208,913.3713409423827,910.3207934570312,907.2707377115886
2023-09-25,897.5939331054688,912.8392331086152,895.9109942914257,904.8206063893516,213857.0,913.1065307617188,913.757918701172,0.1294798928867516,-0.0053751426889875,0.008051161017633,0.0169846290631678,-0.0018749445066105,Information Technology,12.0,909.849560546875,917.8335754394532,916.3733846028646,913.1065307617188,910.9207080078126,907.080995686849
2023-09-26,894.6240234375,907.0974556624,892.0500993569116,900.8112537915518,219694.0,913.3738189697266,912.3759399414064,0.1179007760083818,-0.0033087452559906,0.0069160118574482,0.0139426528889443,-0.0028771014562054,Information Technology,12.0,904.6324951171875,912.6857971191406,915.522021484375,913.3738189697266,911.0988989257812,907.0628458658854
2023-09-27,901.5537719726562,910.4633841819392,891.3572278620229,892.6936455245454,215488.0,913.7871307373048,910.6979626464844,0.1449185567482136,0.0077459897718031,-0.0098276184111839,0.0098825078284439,-0.0113099677774323,Information Technology,12.0,901.9794311523438,910.4781982421875,915.0402465820312,913.7871307373048,911.0692016601564,907.6469217936198
2023-09-28,864.182861328125,912.7402336934334,862.252433348135,905.8105356068238,3702726.0,912.015106201172,909.45556640625,-0.0007835657342188,-0.0414516713326608,0.0481699836244415,0.0561887703844099,-0.0022338188667884,Information Technology,12.0,892.0798583984375,906.3154296875,911.9449829101562,912.015106201172,909.3229174804688,906.798858642578
2023-09-29,866.0142822265625,878.0917684657688,857.3026736091948,866.9052676035709,581906.0,909.3694458007812,908.09140625,0.0063567984543663,0.0021192515848125,0.0010288345068831,0.013946058958929,-0.0100594283444953,Information Technology,12.0,884.7937744140625,900.811260986328,908.985009765625,909.3694458007812,907.6558276367188,906.0662902832032
2023-10-03,847.3535766601562,870.5680768447139,846.4131055695336,866.0142390877623,546879.0,905.9664642333984,906.3876904296876,-0.0663977681631589,-0.0215478034824422,0.0220222855506873,0.0273964739442744,-0.0011098921589846,Information Technology,12.0,874.745703125,892.2976318359375,903.4709513346354,905.9664642333984,905.434365234375,904.8915405273438
2023-10-04,844.1857299804688,857.0056836694147,833.8901542527642,846.4131329619476,489209.0,902.8060272216796,904.7671325683592,-0.0787486040665098,-0.0037385180955671,0.0026385224274405,0.015186176730614,-0.0121958656277484,Information Technology,12.0,864.6580444335938,884.6452697753906,896.6765462239583,902.8060272216796,903.6306640625,903.3587565104168
2023-10-05,847.8980712890625,858.0451293517746,846.5121074823594,851.3629203836471,230160.0,899.7619110107422,903.282197265625,-0.0642748864419576,0.0043975409400483,0.0040863981319321,0.0119673088149445,-0.0016345877572241,Information Technology,12.0,853.926904296875,877.9531677246093,891.6277669270834,899.7619110107422,901.8150854492188,901.5454854329428
2023-10-06,848.1950073242188,857.104618872629,846.4130970989708,854.8277302280248,191674.0,896.6410705566407,901.9734729003908,-0.0631171889222126,0.0003502025127912,0.0078198089431464,0.010504201830328,-0.0021008261188301,Information Technology,12.0,850.7293334960938,871.4045959472656,887.7867309570313,896.6410705566407,899.7579516601562,899.5573201497396
2023-10-09,831.06884765625,838.5430104375738,826.6635272072283,836.5136108034917,331041.0,892.6738189697265,900.30341796875,-0.129888850906351,-0.0201912997837563,0.0065515187611673,0.0089934339404036,-0.0053007888112344,Information Technology,12.0,843.7402465820312,864.2670104980468,881.7875895182292,892.6738189697265,896.2436059570313,897.0032307942708
2023-10-10,838.6419677734375,843.3937485583912,831.0687737189822,831.0687737189822,160173.0,888.1026947021485,898.7333459472657,-0.1003626858796473,0.0091125063086469,-0.0090303065497208,0.005666042205793,-0.0090303065497208,Information Technology,12.0,841.9979248046875,858.3718139648438,875.5310628255208,888.1026947021485,893.1727563476562,894.8616251627604
2023-10-11,848.8385009765625,861.7079398424995,843.4927098941514,843.4927098941514,254457.0,883.2395294189453,897.3959130859375,-0.0606083287062474,0.0121583865283971,-0.00629777169186,0.015161233675347,-0.00629777169186,Information Technology,12.0,842.9284790039062,853.79326171875,870.7396728515625,883.2395294189453,890.830517578125,893.5136332194011
2023-10-12,838.8894653320312,856.2631960991588,837.5035015624683,856.2631960991588,250808.0,879.0025146484375,895.862470703125,-0.0993977396427376,-0.011720763882747,0.0207103933058105,0.0207103933058105,-0.0016521411065931,Information Technology,12.0,841.1267578125,847.5268310546875,865.6776977539063,879.0025146484375,888.0348803710938,891.7003641764323
2023-10-13,837.1570434570312,841.463331632399,831.6627345421647,836.513547328679,185533.0,875.5698394775391,894.1755847167968,-0.1061521253365588,-0.0020651372398797,-0.0007686683560529,0.0051439430737929,-0.0065630564274749,Information Technology,12.0,838.9191650390625,844.8242492675781,860.5761189778646,875.5698394775391,885.096689453125,889.618153889974
2023-10-16,849.4324951171875,858.7875997872003,828.6928862425028,837.1570659671931,440220.0,871.9886657714844,892.8985412597656,-0.058292457737664,0.0146632603238514,-0.0144513298238029,0.0110133585938716,-0.024415841157364,Information Technology,12.0,842.59189453125,843.1660705566406,857.0419718424479,871.9886657714844,882.6574340820313,887.3016540527344
2023-10-17,852.0558471679688,857.3026062302094,849.3829516691914,854.3327357698277,191983.0,867.9669647216797,891.7897888183594,-0.0480645035555145,0.0030883584815286,0.0026722293021363,0.0061577642823291,-0.0031369956648515,Information Technology,12.0,845.2746704101562,843.6362976074219,854.0060994466146,867.9669647216797,879.53708984375,885.1897420247395
2023-10-18,828.1979370117188,851.3629531619729,826.6140301049387,831.5638147163456,716417.0,863.3413940429688,890.1533898925782,-0.1410819892899569,-0.0280004065878404,0.0040640981511879,0.0279703862024065,-0.0019124738616169,Information Technology,12.0,841.1465576171875,842.0375183105468,849.5776936848958,863.3413940429688,874.8209350585937,882.5498575846354
2023-10-19,823.7926635742188,830.5243584512168,821.3177713089862,828.1979234685934,217809.0,858.790072631836,888.1912963867187,-0.1582573184133097,-0.005319106991977,0.0053475347489275,0.0081715887682114,-0.0030042659696611,Information Technology,12.0,838.127197265625,839.6269775390625,844.3936197916667,858.790072631836,870.827451171875,879.7169331868489
2023-10-20,820.8228149414062,831.2668484972656,819.684340299897,828.5939526944611,167831.0,854.1471771240234,886.2638513183593,-0.1698361973271328,-0.0036050923540968,0.0094674972620121,0.0127238587497167,-0.0013869919558588,Information Technology,12.0,834.8603515625,836.8897583007813,841.5029500325521,854.1471771240234,867.4279418945313,876.7239664713542
2023-10-23,803.2014770507812,823.5451389339231,800.6770991332312,822.6046678291416,274952.0,849.1850158691407,884.0364489746094,-0.2385384656787307,-0.0214678948609425,0.0241573146125249,0.0253282177192206,-0.0031428950141116,Information Technology,12.0,825.6141479492187,834.1030212402344,837.3154296875,849.1850158691407,862.7137622070312,873.1502197265625
2023-10-25,808.3493041992188,816.9619414158168,793.7474397510111,811.7646676291666,256656.0,844.7227844238281,882.1377111816406,-0.2184680598801021,0.0064091355600333,0.004225108393371,0.0106545984166215,-0.0180638053034174,Information Technology,12.0,816.8728393554687,831.0737548828125,834.7151448567708,844.7227844238281,857.7481396484375,869.0930480957031
2023-10-26,805.3794555664062,808.250354858118,790.1836407229968,801.8651205177084,297809.0,840.2605560302734,880.3419299316406,-0.2300469387939252,-0.0036739669563451,-0.0043635767269805,0.0035646542407674,-0.0188678948021123,Information Technology,12.0,812.3091430664062,826.7278503417969,832.1280598958333,840.2605560302734,853.1349438476562,864.4023030598959
2023-10-27,823.6441040039062,826.613974571228,807.260330125282,807.260330125282,181769.0,836.3650726318359,879.1341821289062,-0.1588365241200022,0.0226783143166407,-0.0198918122511643,0.0036057692307691,-0.0198918122511643,Information Technology,12.0,812.2794311523437,825.2033142089844,830.5111287434896,836.3650726318359,849.4879443359375,861.0694478352865
2023-10-30,823.1973266601562,832.2827566673182,815.2538024936428,830.0486404954862,129688.0,834.3157958984375,877.8056335449219,-0.1605784246019206,-0.0005424398008534,0.0083228086552793,0.0110367583967054,-0.0096495990806257,Information Technology,12.0,812.7543334960938,823.8073425292969,828.8446166992187,834.3157958984375,845.8686083984375,858.315673828125
2023-10-31,813.51611328125,830.0982312170878,812.2749376962962,830.048596314545,159935.0,831.6908874511719,876.3161291503907,-0.1983236471074466,-0.0117605014804706,0.0203222563922089,0.0203832692003544,-0.0015256926872014,Information Technology,12.0,814.8172607421875,820.2157043457031,827.6744344075521,831.6908874511719,842.31146484375,854.7310119628906
2023-11-01,805.7711791992188,818.1829348862061,804.3810383205658,818.1829348862061,127574.0,829.611767578125,874.7796313476563,-0.2285196823331394,-0.0095203204406028,0.015403573629082,0.015403573629082,-0.0017252303315619,Information Technology,12.0,814.3016357421875,815.5872375488282,825.4830485026042,829.611767578125,838.6385546875,850.5070556640625
2023-11-02,805.2747192382812,817.6864750835075,800.3100169001907,813.218242979226,185767.0,827.6662170410157,873.0817407226563,-0.2304552859560799,-0.0006161302039009,0.0098643649815042,0.0154130702836003,-0.0061652281134402,Information Technology,12.0,814.2806884765625,813.2949157714844,822.5787963867188,827.6662170410157,835.0645825195312,846.6592346191406
2023-11-03,811.3316040039062,815.7998359548367,808.601017811671,813.2182150693422,114496.0,825.8378936767579,871.2624487304688,-0.2068406361987501,0.007521513616315,0.0023253267296943,0.0055072820149983,-0.0033655612313878,Information Technology,12.0,811.8181884765625,812.0488098144531,820.7416056315104,825.8378936767579,831.4556958007812,843.2096516927083
2023-11-06,819.0269165039062,822.8497736482756,812.3245683799651,814.2111795010071,193056.0,824.3794891357422,869.4861877441406,-0.1768380661495327,0.0094847932239096,-0.0058798275195345,0.0046675598412413,-0.0081833062978574,Information Technology,12.0,810.9841064453125,811.8692199707032,819.5329305013021,824.3794891357422,829.6494580078125,840.0545247395834
2023-11-07,835.0133056640625,847.9711667589022,811.7288393740077,819.1758929462463,381073.0,824.5767120361328,868.0326232910156,-0.1145101541106599,0.0195187591982882,-0.0189666591063732,0.0155181492401905,-0.0278851440235881,Information Technology,12.0,815.283544921875,815.0504028320313,818.5716512044271,824.5767120361328,828.4094189453125,837.8068115234375
2023-11-08,828.8570556640625,843.999397801082,824.9349286946021,843.0064573330807,135519.0,824.0874664306641,866.5519616699219,-0.1385122101500339,-0.0073726370085852,0.0170709793351302,0.0182689427972446,-0.0047319702989293,Information Technology,12.0,819.9007202148438,817.1011779785156,817.0250651041666,824.0874664306641,827.6695581054687,835.5155822753907
2023-11-09,823.594482421875,834.0699922272066,819.1758852231494,834.0699922272066,92446.0,822.8252655029297,865.2382861328125,-0.1590299892964776,-0.0063491927905122,0.0127192569024103,0.0127192569024103,-0.0053650155422753,Information Technology,12.0,823.5646728515625,818.9226806640625,816.7181681315104,822.8252655029297,826.845908203125,833.1479309082031
2023-11-10,820.0198364257812,826.126444360783,819.1758612952475,823.5448234638654,106570.0,821.8817840576172,863.7729321289063,-0.1729668589036517,-0.0043402986207266,0.0042986606927077,0.0074469027013037,-0.001029213066616,Information Technology,12.0,825.3023193359375,818.56025390625,816.4666463216146,821.8817840576172,825.7307788085938,830.4301330566407
2023-11-13,828.7080688476562,840.8715892650356,819.3248301519552,839.0346736886107,141938.0,821.4593353271484,862.3546264648437,-0.1390930816085534,0.0105951490877883,0.0124610888069593,0.0146776903406926,-0.011322731186567,Information Technology,12.0,827.2385498046875,819.111328125,816.9923299153646,821.4593353271484,824.9513012695312,829.2476399739584
2023-11-15,834.3182373046875,841.0205855365311,831.0911807486146,836.3537531653549,163628.0,820.7036224365235,860.66244140625,-0.1172200943685953,0.0067697765569392,0.0024397355465262,0.0080333234156499,-0.003867896459387,Information Technology,12.0,827.0995361328125,821.1915405273437,819.0667805989583,820.7036224365235,825.0812768554688,828.1911051432292
2023-11-16,847.6732788085938,869.5676037270553,830.0982206289674,838.0417442713498,1713499.0,820.4844940185546,859.3076428222656,-0.0651513098674911,0.016007131220157,-0.0113623193959601,0.0258287307926399,-0.0207332926718276,Information Technology,12.0,830.8627807617188,825.3817504882812,821.68837890625,820.4844940185546,825.442529296875,828.2017618815104
2023-11-17,842.2617797851562,853.630960639923,838.5382529072377,845.8363413462465,335350.0,821.1876861572266,858.0049890136719,-0.0862497225079076,-0.0063839443317634,0.0042440030485557,0.0134983934064618,-0.004420866489832,Information Technology,12.0,834.596240234375,829.0804565429687,824.1472005208333,821.1876861572266,825.1794604492187,828.1376302083333
2023-11-20,842.658935546875,852.9358449433059,839.2332788799729,842.261735125913,215758.0,822.1309997558594,856.6825598144532,-0.0847012872024646,0.0004715348259303,-0.0004713655836382,0.0121958113335158,-0.0040652944179354,Information Technology,12.0,839.1240600585937,832.2131896972656,825.4148559570312,822.1309997558594,825.3302392578125,827.9629923502604
2023-11-21,838.1907348632812,857.4041090111069,835.261548310946,847.8719045944431,280487.0,822.9993957519531,855.2341381835937,-0.1021219577734755,-0.0053025019911453,0.0115500796280465,0.0229224368018809,-0.0034946539379405,Information Technology,12.0,841.0205932617188,834.1295715332031,826.4144165039063,822.9993957519531,825.3715869140625,827.6295166015625
2023-11-22,839.1339721679688,843.9994047429034,828.1619920271664,839.0347023620628,217301.0,824.7960205078125,853.8085400390624,-0.0984444536686166,0.0011253253769756,-0.0001183003062662,0.0057981594552349,-0.0130753616284362,Information Technology,12.0,841.983740234375,834.5416381835937,828.1222737630209,824.7960205078125,824.9596459960937,827.8983540852864
2023-11-23,830.8428955078125,847.9711177336981,829.1052497747517,843.4036160485047,165424.0,825.9207000732422,851.8241088867187,-0.130769795658272,-0.0098805160262259,0.0151180453110995,0.0206154765461608,-0.0020914251568568,Information Technology,12.0,838.6176635742188,834.7402221679688,829.7937215169271,825.9207000732422,824.1111279296875,827.6383850097657
2023-11-24,826.4739379882812,836.8998124442371,824.4384222391637,833.4742164635566,129506.0,826.9754241943359,849.4315515136718,-0.1478035358763322,-0.0052584640768468,0.0084700535050321,0.0126148859349799,-0.0024628916358477,Information Technology,12.0,835.4600952148437,835.0281677246094,831.2070027669271,826.9754241943359,824.04216796875,826.892899576823
2023-11-28,825.4810180664062,833.5735069677798,823.6937373789922,831.6372609712997,170141.0,827.067269897461,847.4685766601563,-0.1516747431222131,-0.0012013929008963,0.0074577643460702,0.0098033615846544,-0.002165138444492,Information Technology,12.0,832.02451171875,835.5742858886719,832.1502970377604,827.067269897461,824.1097021484375,826.4459513346354
2023-11-29,828.2612915039062,843.999373221683,826.126445318165,830.7932775027164,282207.0,827.3204681396485,845.9175915527344,-0.1408349820904718,0.0033680646515803,0.0030569894123781,0.0190013488245968,-0.0025775032681594,Information Technology,12.0,830.038623046875,835.5296081542969,832.7659220377604,827.3204681396485,824.4072412109375,826.1494262695312
2023-11-30,830.74365234375,840.6233613450786,826.3746901188341,832.0840977105233,276734.0,828.1818450927734,844.1113452148437,-0.1311567260112227,0.0029970745528098,0.0016135487319002,0.0118926084760988,-0.0052590979330264,Information Technology,12.0,828.3605590820313,835.1721496582031,832.481278483073,828.1818450927734,825.5089282226562,825.52646484375
2023-12-01,831.885498046875,842.5099729975161,829.7010169329798,838.0417409662978,185399.0,829.4875610351562,842.0992578125,-0.126704885271369,0.0013744862207535,0.0074003488868077,0.0127715592777919,-0.0026259396503773,Information Technology,12.0,828.5690795898438,833.5933715820313,832.683174641927,829.4875610351562,826.4503759765626,824.8541198730469
2023-12-04,833.17626953125,843.9993441866467,831.3393540238469,842.9071339829377,247043.0,830.8826385498047,840.3485961914063,-0.1216724110375424,0.0015516215722061,0.0116792386047701,0.0129901379230181,-0.0022047141458272,Information Technology,12.0,829.9095458984375,832.6848205566406,833.3219604492188,830.8826385498047,827.5622485351563,825.0200642903645
2023-12-05,831.587646484375,839.8290402928574,830.0982357742538,834.963668335694,292654.0,831.8954406738281,838.6839672851562,-0.1278661522593146,-0.0019067070258359,0.0040597306436567,0.0099104331856343,-0.0017910447761193,Information Technology,12.0,831.1308715820312,831.5776916503906,834.0931477864583,831.8954406738281,827.879990234375,825.2798970540365
2023-12-06,834.41748046875,848.2690118264836,831.2897544229878,832.0840946598032,562238.0,832.6649688720703,837.0987023925782,-0.1168331640156445,0.0034029293200042,-0.0027964248874987,0.0166002411046712,-0.0037483946812872,Information Technology,12.0,832.362109375,831.2003662109375,834.4737752278646,832.6649688720703,828.3287963867188,825.7330525716146
2023-12-07,861.0779418945312,866.340513984701,836.0558312608806,836.0558312608806,1254300.0,833.9682006835938,836.2713671875,-0.0128890601899115,0.0319509862267077,-0.0290590542577334,0.0061116094538331,-0.0290590542577334,Information Technology,12.0,838.4289672851562,833.3947631835938,836.2577555338542,833.9682006835938,830.23126953125,827.6622680664062
2023-12-08,876.4685668945312,893.5471551365005,861.2765897913725,868.8229131380609,1489107.0,836.3487762451172,835.8488598632813,0.0471160799085232,0.0178736723485655,-0.0087232492359197,0.0194856825299296,-0.0173331682127361,Information Technology,12.0,847.3455810546875,837.9573303222656,838.17744140625,836.3487762451172,833.0591650390625,829.93291015625
2023-12-11,872.8939208984375,892.3059550802877,868.8228893159244,885.4050068671519,441394.0,838.8137481689453,835.4142578125,0.0331792103013491,-0.0040784645691964,0.0143328824604909,0.0222387093289297,-0.0046638331245598,Information Technology,12.0,855.289111328125,842.5993286132813,840.2195841471354,838.8137481689453,835.7639331054687,832.1833923339843
2023-12-12,897.9160766601562,913.5052545377982,875.7735157634108,876.4685862301105,2092826.0,842.7085601806641,835.34150390625,0.1307358697642879,0.0286657463898526,-0.0238858519048024,0.0173615088123009,-0.024659944812555,Information Technology,12.0,868.5547973632813,849.8428344726562,843.9033935546875,842.7085601806641,839.2273120117187,834.6591247558594
2023-12-13,888.3341674804688,916.2854038303298,885.7028511361688,905.2637894536406,934044.0,845.6898651123047,835.8245300292969,0.0933778155762593,-0.010671274775843,0.0190577179094533,0.031464776852091,-0.0029620794073057,Information Technology,12.0,879.338134765625,855.8501220703125,847.2462890625,845.6898651123047,841.9996020507813,836.8303527832031
2023-12-14,906.7532348632812,923.4346223723788,904.5687537432656,907.4483053020512,1471920.0,849.3116149902344,836.6393090820312,0.165190280553359,0.020734390342154,0.0007665486176895,0.0183968326416974,-0.0024091241542082,Information Technology,12.0,888.473193359375,863.4510803222656,851.7542399088542,849.3116149902344,844.86919921875,839.9382568359375
2023-12-15,928.597900390625,948.1091434383482,910.526372480089,913.5051937641024,2306799.0,853.3578460693359,838.2641955566406,0.2503585057145667,0.0240910808888787,-0.0162532207106796,0.0210115088990783,-0.0194610906431449,Information Technology,12.0,898.8990600585937,873.1223205566406,858.271240234375,853.3578460693359,848.8588330078124,844.032480875651
2023-12-18,929.7894897460938,947.066617736129,920.4558249920576,928.5979490491968,898252.0,857.7342315673828,839.9762707519532,0.2550042875599892,0.0012832134931249,-0.0012815166336439,0.0185817630555851,-0.0100384709194603,Information Technology,12.0,910.278173828125,882.783642578125,865.1589436848958,857.7342315673828,853.1066333007813,848.1829732259115
2023-12-19,919.1649780273438,938.3287164109668,914.49814583545,933.3640142077342,450544.0,861.5595336914063,841.4016088867188,0.2135813229850576,-0.0114267926621232,0.0154477558651804,0.0208490737155271,-0.0050772519661369,Information Technology,12.0,914.5279541015624,891.5413757324219,871.404541015625,861.5595336914063,857.0724389648437,851.7774190266927
2023-12-20,878.6033325195312,940.314605699153,869.1207633474329,921.4487371581986,1053009.0,863.5801635742188,842.009775390625,0.0554391278942579,-0.0441287978517887,0.0487653563933128,0.0702379229574001,-0.0107927762405654,Information Technology,12.0,912.581787109375,895.9599609375,874.7606770833333,863.5801635742188,859.0682495117187,853.7632995605469
2023-12-21,907.845458984375,912.5122913110648,861.4254920433606,865.9433590579408,968670.0,867.015737915039,843.5453076171875,0.1694486561167374,0.0332825125770777,-0.0461555427873273,0.0051405580988539,-0.0511320142449633,Information Technology,12.0,912.8002319335938,900.6367126464844,879.9007975260416,867.015737915039,862.0093383789062,856.1910380045573
2023-12-22,910.1788940429688,916.4840417024616,895.4336918956994,913.3066201195828,429653.0,870.9825378417969,844.9760461425781,0.1785462787020136,0.0025702998627147,0.0034363860743031,0.0069273718614653,-0.0162003340703407,Information Technology,12.0,909.1164306640624,904.007745361328,885.1203572591146,870.9825378417969,864.5095629882812,858.9017659505208
2023-12-26,902.38427734375,915.4911035281316,897.2209748342328,911.420071886474,438011.0,874.7780548095703,846.0469616699219,0.1481565403352988,-0.0085638293199652,0.0100132446559482,0.0145246615144523,-0.0057218444948041,Information Technology,12.0,903.6353881835936,906.9567810058594,889.7342244466146,874.7780548095703,866.914462890625,861.5280924479167
2023-12-27,896.4266357421875,910.5264024040875,894.6393550338962,907.348980809194,355652.0,878.3253356933594,847.197705078125,0.1249288209309197,-0.0066021114852525,0.0121843156277519,0.0157288573316725,-0.0019937835814211,Information Technology,12.0,899.0877197265625,906.8078369140624,894.0568237304688,878.3253356933594,869.0651708984375,864.0749857584635
2023-12-28,891.561279296875,903.3772346206396,889.6746681472625,898.5118626417755,322840.0,881.4903350830078,848.2857897949219,0.1059597150544657,-0.0054275009814766,0.0077959681586687,0.0132531050844681,-0.0021160756903892,Information Technology,12.0,901.6793090820312,907.1305480957031,897.8664103190105,881.4903350830078,871.1999926757812,866.1700927734375
2023-12-29,889.7243041992188,900.5970145664944,888.6817288169927,896.0295126042297,339983.0,884.4393676757812,849.0916259765625,0.0987976960921299,-0.002060402509971,0.0070866990766154,0.0122203139960994,-0.0011717960016438,Information Technology,12.0,898.055078125,905.4276550292968,899.7761678059895,884.4393676757812,873.2236059570313,868.0169616699219
2024-01-01,897.2706909179688,906.554660184168,892.1570231932913,892.1570231932913,300820.0,887.708627319336,849.9959228515625,0.1282196326473746,0.0084817135860326,-0.0056991360315646,0.0103468990575197,-0.0056991360315646,Information Technology,12.0,895.4734375,902.2949340820312,901.1629760742188,887.708627319336,875.8807177734375,869.6702087402343
2024-01-02,903.079345703125,908.5405182169976,884.8092170513679,902.3346403603242,400253.0,891.2037811279297,851.4935510253906,0.1508664805932341,0.0064736927706995,-0.0008246289169873,0.006047278724574,-0.0202309229401456,Information Technology,12.0,895.612451171875,899.6239196777344,903.1753377278644,891.2037811279297,878.9449340820313,871.6974609375
2024-01-03,897.3699951171875,902.3843326232658,890.6676466059388,901.639627233127,318933.0,894.4928985595703,852.96509765625,0.128606800964872,-0.0063220918661275,0.0047579394666321,0.0055878149853043,-0.0074688796680497,Information Technology,12.0,895.801123046875,897.4444213867188,903.1389322916668,894.4928985595703,881.8204931640626,873.521162923177
2024-01-04,894.3414916992188,906.5050124329092,892.6534807826675,901.2920749756132,297248.0,897.4890991210938,854.4354711914062,0.1167992381216604,-0.0033748659242537,0.0077717329911515,0.0136005327345152,-0.0018874344221064,Information Technology,12.0,896.3571655273438,899.0182373046875,903.5394205729168,897.4890991210938,884.463701171875,875.3928548177083
2024-01-05,897.4196166992188,904.4695306504368,888.7810221810022,895.533066101443,337363.0,899.3061828613281,856.319833984375,0.1288002661413474,0.0034417781446678,-0.0021021945171141,0.0078557609172265,-0.0096260370928707,Information Technology,12.0,897.8962280273438,897.9756530761719,902.9171793619792,899.3061828613281,887.1307397460937,877.3357096354167
2024-01-08,884.4617309570312,902.48362487808,883.7170255983809,898.6607676744419,285774.0,899.7058410644531,857.8420825195312,0.0782799169456862,-0.0144390489143168,0.016053873469513,0.0203761149750911,-0.0008419870895313,Information Technology,12.0,895.3344360351563,895.4039367675781,899.9747680664062,899.7058410644531,889.2337890625,879.1230041503907
2024-01-09,888.8306884765625,901.5899493104456,886.6958422183127,893.6464255279747,244120.0,900.5026794433594,859.5111071777344,0.0953136571637464,0.0049396795436291,0.0054180589327605,0.0143551083454962,-0.0024018593033831,Information Technology,12.0,892.4847045898438,894.0485778808594,897.2441813151041,900.5026794433594,891.4599658203125,881.2015625
2024-01-10,886.3483276367188,894.5400864481329,880.7878246870113,889.3767839249318,272109.0,899.9242919921875,860.7651916503906,0.0856354010844974,-0.0027928388072406,0.0034167789274086,0.0092421439246757,-0.0062734962952245,Information Technology,12.0,890.28037109375,893.0407470703125,895.0564046223958,899.9242919921875,893.6503930664062,883.2304728190104
2024-01-11,883.5680541992188,893.4478240101199,881.731138568911,888.6817218684406,183034.0,899.685986328125,861.9726062011719,0.074795640052756,-0.0031367729264104,0.005787519868921,0.0111816738551682,-0.0020789746998861,Information Technology,12.0,888.12568359375,892.2414245605469,895.3873860677083,899.685986328125,895.616416015625,885.0740315755208
2024-01-12,915.987548828125,926.2148231603104,892.4052135601922,893.5471192990861,1843126.0,900.1477020263671,864.0220349121093,0.2011931266478732,0.0366915649279422,-0.0244986185213414,0.0111652984205623,-0.0257452574525745,Information Technology,12.0,891.8392700195312,894.8677490234375,895.9301920572917,900.1477020263671,897.8128002929687,887.9154947916667
2024-01-15,938.6265869140624,954.2157639612352,926.4134316085666,926.8602669279468,1791365.0,900.649136352539,866.6791430664063,0.2894584603845136,0.0247154430372999,-0.0125356772865342,0.0166084972069944,-0.0130117295586621,Information Technology,12.0,902.6722412109376,899.0033386230468,897.8267049153645,900.649136352539,900.29912109375,891.4735310872396
2024-01-16,928.300048828125,943.8891653741268,915.6400581195178,940.3146040039948,630576.0,900.5746643066407,869.1396496582031,0.2491972387266211,-0.0110017532316959,0.012942534249607,0.0167931872519895,-0.0136378218708369,Information Technology,12.0,910.56611328125,901.5254089355468,899.5544230143229,900.5746643066407,902.5153662109376,894.6443237304687
2024-01-17,919.1649780273438,942.0026081622138,914.49814583545,923.3849749000916,710873.0,900.5746643066407,871.2963171386718,0.2135813229850576,-0.00984064453332,0.0045911201727946,0.0248460621115949,-0.0050772519661369,Information Technology,12.0,917.129443359375,903.7049072265625,901.0703125,900.5746643066407,903.365322265625,897.5635681152344
2024-01-18,877.709716796875,913.5052076496844,865.893701282305,910.5263863203918,1428402.0,900.5299835205078,872.4699731445312,0.0519550889658744,-0.0451010016933385,0.0373889782641103,0.0407828353358576,-0.0134623273372107,Information Technology,12.0,915.9577758789062,902.041729736328,900.146875,900.5299835205078,902.9403442382812,899.0066426595052
2024-01-19,883.31982421875,899.8523074047804,879.9438629590528,890.6676079912695,429031.0,899.3037017822265,873.436103515625,0.0738278382412858,0.0063917572228191,0.0083183729958944,0.0187163049359302,-0.0038219013851331,Information Technology,12.0,909.4242309570312,900.6317504882812,899.7199096679688,899.3037017822265,902.0030078125,899.7480387369792
2024-01-23,850.2548828125,884.5113278378424,845.4887808428724,878.7522854326977,606846.0,896.3075012207031,873.8640600585937,-0.0550861234352913,-0.0374325816082461,0.0335163057528504,0.0402896186988397,-0.0056054979112405,Information Technology,12.0,891.7498901367187,897.2110656738281,896.5855224609375,896.3075012207031,898.869287109375,898.8742492675781
2024-01-24,861.6240844726562,873.7379702098369,845.5880717962199,850.7017394087562,367748.0,894.2694915771484,874.6246520996094,-0.010759753425949,0.0133715217518643,-0.0126764621146644,0.0140593629582612,-0.0186113793305243,Information Technology,12.0,878.414697265625,894.4904052734375,893.8218383789062,894.2694915771484,896.1426708984375,898.4985880533854
2024-01-25,860.4325561523438,874.234452991132,856.7090293725566,863.8582129106032,274434.0,892.4697875976562,875.4329064941406,-0.0154052973068248,-0.0013828865067551,0.0039813193187137,0.0160406492526354,-0.0043275056867185,Information Technology,12.0,866.668212890625,891.898828125,891.3593424479167,892.4697875976562,893.7933740234375,897.2491373697917
2024-01-29,850.1556396484375,864.8511464336884,848.9640989676276,860.8793845671732,288567.0,890.3995056152344,875.8618579101562,-0.055473053788242,-0.011943895463303,0.0126138608257311,0.0172856664120089,-0.0014015559331026,Information Technology,12.0,861.1573974609375,888.5575866699219,888.4136189778645,890.3995056152344,892.6554663085938,895.9765197753907
2024-01-30,851.34716796875,863.8581934249179,849.708791980889,855.2692342715691,193613.0,888.4806488037109,876.2024365234375,-0.0508275099073662,0.0014015413940031,0.0046068941677186,0.0146955624296234,-0.0019244510929307,Information Technology,12.0,854.7628662109375,882.0935485839843,885.3421223958334,888.4806488037109,890.3955346679687,894.1296508789062
2024-01-31,869.865478515625,873.6883356520626,849.7584341855197,850.850705054906,403889.0,887.1103881835937,876.6462805175781,0.0213718854226842,0.0217517732408252,-0.0218594414083044,0.004394768192159,-0.0231151193221471,Information Technology,12.0,858.6849853515625,875.2174377441406,884.3690388997396,887.1103881835937,888.782998046875,892.1719034830729
2024-02-01,858.0991821289062,873.4897596979005,856.0139707408629,872.7946892352193,154158.0,884.8613800048828,876.9630285644531,-0.0245026819275544,-0.0135265701161026,0.0171256509880992,0.0179356627876172,-0.0024300353985539,Information Technology,12.0,857.9800048828125,868.1973510742188,882.3202718098959,884.8613800048828,887.0115942382813,889.7822265625
2024-02-02,867.730712890625,889.1782030954371,860.0354241424512,860.0354241424512,560838.0,883.3794158935547,877.4644641113281,0.0130488374369495,0.0112242628385023,-0.008868291318788,0.0247167581902976,-0.008868291318788,Information Technology,12.0,859.4396362304688,863.0539245605469,881.0790974934896,883.3794158935547,885.8637573242188,888.0677510579427
2024-02-05,849.7584228515625,868.8228915644605,847.0278366209313,867.7306813139182,305996.0,881.1502624511719,877.6958178710937,-0.0570217270582318,-0.0207118288797135,0.0211498444487854,0.0224351629830543,-0.0032133676550896,Information Technology,12.0,859.3601928710938,860.2587951660156,878.8251220703125,881.1502624511719,884.1916430664063,887.1062540690104
2024-02-06,862.9644775390625,873.7875521425369,850.9499229388116,851.9428633389736,373335.0,879.4275054931641,878.1724279785157,-0.0055338140156471,0.0155409517956691,-0.0127718051981925,0.0125417382582639,-0.0139224208098497,Information Technology,12.0,861.6836547851562,858.2232604980469,875.2902506510417,879.4275054931641,883.12125,885.6102213541667
2024-02-07,856.2125244140625,872.0499364627058,853.928773535926,866.539129172951,208599.0,878.0150451660156,878.6798205566406,-0.0318584040309122,-0.007824137957862,0.0120607961977143,0.018497057210745,-0.0026672710489715,Information Technology,12.0,858.9530639648438,858.8190246582031,869.7959798177084,878.0150451660156,881.4789233398437,883.8113423665365
2024-02-08,846.7796020507812,859.9360629886028,844.9923213649889,858.7445223299827,265448.0,875.9124908447266,879.0859338378906,-0.0686355867604213,-0.0110170338488525,0.0141299108412911,0.0155370546314039,-0.0021106799000162,Information Technology,12.0,856.6891479492188,857.3345764160156,864.3612833658855,875.9124908447266,879.22693359375,881.9578531901042
2024-02-09,836.0062255859375,852.5386477472674,832.0840986801343,846.9782054584183,284473.0,873.3953857421875,879.2964379882812,-0.110638946864779,-0.012722763324426,0.0131242801030468,0.0197754773294214,-0.0046915044239703,Information Technology,12.0,850.3442504882812,854.891943359375,858.8173665364583,873.3953857421875,876.7723828125,879.9438395182292
2024-02-12,823.9916381835938,839.2333110084469,820.3674417717405,836.006254428484,282409.0,870.4165649414062,879.211044921875,-0.1574815539910345,-0.014371409009452,0.0145809929229079,0.0184973634665175,-0.00439834124997,Information Technology,12.0,845.1908935546875,852.2755432128906,855.236161295573,870.4165649414062,873.958388671875,877.6915181477865
2024-02-13,829.7010498046875,832.87847149585,808.6507598848264,824.1406072983615,224751.0,866.1022399902344,879.1901928710937,-0.1352216363981257,0.0069289679124409,-0.0067017421607878,0.0038295982533835,-0.0253709332112046,Information Technology,12.0,838.5382080078125,850.1109313964844,851.6615763346355,866.1022399902344,871.2496459960937,875.690743001302
2024-02-14,821.50927734375,827.1194152664397,816.4949400683322,824.140593842911,220493.0,860.2463745117187,878.9826684570312,-0.1671598100702836,-0.0098731614993928,0.0032030271254746,0.0068290621632776,-0.006103810892594,Information Technology,12.0,831.59755859375,845.2753112792968,849.7452026367188,860.2463745117187,868.7315478515625,873.1653625488282
2024-02-15,830.4954223632812,846.7299745913075,822.8001338225805,823.1476387407727,405956.0,855.3561431884766,878.9290515136719,-0.132124527822693,0.0109385800834615,-0.0088474703467955,0.0195480333676358,-0.0092659012120774,Information Technology,12.0,828.34072265625,842.5149353027343,847.6699584960937,855.3561431884766,866.3981372070313,870.7458984375
2024-02-16,830.5946655273438,843.0064208400655,827.1193740397816,836.999143389563,311636.0,850.9276275634766,878.9091918945312,-0.1317375974697422,0.0001194987490479,0.0077107139354826,0.0149432157800357,-0.0041841004184101,Information Technology,12.0,827.2584106445313,838.8013305664062,845.6807657877604,850.9276275634766,864.1679907226562,868.5200541178385
2024-02-19,832.4813232421875,840.0276466536297,828.1123608854931,838.0417656922737,221042.0,848.6662078857422,878.87046875,-0.1243818753663843,0.0022714541678953,0.0066793599986489,0.0090648561123898,-0.0052481205700555,Information Technology,12.0,828.95634765625,837.0736206054687,844.5024780273437,848.6662078857422,862.124521484375,866.4580485026041
2024-02-20,828.2116088867188,837.8431434165725,827.1193986284395,834.0203469083195,215217.0,845.9107971191406,878.2131420898437,-0.1410286852314938,-0.0051289010771315,0.0070135916464741,0.0116293160184031,-0.0013187574848744,Information Technology,12.0,828.6584594726562,833.5983337402344,842.960107421875,845.9107971191406,858.6134838867188,864.1511149088542
2024-02-21,820.1688232421875,831.091168345897,819.1758827782139,828.211616758663,246730.0,844.406494140625,877.0871472167969,-0.1723859874451322,-0.0097110274212919,0.0098062658425392,0.013317191283293,-0.0012106537530266,Information Technology,12.0,828.3903686523438,829.9939636230469,839.6469970703125,844.406494140625,853.8751733398437,862.0080179850261
2024-02-22,816.6935424804688,829.0060286392104,812.2253103331592,824.140596059318,284795.0,842.1599670410156,875.9631396484375,-0.1859354507702622,-0.0042372748917481,0.0091185410334346,0.015076017524696,-0.0054711246200608,Information Technology,12.0,825.6299926757813,826.9853576660156,836.88662109375,842.1599670410156,849.4109130859375,859.603446451823
2024-02-23,842.658935546875,852.3401049161383,824.2895372564778,826.3250530542883,833280.0,841.2712860107422,874.8579968261719,-0.0847012872024646,0.0317933125656215,-0.0193837409224008,0.0114888348783488,-0.0217993277178929,Information Technology,12.0,828.0428466796875,827.6506286621094,835.2151692708334,841.2712860107422,846.3506713867188,858.1471333821614
2024-02-26,828.8570556640625,850.5527806481797,827.1690447476051,850.4038759405455,325945.0,840.2063568115234,873.6684545898438,-0.1385122101500339,-0.0163789634223189,0.0259958217514602,0.0261754724000449,-0.0020365525091717,Information Technology,12.0,827.3179931640625,828.1371704101563,833.8217447916667,840.2063568115234,844.3965649414063,856.3234334309896
2024-02-27,866.489501953125,882.6247841542486,822.1546869249431,830.0982104701117,2803915.0,840.9634735107422,872.8631799316406,0.0082095904150516,0.0454028182928505,-0.0419985370866986,0.0186214399190682,-0.0511660152007015,Information Technology,12.0,834.9735717773438,831.816015625,834.0567464192708,840.9634735107422,843.7233520507813,854.6734985351562
2024-02-28,843.0560913085938,873.5890106660586,834.3182273206461,873.4897408610783,709395.0,839.6230041503907,871.15234375,-0.0831528518970215,-0.0270440791166087,0.0360991989337806,0.0362169488747439,-0.0103645108291486,Information Technology,12.0,839.551025390625,833.9706970214844,833.1796508789063,839.6230041503907,843.435400390625,851.4878153483073
2024-02-29,840.970947265625,850.701751797959,810.1401576434672,843.0064631181409,380542.0,838.7665924072265,869.3759729003906,-0.0912824347062808,-0.0024733159091848,0.0024204354016441,0.0115709164079607,-0.0366609449736671,Information Technology,12.0,844.4065063476562,835.0182495117188,832.7924072265625,838.7665924072265,842.6092749023437,848.576845296224
2024-03-01,842.2617797851562,857.503392230391,841.0206041591834,849.0633979737759,258786.0,837.4931457519531,867.8379089355469,-0.0862497225079076,0.0015349311694159,0.0080754206730768,0.0180960513833627,-0.0014736221632772,Information Technology,12.0,844.3270751953125,836.1849609375,833.2094441731771,837.4931457519531,841.8824438476563,846.0134053548177
2024-03-04,833.9707641601562,853.8792093977535,830.9422471010078,849.9570822362049,202056.0,836.7037628173828,866.9452575683594,-0.1185748265330162,-0.0098437514606383,0.019168919059348,0.0238718742828423,-0.0036314427187364,Information Technology,12.0,845.3498168945313,836.3339050292968,833.8747192382813,836.7037628173828,841.235048828125,844.5554402669271
2024-03-05,822.055419921875,836.0062210747321,819.1758683852349,836.0062210747321,265201.0,834.6583099365234,865.2294567871094,-0.1650305033063211,-0.0142874843463853,0.01697063338404,0.01697063338404,-0.0035028678929137,Information Technology,12.0,836.4630004882813,835.7182861328125,833.3650105794271,834.6583099365234,840.06337890625,842.5132934570313
2024-03-06,818.7290649414062,831.041551199456,810.2394359138992,823.5944975605414,289093.0,832.7841369628907,863.4004602050782,-0.1779993331374783,-0.0040463877493622,0.0059426650738034,0.0150385356832676,-0.0103692776903121,Information Technology,12.0,831.5975952148438,835.5743103027344,833.1796630859375,832.7841369628907,838.0179223632813,841.4624328613281
2024-03-07,825.53076171875,828.1123827951046,819.1759182325676,819.1759182325676,193083.0,831.7216949462891,861.8633898925781,-0.1514808020166443,0.0083076283334713,-0.0076978881719097,0.0031272257753056,-0.0076978881719097,Information Technology,12.0,828.5095581054687,836.4580322265625,832.8486857096354,831.7216949462891,836.715185546875,840.2593221028645
2024-03-11,817.4878540039062,829.1052692993752,815.2041031075295,829.1052692993752,229515.0,830.7957763671875,860.2846142578124,-0.1828385801593761,-0.0097427110990975,0.0142111167016965,0.0142111167016965,-0.0027936205843198,Information Technology,12.0,823.5547729492188,833.9409240722656,831.9748982747395,830.7957763671875,834.7054711914062,838.82783203125
2024-03-12,800.2107543945312,827.2683823839399,798.8206134854747,818.1829527806477,444042.0,829.6067321777343,858.4576037597657,-0.2501987284675288,-0.0211343808042589,0.022459331229202,0.0338131271553348,-0.001737218478285,Information Technology,12.0,816.8027709960937,831.0762939453125,829.8235270182291,829.6067321777343,832.723564453125,837.1630025227864
2024-03-13,779.6072387695312,816.1474361559341,774.741806196691,801.7497992576938,529763.0,827.1020416259765,856.2552624511719,-0.3305279445713852,-0.0257476115034087,0.0284021997064964,0.0468700078312187,-0.0062408765989904,Information Technology,12.0,808.313134765625,822.3880676269531,826.5832356770833,827.1020416259765,829.3892749023438,834.7716715494792
2024-03-14,796.1892700195312,803.2888184290631,772.9048651133821,779.6072131039831,321290.0,825.8360412597656,854.2336340332031,-0.265877736521168,0.0212697245810233,-0.0208267776770483,0.0089169104343214,-0.029244811231352,Information Technology,12.0,803.80517578125,817.7013854980469,824.9845987955729,825.8360412597656,826.9883447265624,832.3157979329427
2024-03-15,787.004638671875,810.2394712812101,779.4583148967523,796.1893385607857,299912.0,823.6615020751954,851.9121398925781,-0.3016868794746601,-0.0115357386660472,0.0116704520375006,0.029523120281153,-0.0095886649256066,Information Technology,12.0,796.099951171875,812.3047546386719,823.0053385416667,823.6615020751954,824.5973461914062,829.9459798177083
2024-03-18,781.5931396484375,798.3241628495302,779.5575631378485,792.3665198431905,209874.0,821.21142578125,849.5966027832031,-0.3227852921150766,-0.0068760700477824,0.013783872514028,0.0214063076457124,-0.0026043940348613,Information Technology,12.0,788.9210083007813,806.237890625,818.9342854817709,821.21142578125,822.4208227539062,827.0747273763021
2024-03-19,778.1674194335938,788.8415289507711,776.4794085983947,785.3166025799068,271583.0,818.4957305908204,847.2731213378906,-0.336141528228278,-0.0043829967806327,0.0091872044084249,0.0137169833259618,-0.0021692129393282,Information Technology,12.0,784.5123413085937,800.6575561523438,815.5549763997395,818.4957305908204,820.5878540039063,824.6883605957031
2024-03-20,770.1246337890625,784.3237315373647,769.528893725954,784.3237315373647,248219.0,815.5913818359375,844.7272216796875,-0.3674988304419164,-0.0103355466236113,0.0184374023701094,0.0184374023701094,-0.000773563183114,Information Technology,12.0,782.6158203125,795.4644775390625,809.1306518554687,815.5913818359375,818.2047973632813,821.5936991373698
2024-03-21,774.1460571289062,788.2457632366455,769.5784946311758,779.458264370485,281929.0,813.2902435302734,842.520908203125,-0.3518200603528238,0.0052217825055901,0.0068620219565287,0.0182132376415262,-0.0059001301571828,Information Technology,12.0,778.207177734375,791.0061767578125,804.5366495768229,813.2902435302734,816.3102685546875,818.8581502278646
2024-03-22,772.1105346679688,779.4583188581528,770.0253837891687,771.4651596837119,338290.0,811.0610931396484,840.1865051269531,-0.3597561779856078,-0.0026293778056387,-0.0008358582810094,0.0095164926008215,-0.0027005859720548,Information Technology,12.0,775.2283569335938,785.6641540527344,799.9459554036458,811.0610931396484,813.974873046875,816.3691813151041
2024-03-26,760.1455688476562,783.2810698044135,757.1171125184379,771.5147494122311,616481.0,806.9354248046875,837.6624499511719,-0.406405319935388,-0.0154964416143574,0.0149565833578559,0.0304356190510055,-0.0039840478631077,Information Technology,12.0,770.9388427734375,779.9299255371094,794.4715413411458,806.9354248046875,811.1569091796875,813.8404927571614
2024-03-27,746.6912231445312,766.99686759691,744.7053422319128,762.429305135322,760030.0,802.8271331787109,834.9249133300781,-0.4588612727539896,-0.0176996962878059,0.0210770951940657,0.0271941651689247,-0.002659574468085,Information Technology,12.0,764.643603515625,774.5779724121094,788.6529052734375,802.8271331787109,807.7253051757813,811.2638122558594
2024-03-28,739.1448974609375,758.3582709849339,735.7688756789997,750.5637126705307,777795.0,796.4599029541016,831.3880603027344,-0.4882829713446875,-0.0101063538042057,0.0154486829968227,0.0259940555498616,-0.0045674695090703,Information Technology,12.0,758.44765625,770.53173828125,783.125537109375,796.4599029541016,804.16263671875,808.245273844401
2024-04-01,790.8770751953125,799.614939109258,744.1096038416692,745.5990145294194,692995.0,793.8509521484375,828.4330700683594,-0.2865889808440871,0.0699892239154758,-0.0572504401581135,0.0110483211462257,-0.0591336793294883,Information Technology,12.0,761.7938598632812,770.0005187988281,781.2687377929688,793.8509521484375,802.990966796875,807.2242004394532
2024-04-02,801.1043701171875,807.6081181644768,782.8839364832564,792.4657757882619,381365.0,791.8576232910157,825.8891564941406,-0.2467146895391452,0.0129315860108213,-0.0107833568897669,0.008118477803757,-0.0227441446003667,Information Technology,12.0,767.592626953125,771.4104919433594,779.640311686198,791.8576232910157,802.3673999023438,806.2444986979167
2024-04-03,812.6721801757812,825.1335715726592,792.6644044693412,794.3524154730775,542368.0,790.3781433105469,823.7593005371094,-0.201613982894808,0.0144398289287843,-0.0225426256116472,0.0153338476459012,-0.0246197374470383,Information Technology,12.0,778.09794921875,774.5183959960938,779.319266764323,790.3781433105469,801.1679296875,805.6470825195313
2024-04-04,815.9487915039062,824.1405499826494,810.5868889852012,824.1405499826494,205382.0,789.4770446777344,822.52408203125,-0.1888390941692196,0.0040318979879639,0.0100395497414054,0.0100395497414054,-0.0065713713587617,Information Technology,12.0,791.949462890625,778.296533203125,780.3684692382812,789.4770446777344,800.6515991210938,805.0959981282552
2024-04-05,818.5303955078125,823.7433326142418,810.5372373988088,815.2537043046258,258967.0,789.3007934570312,821.2282934570312,-0.1787739077370199,0.0031639289509185,-0.0040031393106102,0.006368654279717,-0.0097652550874971,Information Technology,12.0,807.8265625,783.137109375,782.9633463541667,789.3007934570312,798.7332348632813,804.773291015625
2024-04-08,810.8848876953125,829.1053217213699,807.806735767073,829.1053217213699,198701.0,788.9085845947266,820.4408935546875,-0.2085822987161218,-0.0093405301189295,0.0224698157562701,0.0224698157562701,-0.0037960405662365,Information Technology,12.0,811.828125,786.8109924316407,783.9430541992188,788.9085845947266,797.44638671875,804.4638264973959
2024-04-09,815.7998657226562,833.0770541383931,809.2464828638741,811.2323638034175,241748.0,788.4220397949218,819.5244091796875,-0.1894197276631924,0.0060612524686617,-0.0055988019993026,0.0211782192442901,-0.0080330766578111,Information Technology,12.0,814.7672241210937,791.1799255371094,785.8627360026042,788.4220397949218,796.4395434570313,804.4340372721355
2024-04-10,813.0692749023438,817.6864723027768,810.5372888393836,814.1119108732183,131269.0,788.2011108398438,818.5771435546875,-0.2000657855539117,-0.00334713320637,0.0012823458013462,0.0056787257161914,-0.0031141086511531,Information Technology,12.0,814.8466430664063,796.4722961425781,787.9611450195313,788.2011108398438,795.2718432617188,803.4477152506511
2024-04-12,816.1473999023438,824.0909233554149,810.0407920060854,811.3812979513558,367199.0,788.9979431152344,817.8969787597656,-0.1880647575342248,0.003785809026383,-0.0058397563375908,0.0097329519814945,-0.0074822365383863,Information Technology,12.0,814.8863647460937,803.4179138183594,790.4931437174479,788.9979431152344,794.5589086914063,803.0240600585937
2024-04-15,795.3948974609375,808.9485581994837,783.628577930667,795.2956276623767,382667.0,789.7873260498047,816.7779333496094,-0.2689748450966008,-0.0254273951542201,-0.0001248056768753,0.0170401655602925,-0.0147930538250006,Information Technology,12.0,810.2592651367188,809.0429138183594,792.1778279622396,789.7873260498047,793.4924877929687,800.6542399088542
2024-04-16,807.3102416992188,837.9424917391103,788.7422426815731,789.3876782325306,937842.0,790.343374633789,815.5268286132813,-0.2225191683232959,0.014980413221555,-0.0222003420010687,0.0379435915186918,-0.0229998308686929,Information Technology,12.0,809.5443359375,810.68623046875,794.3887736002604,790.343374633789,793.0357348632813,799.4627115885417
2024-04-18,803.1895751953125,821.1121386644095,800.3100235734985,810.8351683763026,222338.0,791.152621459961,814.4286364746093,-0.2385848687653392,-0.0051041920330814,0.0095190393614494,0.0223142381606966,-0.0035851456626709,Information Technology,12.0,807.0222778320312,810.8947509765625,796.4607096354167,791.152621459961,792.1420874023438,798.2033325195313
2024-04-19,806.6151733398438,816.2963430036834,789.3876802823117,794.3523826740244,302830.0,792.4037231445312,813.2063256835937,-0.2252291085812313,0.0042649932846778,-0.0152027770752742,0.0120022161543951,-0.0213577597185538,Information Technology,12.0,805.7314575195312,810.2890502929688,799.5586832682292,792.4037231445312,791.7071801757812,797.0151123046875
2024-04-22,803.6362915039062,819.1758330637334,799.962460493584,819.1758330637334,217917.0,793.6771667480468,812.2838830566407,-0.2368432062479675,-0.0036930644679088,0.0193365353507701,0.0193365353507701,-0.004571509586068,Information Technology,12.0,803.2292358398438,809.0578002929688,803.3550211588541,793.6771667480468,791.8442016601563,796.0039632161458
2024-04-23,805.4236450195312,811.3315920284726,800.2107078203898,809.0974760859834,205061.0,795.4421173095703,811.13306640625,-0.2298746524621071,0.0022240826285734,0.0045613648036904,0.0073352043306329,-0.0064722922295322,Information Technology,12.0,805.2349853515625,807.7471252441406,807.773604329427,795.4421173095703,792.8768579101562,795.4495707194011
2024-04-24,813.2678833007812,816.3956700363302,806.4662652939868,814.4097890878616,209495.0,797.3982086181641,810.2741735839844,-0.1992914489189169,0.0097392699230474,0.0014040955145624,0.0038459489176607,-0.0083633180978314,Information Technology,12.0,806.426513671875,807.9854248046875,809.2663248697917,797.3982086181641,793.5600024414063,795.2675313313802
2024-04-25,814.0621948242188,832.7295235643192,812.2252792534363,821.1617432061024,513798.0,799.4957916259766,809.6198254394532,-0.1961945783080308,0.0009766911244713,0.0087211375580666,0.0229310842080454,-0.0022564806257574,Information Technology,12.0,808.6010375976563,807.8116577148437,810.1301798502604,799.4957916259766,794.6423046875,794.8852457682292
2024-04-26,811.67919921875,821.8568390349509,806.3172964397237,821.1617685851843,301864.0,802.0724731445313,809.1332849121094,-0.2054854281052357,-0.0029272893651366,0.0116826566155217,0.0125389930233483,-0.0066059383857405,Information Technology,12.0,809.6138427734375,807.6726501464843,810.0639811197917,802.0724731445313,795.8457470703125,794.6916239420573
2024-04-29,808.5514526367188,820.615704186308,804.9272561043276,819.1759283126602,188560.0,805.1654846191407,808.8244812011719,-0.217679921301398,-0.0038534270498021,0.0131401355365754,0.0149208210686495,-0.0044823325968588,Information Technology,12.0,810.596875,806.9130554199219,809.5708251953125,805.1654846191407,797.0611083984375,794.9696472167968
2024-04-30,808.75,823.4455066022879,804.1824981520847,808.6507301962837,275874.0,808.6457397460938,808.4054602050782,-0.2169058226309499,0.0002455593427403,-0.0001227447341159,0.0181706418575429,-0.0056476066125691,Information Technology,12.0,811.2621459960938,808.2485656738281,808.918798828125,808.6457397460938,798.606123046875,795.9410725911458
2024-05-02,805.4236450195312,815.104814103651,804.2817392961051,813.2182030660618,179934.0,809.3730682373047,808.0837475585937,-0.2298746524621071,-0.0041129582447836,0.0096775878070249,0.012019971283417,-0.0014177703007445,Information Technology,12.0,809.6932983398438,808.0599060058594,808.5547159830729,809.3730682373047,799.8572265625,796.2488850911458
2024-05-03,801.9484252929688,811.2323947983373,799.5157089282256,805.4237170699506,192316.0,809.4152709960938,807.5128076171875,-0.2434238778226904,-0.0043147724157989,0.0043335601983534,0.0115767663013701,-0.0030335072531059,Information Technology,12.0,807.2705444335937,807.935791015625,807.6312866210938,809.4152709960938,801.0507421875,796.747011311849
2024-05-06,800.0121459960938,809.2464802138753,794.3523732160739,806.267658814315,192654.0,808.7822692871093,806.9011572265625,-0.2509730651025236,-0.0024144686064663,0.0078192723067129,0.0115427425245948,-0.0070746085648147,Information Technology,12.0,804.9371337890625,807.27548828125,806.760811360677,808.7822692871093,802.6454052734375,797.3609781901042
2024-05-07,816.1473999023438,836.0558434357487,795.3452857387585,809.0974864751784,2012467.0,808.7921997070313,806.5744787597656,-0.1880647575342248,0.0201687611706945,-0.0086380394374949,0.0243931960523149,-0.0254881828528452,Information Technology,12.0,806.4563232421875,808.5265991210938,806.760811360677,808.7921997070313,805.42365234375,798.6269775390625
2024-05-08,816.2467041015625,831.5876465376498,813.2182477783107,822.2043469424293,733893.0,808.6780151367187,806.3351806640625,-0.1876775892167273,0.0001216743436671,0.007298826213852,0.0187944923501688,-0.0037102218092081,Information Technology,12.0,807.9556640625,809.6089050292969,808.1509318033854,808.6780151367187,808.507724609375,800.1643798828125
2024-05-09,804.530029296875,824.3888390295964,800.6575371572833,824.3888390295964,356222.0,808.3602722167968,806.0224047851563,-0.2333586913904906,-0.0143543303094668,0.0246837395865473,0.0246837395865473,-0.0048133593508946,Information Technology,12.0,807.7769409179688,808.7351196289062,807.9655843098958,808.3602722167968,809.0538427734375,801.1771789550781
2024-05-10,802.1966552734375,808.154298281471,797.3312225751653,808.154298281471,147880.0,807.6801116943359,805.7324670410156,-0.2424560760112201,-0.0029002945054478,0.0074266614911313,0.0074266614911313,-0.0060651371035869,Information Technology,12.0,807.8265869140625,807.5485656738281,807.8993896484375,807.6801116943359,809.0975341796875,802.1800496419271
2024-05-13,817.1900024414062,818.7290480408234,786.4088480359584,804.281776400412,306460.0,807.8861480712891,805.2230883789063,-0.1839998471473218,0.0186903636027478,-0.0157958687727824,0.0018833387520884,-0.0376670716889429,Information Technology,12.0,811.262158203125,808.0996459960937,808.6043782552083,807.8861480712891,809.2782470703125,804.0815307617188
2024-05-14,808.5017700195312,820.9631606788358,805.3739833270237,820.1688204312346,148519.0,807.5038665771484,804.8159826660157,-0.2178736244424201,-0.0106318388574485,0.014430457476205,0.0154129417168791,-0.0038686207111606,Information Technology,12.0,809.7330322265625,808.094677734375,808.9287434895833,807.5038665771484,808.9803662109375,806.1418823242187
2024-05-15,804.0831909179688,816.5942773648637,802.2959101696345,809.2961284531057,153268.0,807.93828125,803.5678564453125,-0.2351008298369557,-0.0054651446235618,0.0064830823402559,0.0155594428390075,-0.0022227560139566,Information Technology,12.0,807.3003295898437,807.6279968261719,808.8393798828125,807.93828125,808.4024780273437,808.3064921061198
2024-05-16,809.3954467773438,814.7572889422787,803.9342742030371,810.189787030933,270811.0,808.0425415039062,802.8946435546875,-0.2143893475494899,0.0066065998137709,0.0009813994590059,0.0066245025052753,-0.0067472242351381,Information Technology,12.0,808.2734130859375,808.0251770019531,808.5812174479166,808.0425415039062,808.342900390625,808.9237711588542
2024-05-17,813.7147216796875,819.0766245023261,807.3102434760572,813.2182514407127,229521.0,808.568798828125,802.3495190429687,-0.1975493104724517,0.005336421052949,-0.0006101281269066,0.0065894135620041,-0.007870667732802,Information Technology,12.0,810.5770263671875,809.201806640625,808.5580525716146,808.568798828125,808.2594946289063,809.3441162109375
2024-05-21,804.7782592773438,810.3387017252727,803.3384834600637,808.9982563185883,194512.0,808.476953125,801.5998486328125,-0.2323908895790203,-0.010982303950329,0.0052436767427515,0.0069092851152838,-0.0017890341851094,Information Technology,12.0,808.094677734375,809.67841796875,808.0979899088542,808.476953125,807.9278540039063,809.080985514323
2024-05-22,811.1827392578125,814.658030946385,799.3170883716879,808.2535527137316,239168.0,808.8542755126953,801.1440881347656,-0.2074210317281762,0.0079580678362505,-0.0036110069930247,0.0042842278569095,-0.0146275929107922,Information Technology,12.0,808.6308715820312,809.1819519042969,808.2734090169271,808.8542755126953,807.729267578125,808.9221171061198
2024-05-23,809.742919921875,817.9843133624568,808.2535092782418,811.2323305655082,207750.0,809.0702392578125,800.8978381347656,-0.2130346153850689,-0.0017749629846104,0.0018393623543837,0.0101777900588213,-0.0018393623543838,Information Technology,12.0,809.7628173828125,808.5315734863282,808.3396036783854,809.0702392578125,808.3031884765625,808.6292012532552
2024-05-24,803.4874267578125,814.211171530283,802.2958860932545,814.1615366284839,230371.0,808.5812164306641,800.5930053710938,-0.2374236017773936,-0.0077252829387702,0.0132847254545636,0.0133464997899748,-0.0014829611825614,Information Technology,12.0,808.5812133789062,808.4273132324219,808.2105224609375,808.5812164306641,808.1502758789062,808.3826192220052
2024-05-27,796.983642578125,808.2038570656322,794.3523262556939,806.3668809486021,287300.0,807.7272888183594,800.0220629882813,-0.2627806279457352,-0.0080944442477851,0.0117734390885662,0.0140783497779344,-0.0033015938870704,Information Technology,12.0,805.2349975585937,807.9060119628906,807.8795369466146,807.7272888183594,807.9020385742188,807.7554117838541
2024-05-28,796.3878784179688,804.2817671422571,794.3523626096367,797.5794190827384,253236.0,806.9627227783203,799.6000634765625,-0.2651033998861731,-0.0007475236985153,0.0014961813169942,0.0099121156137755,-0.002555935196271,Information Technology,12.0,803.5569213867187,805.8257995605469,807.6379191080729,806.9627227783203,807.4929467773437,807.199365234375
2024-05-29,796.5864868164062,802.4944946948901,795.3453112370725,798.3241326274734,124722.0,806.3644744873047,799.527578125,-0.2643290632511783,0.000249386516068,0.0021813649111872,0.0074166559140307,-0.0015581177937052,Information Technology,12.0,800.6376708984375,804.6342712402344,806.3338582356771,806.3644744873047,807.2109545898437,806.5473347981771
2024-05-30,784.9691162109375,798.572413460053,783.7279405605489,796.7354977391897,223903.0,805.1754302978516,799.6348156738281,-0.3096229971074441,-0.0145839413519278,0.0149896107824583,0.0173297228746767,-0.0015811776855372,Information Technology,12.0,795.68291015625,802.7228637695313,804.2486857096354,805.1754302978516,806.3927734375,806.1998087565104
2024-05-31,782.93359375,791.3735881024096,780.5505122793726,785.0187445835895,198344.0,804.050927734375,799.3697021484375,-0.3175591147402281,-0.0025931242629812,0.0026632537551523,0.0107799619530755,-0.0030437849258878,Information Technology,12.0,791.5721435546875,800.0766784667969,802.8089233398438,804.050927734375,805.1794018554688,805.3872538248698
2024-06-03,779.4086303710938,807.2605983023682,776.4794438775546,807.2109633999576,319148.0,802.9239379882813,799.2177819824219,-0.3313022812063801,-0.0045022507745807,0.0356710612963402,0.0357347440687352,-0.0037582166522129,Information Technology,12.0,788.0571411132812,796.6460693359375,801.2897216796875,802.9239379882813,803.7932592773437,804.5945556640625
2024-06-04,759.7484130859375,782.3378084282967,755.9255559731266,780.4511973228289,606961.0,800.9107513427734,798.7808874511719,-0.407953755240831,-0.0252245311625502,0.027249526133001,0.0297327311953254,-0.0050317408328413,Information Technology,12.0,780.729248046875,792.1430847167969,797.460282389323,800.9107513427734,801.7160278320313,803.0323303222656
2024-06-05,782.0398559570312,787.4017585038109,755.925534851341,769.6777961259834,420125.0,799.2053741455078,798.8583361816407,-0.321043629597705,0.0293405586469744,-0.015807454999745,0.0068563034299804,-0.0333925706046432,Information Technology,12.0,777.819921875,789.2287963867187,795.6961547851563,799.2053741455078,800.6555639648437,802.3124491373698
2024-06-06,814.75732421875,820.8639326034006,788.3947657713082,793.3594683265433,806692.0,799.1309051513672,799.7509899902344,-0.1934844000855487,0.0418360624621622,-0.0262628579776494,0.007495002748832,-0.0323563319577644,Information Technology,12.0,783.7775634765625,789.7302368164062,796.407763671875,799.1309051513672,800.8958569335938,802.6235717773437
2024-06-07,835.6090087890625,859.8864144827859,814.7572597080712,815.2040950235187,1651362.0,800.6848541259766,800.9802490234375,-0.1121876201347687,0.0255925095123344,-0.0244192122762223,0.0290535470996242,-0.024953954375395,Information Technology,12.0,794.312646484375,792.9423950195312,798.1553344726562,800.6848541259766,802.103271484375,803.3682759602865
2024-06-10,901.9871215820312,911.469690680463,840.5240839922743,842.360999567913,4101921.0,805.6743774414062,803.5777807617187,0.1466081050298558,0.0794368084771629,-0.0661052919575365,0.0105129761518101,-0.0681418128032188,Information Technology,12.0,818.8283447265625,803.4427429199219,804.0401611328125,805.6743774414062,806.1048193359375,806.2991068522135
2024-06-11,887.093017578125,908.5405069429366,878.7522936005453,906.554626053444,1068618.0,809.1695281982422,806.1167297363281,0.0885388065189081,-0.0165125461855629,0.0219386333672781,0.0241772722136468,-0.0094023104818826,Information Technology,12.0,844.297265625,812.5132568359375,809.5278116861979,809.1695281982422,809.5880541992187,808.812900797526
2024-06-12,883.865966796875,920.902633502406,877.0146534425088,893.6464059985938,1229930.0,812.9377380371094,808.860224609375,0.0759571450052483,-0.0036377817402511,0.011065523019472,0.0419030351850198,-0.0077515297700569,Information Technology,12.0,864.6624877929687,821.2412048339844,814.373360188802,812.9377380371094,812.296796875,811.3233846028646
2024-06-13,888.1356201171875,903.575832384887,884.6603284541687,893.4478274175196,584325.0,817.1403594970703,811.8400390625,0.0926037169058111,0.004830657000841,0.0059813019318279,0.0173849713016376,-0.0039130191203908,Information Technology,12.0,879.3381469726562,831.5578552246094,819.599540201823,817.1403594970703,815.172353515625,813.9695719401042
2024-06-14,878.9672241210938,895.6596288875658,876.974101163903,892.1218478036094,475204.0,820.6189483642578,813.6018420410156,0.0568578725217439,-0.0103231936524333,0.0149660002347293,0.0189909297052153,-0.0022675736961451,Information Technology,12.0,888.0097900390625,841.1612182617188,824.6315266927083,820.6189483642578,818.1498413085938,816.4210245768229
2024-06-18,881.15966796875,889.680256411159,874.5325098328289,878.9672205596665,431080.0,823.9911956787109,815.2029479980469,0.0654057970041197,0.0024943408439928,-0.002488138630014,0.0096697440340758,-0.0075209503757679,Information Technology,12.0,883.8442993164062,851.3363220214844,830.24326171875,823.9911956787109,821.3083618164062,819.0613993326823
2024-06-19,884.5978393554688,897.9019110435916,870.2473294326485,887.6373397638664,522689.0,827.9821746826171,816.6414611816406,0.0788105778848499,0.0039018710362043,0.0034360251327454,0.0150396836802317,-0.0162226373210183,Information Technology,12.0,883.345263671875,863.8212646484375,836.12392578125,827.9821746826171,824.0046752929687,821.8809224446615
2024-06-20,879.2163696289062,889.3314930258762,876.9741062889628,885.9431596487364,296603.0,831.3838562011719,817.9068127441407,0.0578292438014148,-0.0060835212196352,0.0076508926041372,0.0115047032179795,-0.0025502975347124,Information Technology,12.0,882.4153442382812,873.538916015625,841.6325846354167,831.3838562011719,826.8332592773437,823.9832214355469
2024-06-21,903.0341796875,952.7127434990472,892.919056668563,892.919056668563,5237816.0,836.0484191894532,819.5968884277344,0.1506903868286686,0.0270898164335209,-0.0112012626392916,0.0550129385232558,-0.0112012626392916,Information Technology,12.0,885.3950561523437,882.3666015625,849.5035888671875,836.0484191894532,830.791298828125,826.8761372884114
2024-06-24,914.1956176757812,926.8021442911452,894.912178035966,906.8709153816582,750029.0,841.5838287353515,821.6631030273437,0.1942067255210095,0.0123599286044119,-0.0080121826800538,0.0137897473709338,-0.0210933407106466,Information Technology,12.0,892.4407348632812,890.2252624511718,858.2543904622396,841.5838287353515,834.9833056640625,830.5316569010416
2024-06-25,827.694091796875,849.9672764752358,825.152872290024,843.2903026624217,21164981.0,843.119351196289,821.9009875488281,-0.1430463866230493,-0.0946203681208018,0.0188429650762496,0.0269099234839371,-0.0030702399981303,Information Technology,12.0,881.7476196289062,882.7959594726562,861.4734212239583,843.119351196289,835.54248046875,831.3815714518229
2024-06-26,825.4518432617188,837.0119926664036,820.8676848863355,831.1322557357611,2234481.0,844.5725494384766,822.1486389160157,-0.1517884901755406,-0.0027090304949361,0.0068815794893577,0.0140046321285147,-0.0055535140090902,Information Technology,12.0,869.9184204101563,876.6318420410156,865.8536499023437,844.5725494384766,836.369423828125,831.6569661458333
2024-06-27,813.0945434570312,829.4381153865211,808.8591571274695,825.4518694292866,1249555.0,845.3979522705079,822.0875817871093,-0.1999672682315737,-0.014970346126866,0.0151978955850764,0.0201004570268077,-0.0052089715318395,Information Technology,12.0,856.6940551757813,869.5546997070312,867.9239624023437,845.3979522705079,836.4458959960938,831.81005859375
2024-06-28,814.4896850585938,822.8608258167989,812.7457024694081,816.1838517388597,794204.0,846.8739807128907,822.4694775390625,-0.1945278746228728,0.0017158417957532,0.0020800345435241,0.0102777738156412,-0.0021411966550075,Information Technology,12.0,838.98515625,862.1901062011718,867.9061197916667,846.8739807128907,836.6357666015625,832.1569417317709
2024-07-01,830.4844970703125,834.3711112287845,815.5360746535531,817.1804254495113,1364387.0,849.2515258789062,822.9329626464844,-0.1321671234765541,0.0196378325043712,-0.0160196507794351,0.0046799358352656,-0.0179996405345226,Information Technology,12.0,822.2429321289062,857.3418334960937,867.5644856770833,849.2515258789062,837.7156494140625,832.8599100748698
2024-07-02,828.0927734375,837.0618267517211,826.4484226664453,834.1219582225582,1267114.0,851.6857330322266,823.4310266113281,-0.1414920022039385,-0.0028799136422771,0.0072808083568105,0.0108309764339442,-0.0019857083937937,Information Technology,12.0,822.3226684570312,852.0351440429688,862.6381958007812,851.6857330322266,838.9600146484376,833.3391784667969
2024-07-03,822.91064453125,834.0223293960581,821.3161704886728,833.1253997313048,476253.0,854.8438446044922,823.7569360351563,-0.1616961440778183,-0.0062579086214439,0.0124129579170451,0.0135029057391007,-0.0019376028894186,Information Technology,12.0,821.8144287109375,845.8664245605469,858.3593709309896,854.8438446044922,840.0209252929687,833.9435913085938
2024-07-04,829.4879150390625,846.4793367589942,825.152896975645,826.1494584454224,1313065.0,857.2162475585938,824.2739685058593,-0.1360526085952376,0.007992691006639,-0.0040247199906257,0.0204842305859653,-0.005226137698719,Information Technology,12.0,825.0931030273438,840.8935791015625,854.7341674804687,857.2162475585938,841.336982421875,834.5537638346354
2024-07-05,823.8075561523438,831.7301711078989,821.2662757662991,825.7508023412704,648646.0,857.6687591552734,824.6416467285156,-0.1581992550639124,-0.0068480309160999,0.0023588593894461,0.0096170700261093,-0.0030847985880511,Information Technology,12.0,826.9566772460937,832.9709167480469,850.4456298828125,857.6687591552734,842.8905200195312,835.0225850423177
2024-07-08,819.3230590820312,830.9329640268153,817.180427533384,830.9329640268153,550059.0,856.8544616699219,824.7627502441406,-0.175683462168895,-0.005443622162508,0.0141701186315832,0.0141701186315832,-0.0026151241868475,Information Technology,12.0,824.7243896484375,823.4836608886719,846.4693522135417,856.8544616699219,844.3460986328125,835.550439453125
2024-07-09,818.6254272460938,823.4089101110313,817.1804009573926,819.1735238865571,413086.0,852.686376953125,824.8540148925781,-0.1784033969377921,-0.0008514734550729,0.0006695328806327,0.0058433108791031,-0.001765186177471,Information Technology,12.0,822.8309204101563,822.5767944335937,842.3004028320313,852.686376953125,845.9147705078125,836.2718322753906
2024-07-10,811.1512451171875,821.1666760274651,805.2216920269318,818.6254563674374,526498.0,848.8892883300781,824.8434558105469,-0.2075438214342786,-0.0091301612192158,0.009214325066061,0.012347180591248,-0.007310046216349,Information Technology,12.0,820.4790405273437,821.1467346191406,837.4039632161458,848.8892883300781,847.9708837890626,836.7639444986979
2024-07-11,810.2542724609375,819.1735095782144,809.20789510646,816.8316145074656,357886.0,845.2087036132813,824.8775122070313,-0.2110409484127312,-0.0011058019840928,0.0081176271080325,0.0110079482705929,-0.0012914184966892,Information Technology,12.0,816.6323120117188,820.8627075195312,832.8064900716146,845.2087036132813,849.0994604492188,837.2195373535156
2024-07-12,827.594482421875,834.4707200488933,813.4931133339383,820.9175084280256,1767594.0,842.1816467285156,825.2544018554687,-0.1434347447632803,0.0214009485050552,-0.0080679295665552,0.0083087040489875,-0.0170389839316841,Information Technology,12.0,817.389697265625,822.1731872558594,827.777176920573,842.1816467285156,849.6129467773437,838.6403828938802
2024-07-15,822.8109741210938,835.1184835279377,819.3728250011787,834.1219220917468,595772.0,839.3738342285156,825.6021484375,-0.162084740182596,-0.0057800147323152,0.0137467150128072,0.0149578819363591,-0.0041785406710059,Information Technology,12.0,818.0872802734375,821.4058349609375,821.6848673502604,839.3738342285156,849.101025390625,839.96962890625
2024-07-16,825.2525024414062,834.9191605546379,816.4827739524484,822.8109755786401,983564.0,836.5784759521484,826.0682299804688,-0.152565682385096,0.0029673016003711,-0.0029585210048357,0.0117135762504616,-0.0106267214737474,Information Technology,12.0,819.4126953125,821.1218078613281,821.5220947265625,836.5784759521484,846.031640625,841.4977579752605
2024-07-18,825.551513671875,829.0892945864457,814.1906890297194,821.1666190458858,973743.0,833.6261596679688,826.5790173339843,-0.1513998940707629,0.0003623269600324,-0.0053114730617913,0.0042853545248018,-0.0137614969556837,Information Technology,12.0,822.2927490234375,821.3858947753906,821.528739420573,833.6261596679688,843.56998046875,843.6911946614583
2024-07-19,812.048095703125,831.6305530683416,809.0085953614613,829.2387811919552,743275.0,830.2677459716797,826.49703125,-0.2040471703849195,-0.0163568447820896,0.021169541040479,0.0241148984510095,-0.0037430053192007,Information Technology,12.0,822.651513671875,819.6419128417969,821.4589762369792,830.2677459716797,840.697265625,844.6914693196615
2024-07-22,802.3814697265625,811.2010141622178,800.4381627487094,805.2216455074595,388451.0,825.2351104736329,826.2197265625,-0.2417355193637818,-0.0119040067056526,0.0035396826672291,0.0109917100137679,-0.0024219240488135,Information Technology,12.0,817.6089111328125,817.4993041992187,820.6517618815104,825.2351104736329,837.267099609375,844.2789408365885
2024-07-23,809.6065673828125,817.1305943610935,788.2801274676075,811.2010414142004,925403.0,820.0056579589843,826.3212573242188,-0.2135662281824194,0.0090045669408494,0.0019694430549672,0.009293436196551,-0.0263417328544484,Information Technology,12.0,814.9680297851562,816.5276550292969,819.2598999023437,820.0056579589843,834.4926733398438,843.4121927897136
2024-07-24,825.0033569335938,831.1322340688911,806.1683823689287,810.1546280958779,865522.0,819.8711212158203,826.7773913574218,-0.1535370536647669,0.0190176193858628,-0.0179983859616114,0.0074289117538592,-0.0228301793033565,Information Technology,12.0,814.9182006835938,817.1654479980468,819.0539388020833,819.8711212158203,832.2464208984375,840.8460673014323
2024-07-25,814.1907348632812,819.9209634134206,812.1976118893198,817.1804193242235,289210.0,819.3080657958984,826.7174060058594,-0.1956934249726592,-0.0131061552409935,0.0036719706242349,0.0070379436964504,-0.0024479804161565,Information Technology,12.0,812.646044921875,817.4693969726562,818.4726114908855,819.3080657958984,829.43013671875,838.4159912109375
2024-07-26,815.685546875,823.1597577504581,812.2972136146788,817.080757235199,420767.0,819.4376159667969,826.8610815429688,-0.1898654352591806,0.0018359481970397,0.0017104757655008,0.0091631032376298,-0.0041539699622021,Information Technology,12.0,813.37353515625,818.0125244140625,817.5524536132813,819.4376159667969,826.8889038085938,836.143310546875
2024-07-29,811.7491455078125,824.604812995474,809.2079258859127,822.0635933735742,423513.0,819.3005889892578,827.0144006347656,-0.2052127207347059,-0.0048258809810574,0.0127064474571256,0.0158369954052977,-0.0031305479481719,Information Technology,12.0,815.2470703125,816.4279907226562,816.7485595703125,819.3005889892578,823.2375024414063,833.5970947265625
2024-07-30,814.1907348632812,819.8711475041288,808.3109977599803,812.0481033361582,373989.0,818.4859008789062,827.1103063964844,-0.1956934249726592,0.0030078126586032,-0.0026316088299418,0.006976759127333,-0.0072215721102356,Information Technology,12.0,816.1639038085938,815.565966796875,816.4064046223958,818.4859008789062,819.2373071289062,831.4378784179687
2024-07-31,810.45361328125,819.123710211812,809.8058239973915,815.635745076264,358022.0,817.6039428710938,827.0450842285156,-0.2102637562031758,-0.0045899829388979,0.0063941127661006,0.0106978324095066,-0.0007992922398554,Information Technology,12.0,813.253955078125,814.0860778808594,815.8616170247395,817.6039428710938,818.5476879882813,829.0810099283855
2024-08-01,810.0549926757812,820.8677214690576,807.2148167248272,816.88147546054,481848.0,816.9611602783203,827.1506188964844,-0.2118179026577399,-0.0004918487609116,0.0084271843843704,0.0133481416583332,-0.0035061520225587,Information Technology,12.0,812.426806640625,812.53642578125,815.7885335286459,816.9611602783203,817.9318139648437,826.5962483723958
2024-08-02,803.228515625,807.9123665288128,802.6804190014788,806.0188754745216,392389.0,815.6481903076171,826.9915344238282,-0.2384330473845381,-0.0084271773058665,0.0034739302642292,0.0058312806538849,-0.0006823669887948,Information Technology,12.0,809.935400390625,811.6544677734375,815.3201497395834,815.6481903076171,817.5371728515624,824.063319905599
2024-08-05,771.3385620117188,797.2491597020348,770.1426761071089,787.2835452057594,885200.0,813.0247406005859,826.223447265625,-0.3627659535723979,-0.0397022179777412,0.0206718346253229,0.0335917312661497,-0.0015504033682575,Information Technology,12.0,801.8532836914062,808.5501770019531,811.569755045573,813.0247406005859,815.8111279296875,819.6734659830729
2024-08-06,774.7269287109375,790.5722199487925,772.3351567984793,778.2148939351887,325265.0,810.7949340820312,825.6482373046875,-0.3495553517617832,0.0043928397542858,0.004502186635044,0.0204527436063437,-0.0030872450973633,Information Technology,12.0,793.9605224609375,805.0622131347657,808.3641520182292,810.7949340820312,813.5808251953125,815.0245096842448
2024-08-07,775.4244384765625,783.2972982470727,772.3849382247572,778.3144910063153,368621.0,808.6348846435546,825.2170532226562,-0.3468358929219794,0.0009003298320681,0.0037270588678255,0.0101529683356094,-0.0039197890870925,Information Technology,12.0,786.9546875,800.1043212890625,805.0422810872395,808.6348846435546,811.474091796875,813.2821879069011
2024-08-08,774.627197265625,781.8024518183067,772.4846266589348,775.4244342547489,354572.0,806.8086822509765,824.7818395996094,-0.3499441858311076,-0.0010281352655118,0.0010291879654342,0.0092628487329258,-0.0027659377494791,Information Technology,12.0,779.8691284179688,796.1479675292969,801.6473266601563,806.8086822509765,809.54275390625,811.5880330403646
2024-08-09,773.7303466796875,786.286996823562,772.3849522051607,784.2938738911829,275622.0,804.9824859619141,824.324716796875,-0.3534408368804668,-0.0011577834977952,0.0136527244366551,0.016228716112479,-0.0017388415489973,Information Technology,12.0,773.9694946289062,791.9524475097656,799.0928100585937,804.9824859619141,807.312451171875,810.2758931477864
2024-08-12,769.9932250976562,775.0756641389457,764.5121371481041,773.7303305178054,440268.0,802.1024230957031,824.0251989746093,-0.3680111681109834,-0.0048300051795413,0.0048534263657646,0.006600628259612,-0.0071183586697882,Information Technology,12.0,773.7004272460938,787.77685546875,796.93359375,802.1024230957031,805.1598779296875,808.7926778157552
2024-08-13,752.0551147460938,764.3626241953979,748.4176411613348,762.36950131614,1356106.0,798.5646301269531,823.4076293945312,-0.437948472460007,-0.0232964521853909,0.0137149344081366,0.016365169530772,-0.004836711450313,Information Technology,12.0,769.166064453125,781.5632934570312,793.0968302408854,798.5646301269531,802.46916015625,806.1783650716146
2024-08-14,748.8162841796875,759.2303024817026,746.5241442263365,752.2045565526155,422076.0,794.7428192138672,822.7957824707031,-0.4505760611311818,-0.0043066399029806,0.0045248379936606,0.0139073074691791,-0.0030610177713509,Information Technology,12.0,763.84443359375,775.399560546875,788.0176920572917,794.7428192138672,799.6767944335937,803.5358154296875
2024-08-16,763.4656982421875,771.9364705197812,758.3832592057447,759.3798206501674,465241.0,791.6385284423828,822.8701281738281,-0.3934607624879952,0.0195634288035657,-0.0053517500542951,0.0110951576437512,-0.0066570627182657,Information Technology,12.0,761.6121337890625,770.7406311035156,784.6360229492187,791.6385284423828,797.7693725585938,801.5543172200521
2024-08-19,770.5911254882812,773.3316694198594,762.0207215232773,768.3488622715355,356096.0,789.5656799316406,822.6411535644531,-0.3656800674114106,0.0093330024682175,-0.002909796314258,0.0035564177174265,-0.0111218565611864,Information Technology,12.0,760.9842895507812,767.4768920898438,781.6297281901042,789.5656799316406,796.1828466796875,799.5910909016927
2024-08-20,783.5962524414062,793.262910627934,773.3814976249033,775.3248046087094,665457.0,788.6264190673828,822.0179321289063,-0.3149755336565958,0.0168768190068168,-0.0105557521579843,0.0123362741417023,-0.0130357371984327,Information Technology,12.0,763.7048950195312,768.7026611328125,779.7528686523438,788.6264190673828,794.4229174804688,798.2507141113281
2024-08-21,798.6444091796875,801.4347692102613,783.6461099679407,784.9416885761417,725735.0,788.0783111572266,821.2786401367188,-0.2563056126297517,0.0192039672106605,-0.0171574738970755,0.0034938703614539,-0.0187796959940558,Information Technology,12.0,773.02275390625,771.0944091796875,778.7164469401042,788.0783111572266,793.4562548828125,797.56142578125
2024-08-22,794.0601806640625,804.125488177776,792.2663821525479,804.125488177776,332339.0,786.53115234375,819.1201013183594,-0.2741786538040586,-0.00574001202905,0.0126757489656463,0.0126757489656463,-0.0022590208591173,Information Technology,12.0,782.071533203125,772.9579833984375,777.6235514322917,786.53115234375,792.2085620117188,796.7425842285156
2024-08-23,787.034423828125,798.2457404068732,785.0413008807919,797.2491789332067,285729.0,785.1733367919921,817.1189294433593,-0.3015707527758656,-0.0088478896272848,0.0129787907565686,0.0142450142450143,-0.0025324469768914,Information Technology,12.0,786.7852783203125,774.1987060546875,776.0888468424479,785.1733367919921,790.6678784179687,795.9386901855469
2024-08-26,801.3849487304688,807.1151773138201,787.6323514701962,787.6323514701962,734111.0,784.4583068847656,815.4693090820313,-0.2456207665179186,0.0182336686526911,-0.0171610376287438,0.0071504070452397,-0.0171610376287438,Information Technology,12.0,792.94404296875,776.9641662597656,775.9659423828125,784.4583068847656,790.2413525390625,795.6430460611979
2024-08-27,803.228515625,810.7027263783343,801.2852086640764,802.231954191222,391253.0,784.032275390625,813.7711669921875,-0.2384330473845381,0.0023004760664045,-0.0012406947890819,0.0093052109181139,-0.0024193699839097,Information Technology,12.0,796.8704956054687,780.2876953125,778.0919392903646,784.032275390625,790.275234375,794.8308471679687
2024-08-28,809.6065673828125,827.0463932117418,803.2285496066899,803.2783655154298,1256177.0,783.8030670166015,812.3839538574218,-0.2135662281824194,0.0079405195828358,-0.0078163914700442,0.0215411121049899,-0.0078779224787425,Information Technology,12.0,799.0629272460938,786.0428405761719,780.4172485351562,783.8030670166015,790.275234375,794.3907002766927
2024-08-29,800.537841796875,812.8454128326047,798.2955784190406,809.7062197735218,354867.0,783.3072784423828,810.7715173339843,-0.248923476461709,-0.0112013982486007,0.0114527727459672,0.0153741277340546,-0.0028009461399119,Information Technology,12.0,800.3584594726562,791.2149963378906,782.091475423177,783.3072784423828,789.2966137695313,793.5668782552083
2024-08-30,809.5068969726562,811.6993444449929,799.6409745850716,807.1650017699955,472644.0,783.2798736572265,809.2696984863281,-0.2139548242871971,0.0112037866388045,-0.0028929898082633,0.0027083740491105,-0.0121875705129635,Information Technology,12.0,804.8529541015625,795.8191162109375,784.4167887369791,783.2798736572265,789.1092602539062,793.0320576985677
2024-09-02,808.36083984375,822.9604285070275,807.2147698527345,809.5068490094819,535637.0,783.536489868164,807.852587890625,-0.2184230845807739,-0.0014157472075805,0.0014176950555315,0.0180607322171859,-0.0014177703007446,Information Technology,12.0,806.2481323242188,799.5960876464844,786.72548828125,783.536489868164,788.8162719726563,792.9091491699219
2024-09-03,807.1151733398438,815.0876652426439,804.2251206949642,815.0876652426439,304308.0,785.3253204345704,805.9342077636719,-0.2232797030145816,-0.0015409782890361,0.0098777623889907,0.0098777623889907,-0.0035807190105477,Information Technology,12.0,807.0254638671875,801.9479797363281,789.2002848307292,785.3253204345704,788.6309130859376,793.0669392903645
2024-09-04,798.594482421875,807.1151313600442,789.2766573252319,797.0498243611056,388952.0,786.5186981201172,803.6221850585938,-0.2565002676289606,-0.010556970305378,-0.0019342208026343,0.010669556484198,-0.0116677804589698,Information Technology,12.0,804.823046875,801.9429870605469,792.302909342448,786.5186981201172,788.0070629882813,792.6998697916666
2024-09-05,798.7938232421875,810.5532362630897,797.3487969652966,802.1821565241877,293157.0,787.6871673583985,803.0441796875,-0.2557230754194052,0.0002496145724773,0.0042418120714147,0.0147214621329601,-0.0018090103288802,Information Technology,12.0,804.4742431640625,802.4163513183594,795.6347452799479,787.6871673583985,787.5406713867187,791.8262186686198
2024-09-06,803.4278564453125,821.1666381629009,800.5378038983633,806.2182163516829,733840.0,789.1272003173829,802.6036999511718,-0.2376558551749827,0.0058012882276882,0.0034730684080535,0.0220788731374985,-0.003597152530578,Information Technology,12.0,803.2584350585937,804.0556945800781,798.2988891601562,789.1272003173829,787.2755859375,791.4674560546875
2024-09-09,794.9570922851562,802.2319788099285,791.8677152504689,797.2491714881277,325918.0,790.1885375976562,802.2409509277344,-0.2706817647901528,-0.0105432791409975,0.0028832741102826,0.0091512945734719,-0.0038862185955303,Information Technology,12.0,800.577685546875,803.4129089355469,799.9232869466146,790.1885375976562,786.9447290039062,790.7765075683594
2024-09-10,809.8058471679688,811.9982946238158,799.3419514619266,799.3419514619266,444063.0,792.1791687011719,802.1472741699218,-0.2127892739374108,0.0186786872233931,-0.0129214869744843,0.0027073741977963,-0.0129214869744843,Information Technology,12.0,801.1158203125,804.0706420898438,801.6705932617188,792.1791687011719,788.4834204101562,790.7117309570312
2024-09-11,806.8660278320312,816.1838533540048,805.221677057431,812.1976074279779,436996.0,794.9197143554687,801.6749047851563,-0.2242510742942525,-0.0036302767462331,0.0066077631379177,0.0115481693373677,-0.0020379477111194,Information Technology,12.0,802.7701293945313,803.7965881347657,802.218701171875,794.9197143554687,789.768984375,790.4675740559895
2024-09-12,819.6718139648438,830.1357094622673,805.3711811151458,813.1941643712006,1690180.0,798.4624908447265,801.5064855957031,-0.1743237327489931,0.0158710190925008,-0.00790273556231,0.0127659574468084,-0.0174467788278874,Information Technology,12.0,806.9457275390625,805.7099853515625,803.9261433919271,798.4624908447265,791.5388793945312,790.7748474121094
2024-09-13,817.9776611328125,823.9570300896683,817.1804241036223,821.1666700748596,393345.0,801.1880889892578,801.4078259277344,-0.1809289146720271,-0.002066867254879,0.0038986504076781,0.0073099416291821,-0.0009746440117767,Information Technology,12.0,809.8556884765625,806.5570617675781,805.9890258789062,801.1880889892578,793.2728979492188,791.0389363606771
2024-09-16,804.9725341796875,822.113403773269,803.3780601443576,820.120280816464,287038.0,802.9071594238281,800.9175183105468,-0.2316334484268419,-0.0158991223979323,0.0188177186097571,0.0212937322278319,-0.0019807806696842,Information Technology,12.0,811.8587768554687,806.2182312011719,806.2281982421875,802.9071594238281,794.5225854492187,791.0970703125
2024-09-17,800.4879760742188,804.2250814713906,798.494853195727,804.2250814713906,267127.0,803.7517456054687,800.4511267089844,-0.2491178934963712,-0.0055710697136254,0.0046685340802987,0.0046685340802987,-0.002489884842826,Information Technology,12.0,809.9952026367188,805.5555114746094,806.0454956054688,803.7517456054687,795.7423754882813,792.0687174479167
2024-09-18,790.3230590820312,801.1357874920005,788.2801202401447,798.7440156415626,402022.0,803.3356781005859,799.8711267089843,-0.2887489850345752,-0.0126984005956449,0.0106550814413948,0.0136814031752134,-0.0025849414595842,Information Technology,12.0,806.6866088867188,804.728369140625,804.7599283854166,803.3356781005859,797.2730932617187,792.5885884602865
2024-09-19,789.4760131835938,799.9399086780328,776.3213895398133,798.1461101869004,402679.0,803.1064697265625,799.2881384277343,-0.2920514570138189,-0.0010717717124707,0.0109820904733306,0.0132542285258838,-0.0166624741272808,Information Technology,12.0,800.6474487304688,803.7965881347657,804.0224731445312,803.1064697265625,798.899482421875,793.0569742838542
2024-09-20,797.2491455078125,801.3350230484269,786.2869697570801,791.1202683716082,318033.0,803.6172058105469,799.0100964355469,-0.261745482167546,0.0098459385648378,-0.007687530517578,0.0051249694824218,-0.0137499999999999,Information Technology,12.0,796.5017456054687,803.1787170410156,803.2052897135417,803.6172058105469,800.2508203125,793.8110392252604
2024-09-23,790.9708251953125,803.1787028060226,788.8281937743399,797.4982904465948,295744.0,803.0964996337891,798.6244274902343,-0.2862234673003403,-0.0078749790424685,0.0082524728388944,0.0154340428519541,-0.0027088627705624,Information Technology,12.0,793.7014038085938,802.7800903320312,802.0459554036458,803.0964996337891,801.0660083007813,794.3857218424479
2024-09-24,790.7216796875,801.0360661694826,788.9776971830394,790.9708200452801,454926.0,802.471157836914,797.8869714355469,-0.2871948385800111,-0.0003149869753425,0.0003150797103206,0.0130442692377663,-0.0022055579722436,Information Technology,12.0,791.74814453125,800.8716735839844,800.953055826823,802.471157836914,801.351025390625,795.076670328776
2024-09-25,788.8282470703125,794.4090279931496,785.8883784656817,792.8643090002627,414072.0,801.432241821289,797.2073168945312,-0.2945769747480539,-0.0023945626708196,0.0051165281478446,0.007074773175991,-0.0037268804908411,Information Technology,12.0,791.4491821289063,799.0678955078125,800.3019734700521,801.432241821289,800.95837890625,796.30244140625
2024-09-26,795.9038696289062,799.6907911796635,784.7921845273878,785.2904652794687,330868.0,801.2005432128906,796.6203442382813,-0.2669904587415847,0.0089697885247801,-0.0133350329787769,0.0047580137442011,-0.0139610894299324,Information Technology,12.0,792.7347534179687,796.6911010742188,800.1093098958333,801.2005432128906,801.0321264648437,797.8720275878907
2024-09-27,796.1529541015625,807.2147616909175,790.5721735749495,801.68385789624,749414.0,800.532846069336,796.032373046875,-0.2660193254264605,0.0003129579867131,0.0069470367046731,0.0138940734093462,-0.0070096838777804,Information Technology,12.0,792.5155151367187,794.5086303710938,799.62431640625,800.532846069336,801.3968676757812,798.9616027832031
2024-09-30,805.6203002929688,809.7559938141837,789.4261767348337,791.967396266592,685396.0,800.3958190917969,795.9038171386719,-0.2291079306926069,0.0118913660278883,-0.0169470705013413,0.005133551773349,-0.0201014343261285,Information Technology,12.0,795.44541015625,794.5734069824218,800.3351969401042,800.3958190917969,801.5662817382813,800.1292419433594
2024-10-01,802.680419921875,810.6030954945505,798.7938059955713,802.3814636564554,219279.0,800.1740814208985,795.9097961425781,-0.2405699690139954,-0.0036492133701504,-0.0003724474373608,0.0098702738674585,-0.0048420440188162,Information Technology,12.0,797.837158203125,794.7926513671875,799.8601684570312,800.1740814208985,801.5443579101562,800.765380859375
2024-10-03,794.6581420898438,801.2354234748216,790.2732472830019,798.7440197948625,396633.0,799.9772644042969,795.6108276367188,-0.2718473151399392,-0.0099943609348438,0.0051416797848109,0.0082768690542582,-0.0055179637313099,Information Technology,12.0,799.0031372070313,795.2261596679688,799.046309407552,799.9772644042969,800.9464208984375,800.6325052897135
2024-10-04,797.8471069335938,807.1649933879409,782.4004037927151,789.276702424253,515176.0,799.9299285888671,795.0677026367188,-0.2594141435034265,0.0040130021638782,-0.0107419133752076,0.0116787870424936,-0.0193604802306619,Information Technology,12.0,799.3917846679688,796.0632690429687,797.5913289388021,799.9299285888671,800.8387915039062,800.7587361653646
2024-10-07,794.9072875976562,804.6237620123226,775.6237864949165,798.1959283114093,581210.0,799.5039001464844,794.6820336914062,-0.2708759438602683,-0.003684690099631,0.0041371374562331,0.0122234058817489,-0.024258805276547,Information Technology,12.0,799.1426513671875,795.8290832519531,796.0533040364584,799.5039001464844,800.2548071289062,801.0211649576823
2024-10-08,795.1065673828125,797.6478478646475,785.3900927707914,794.1598826193065,225786.0,799.5113739013672,794.2704541015624,-0.2700989896152596,0.0002506956323906,-0.00119063884307,0.0031961507879376,-0.012220342543521,Information Technology,12.0,797.0399047851563,796.2426574707031,795.3955729166667,799.5113739013672,799.7246362304687,800.8118855794271
2024-10-09,802.2817993164062,806.2182292882477,797.0996675069748,797.1495442407065,301849.0,799.1351715087891,794.0811071777343,-0.2421241154685595,0.0090242393006661,-0.0063970727991994,0.0049065427823433,-0.0064592413960368,Information Technology,12.0,796.9601806640625,797.3986694335938,795.5151611328125,799.1351715087891,799.5313012695312,800.7803283691406
2024-10-10,806.4175415039062,809.2079014126863,798.2457254083272,804.3746026863325,310197.0,799.1127471923828,793.9256433105469,-0.2259996377834788,0.0051549744628681,-0.002533351164167,0.0034601924749506,-0.0101334800832075,Information Technology,12.0,799.312060546875,799.1575988769531,796.5881266276042,799.1127471923828,799.8442236328125,800.6740275065105
2024-10-11,797.99658203125,807.2147754546519,797.2491609428661,807.2147754546519,168667.0,798.0289855957031,793.6765026855469,-0.2588313683285334,-0.0104424309235037,0.0115516703090852,0.0115516703090852,-0.0009366219169528,Information Technology,12.0,799.3419555664062,799.3668701171875,797.1561645507812,798.0289855957031,799.812333984375,800.5893188476563
2024-10-14,802.8298950195312,804.673570232176,793.3625610649364,797.2491751237789,220769.0,797.271597290039,793.5320007324219,-0.2399871938391022,0.0060568091356711,-0.0069513105209125,0.0022964705525818,-0.0117924531875641,Information Technology,12.0,800.9264770507813,800.0345642089844,797.5282145182292,797.271597290039,799.7884155273438,800.3667521158854
2024-10-15,792.8642578125,806.0686969004709,790.6219945711464,799.2920912694368,204663.0,796.6661834716797,793.3247155761719,-0.2788413311322976,-0.0124131366667515,0.0081071045813958,0.016654098047504,-0.0028280543854253,Information Technology,12.0,800.4780151367188,798.7589599609375,797.654443359375,796.6661834716797,799.7047021484375,799.8501993815104
2024-10-16,798.04638671875,802.9295620909844,792.3161584550364,792.8642550804219,198548.0,796.5441040039062,793.8588720703125,-0.2586371892584179,0.0065359597878045,-0.0064935218360363,0.0061189116992461,-0.007180319789773,Information Technology,12.0,799.6309326171875,798.295556640625,798.1427571614583,796.5441040039062,799.2343237304688,799.5479064941406
2024-10-17,799.6409301757812,807.0154483955387,793.9107018499928,798.1460880038364,353903.0,797.0099975585938,794.3571520996094,-0.2524203654756148,0.0019980586135943,-0.0018693917676477,0.0092222870809481,-0.007166001775983,Information Technology,12.0,798.2756103515625,798.7938354492187,798.863602701823,797.0099975585938,798.9453198242187,799.5827880859375
2024-10-18,793.5120849609375,801.9330417010904,791.2698216125392,797.2491905416013,234601.0,797.211801147461,794.7189050292968,-0.2763155754335159,-0.0076644966303769,0.0047095761381474,0.0106122602286107,-0.0028257456828886,Information Technology,12.0,797.3787109375,798.3603332519531,798.704150390625,797.211801147461,797.8989306640625,799.4067301432292
2024-10-21,785.6392211914062,796.2526253208536,782.3007645517773,794.2595023538427,422301.0,796.6313049316407,794.9391455078126,-0.3070103843491132,-0.0099215423668296,0.0109723151924161,0.0135092595216317,-0.0042493507828774,Information Technology,12.0,793.940576171875,797.4335266113281,798.0032348632812,796.6313049316407,796.6053930664062,798.8137756347656
2024-10-22,771.6873779296875,795.4554063456918,768.5482456805989,786.2372124141323,315641.0,795.6671325683594,794.8982861328125,-0.3614059861879494,-0.0177585880202888,0.0188545710355916,0.0308000740918816,-0.0040678807751273,Information Technology,12.0,789.7052001953125,795.0916076660156,795.7410400390625,795.6671325683594,795.2739868164062,798.0381184895833
2024-10-23,774.527587890625,784.8917907000679,759.3300254487633,771.6375352928783,301753.0,794.8574279785156,794.9889733886719,-0.3503325439713386,0.0036805188761248,-0.0037313746378196,0.0133813216875451,-0.0196217186830636,Information Technology,12.0,785.0014404296875,792.3161865234375,793.8641845703125,794.8574279785156,794.2355712890625,796.8621765136719
2024-10-24,772.484619140625,783.0979619071878,768.4983734085189,777.3677336672853,877232.0,794.0402465820313,795.3975634765625,-0.3582976932788212,-0.0026376965545719,0.0063213097137035,0.0137392285924993,-0.0051602913939448,Information Technology,12.0,779.5701782226563,788.9228942871093,792.3859497070313,794.0402465820313,793.5220336914062,795.7161295572917
2024-10-25,766.0568237304688,779.3110792821021,751.0087088501825,773.3317103873545,478173.0,792.5478942871093,795.7423742675782,-0.3833584535865086,-0.0083209364314684,0.0094965365904049,0.0173019221825987,-0.0196436013806474,Information Technology,12.0,774.0791259765625,785.7289184570312,790.2665974934896,792.5478942871093,792.5852661132812,793.9289632161458
2024-10-28,764.2630004882812,771.3385624545857,755.3935792513902,770.2921850969328,341387.0,790.9533966064453,795.7583203125,-0.3903522316143203,-0.002341632091275,0.0078888872087221,0.0092580197677814,-0.0116051951111391,Information Technology,12.0,769.8038818359375,781.8722290039062,788.2236450195312,790.9533966064453,791.2658203125,792.1384745279948
2024-10-29,759.6787719726562,774.8763339011622,758.4330701752377,772.3351143994851,683660.0,788.6563201904297,795.5400732421875,-0.4082252727886273,-0.0059982342632002,0.0166601238494055,0.020005247598327,-0.0016397743933055,Information Technology,12.0,767.4021606445312,778.5536804199219,785.8617919921875,788.6563201904297,790.0141381835938,790.6286824544271
2024-10-30,766.2561645507812,771.3386038897071,759.6788221309681,759.6788221309681,289192.0,786.835107421875,795.193271484375,-0.3825812613769532,0.0086581234342582,-0.0085837383424759,0.0066328201638747,-0.0085837383424759,Information Technology,12.0,765.7478759765625,775.374658203125,783.4600830078125,786.835107421875,789.035517578125,789.4876220703125
2024-10-31,761.9708862304688,773.0327551965041,757.3867277348197,767.3523425734357,204207.0,785.2007446289062,794.4598010253907,-0.3992887522014738,-0.0055924878892488,0.0070625485044311,0.014517443075495,-0.0060161858917303,Information Technology,12.0,763.6451293945313,771.6076538085938,780.49697265625,785.2007446289062,787.9612231445312,788.542549641927
2024-11-01,766.5052490234375,773.0825301382649,765.3591790476152,772.3351090649762,60123.0,783.6336517333984,793.9087023925781,-0.3816101280618291,0.005950834703673,0.0076057666258204,0.0085808689806197,-0.0014951886856384,Information Technology,12.0,763.734814453125,768.9069702148438,778.3975504557292,783.6336517333984,786.7852783203125,787.7768575032552
2024-11-04,754.5465698242188,767.6513171542427,753.1513593834366,766.5551238259762,167442.0,781.6156158447266,793.2589453125,-0.4282347596632981,-0.0156015620433841,0.0159149275631258,0.0173677117544606,-0.0018490713450691,Information Technology,12.0,761.7915283203125,765.797705078125,775.178662109375,781.6156158447266,785.1210229492187,786.353438313802
2024-11-05,760.9244995117188,765.3093943170836,751.65648999045,754.3970340374818,526973.0,779.9065124511719,792.449736328125,-0.4033684163902729,0.0084526654053782,-0.0085783352729811,0.0057625885461416,-0.0121799331303118,Information Technology,12.0,762.040673828125,764.7214172363281,773.0493448893229,779.9065124511719,783.3331909179688,785.351894124349
2024-11-06,781.902099609375,784.2440555428045,763.3660807260368,763.3660807260368,382402.0,778.8875274658203,792.0232080078125,-0.3215807155796298,0.027568569695308,-0.0237063168043653,0.0029952035358384,-0.0237063168043653,Information Technology,12.0,765.1698608398438,765.4588684082031,771.9730590820312,778.8875274658203,782.5020581054688,785.0579081217448
2024-11-07,790.4725952148438,792.2663937526224,777.3179712289881,784.244085829996,248652.0,778.0902801513672,791.6405285644531,-0.2881659718951354,0.0109610852941185,-0.0078794754208459,0.0022692735316032,-0.016641467478427,Information Technology,12.0,770.8702026367188,767.257666015625,771.3618367513021,778.0902801513672,782.3346362304687,785.1127197265625
2024-11-08,767.5516357421875,792.0670229155763,765.4090043091257,787.3333560602254,228201.0,776.5680328369141,790.9808044433594,-0.37753046387303,-0.0289965263962459,0.0257724945096493,0.031939723702997,-0.0027915143858561,Information Technology,12.0,771.0794799804687,767.4071472167968,769.6311401367187,776.5680328369141,781.1228173828125,784.1676452636718
2024-11-11,760.0276489257812,767.5516760522695,759.479491442989,767.5516760522695,328969.0,774.4279205322266,789.9912194824219,-0.406865067439632,-0.0098025806552166,0.009899675540913,0.009899675540913,-0.0007212336071812,Information Technology,12.0,772.1756958007812,766.9836120605469,767.9237019856771,774.4279205322266,779.7276318359375,782.9634684244792
2024-11-12,754.4966430664062,767.3523099924978,752.9021690900416,762.4193186917751,223724.0,772.5095397949219,788.913935546875,-0.428429414662507,-0.0072773745365612,0.0105006108352843,0.0170387331000492,-0.0021132949907959,Information Technology,12.0,770.8901245117188,766.4653991699219,766.7776529947917,772.5095397949219,778.1032348632813,781.259346516927
2024-11-13,747.2716064453125,761.4726076302826,738.8507105432258,738.8507105432258,984270.0,769.97080078125,787.7170642089844,-0.4565984678793227,-0.0095759692074042,-0.0112688557004647,0.0190038013788891,-0.0112688557004647,Information Technology,12.0,763.9640258789062,764.566943359375,764.9605875651042,769.97080078125,775.9028271484375,779.4123860677083
2024-11-14,733.2698974609375,755.991486192147,729.4829761432832,741.9399941785168,503025.0,766.6522491455078,786.4105725097656,-0.511188486752821,-0.0187371082530213,0.0118238819670641,0.0309866650872845,-0.00516443035609,Information Technology,12.0,752.523486328125,761.6968444824219,762.3462727864584,766.6522491455078,772.9769213867188,777.3661112467448
2024-11-18,721.01220703125,741.4417166983413,718.7201278678037,733.6685495754316,996368.0,763.0272552490235,784.8549401855469,-0.5589789066686232,-0.0167164784373825,0.0175535759599601,0.0283344851416722,-0.0031789741437026,Information Technology,12.0,743.2156005859375,757.1475402832032,759.3432983398437,763.0272552490235,769.8975463867188,774.8049479166667
2024-11-19,733.967529296875,744.9297055660747,720.9624141607451,721.0122300696389,401917.0,760.4436706542969,783.4657336425781,-0.5084685519839238,0.0179682426168181,-0.0176510522742702,0.0149355057705362,-0.0177189243624831,Information Technology,12.0,738.0035766601562,755.0896362304687,757.3236002604167,760.4436706542969,767.1430517578125,772.773622639974
2024-11-21,717.7235717773438,733.9675113224789,715.5311244121383,733.4692305951725,215158.0,757.7454803466796,781.9210632324218,-0.5718006744099134,-0.022131711378421,0.0219383331368603,0.0226325847218717,-0.0030547239235519,Information Technology,12.0,730.6489624023437,750.7695434570312,754.5265869140625,757.7454803466796,764.1374243164063,770.194189453125
2024-11-22,718.8695678710938,723.6531114264,715.5311113890158,715.5311113890158,210945.0,754.9625793457031,780.1023376464843,-0.5673326520808835,0.0015967095673228,-0.00464403645847,0.0066542579754385,-0.00464403645847,Information Technology,12.0,724.9685546875,744.4662902832031,751.36748046875,754.9625793457031,760.9703515625,767.4137817382813
2024-11-25,720.6634521484375,733.1702864455528,718.8695928402484,732.4726812507332,228576.0,752.3715209960938,778.3782861328125,-0.5603386360885251,0.0024954238675818,0.0163866074616245,0.0173546115871841,-0.0024891775805214,Information Technology,12.0,722.447265625,737.4853759765625,748.6136515299479,752.3715209960938,757.8112524414063,764.5553120930989
2024-11-26,724.5499877929688,731.476102013879,721.5104875450251,724.5499877929688,173857.0,750.2961791992187,776.475849609375,-0.5451857676476619,0.0053929967350845,0.0,0.0095591944484156,-0.0041950180100095,Information Technology,12.0,723.1548217773437,733.1852111816406,745.8166341145833,750.2961791992187,755.0527685546875,762.1070922851562
2024-11-27,730.0999755859375,737.0499877929688,725.0,732.7999877929688,818891.0,748.5880279541016,774.7182958984375,-0.5235474134507601,0.0076599101324594,0.0036981403880536,0.0095192609771743,-0.0069853112676034,Information Technology,12.0,722.3813110351563,730.1924438476562,744.1868611653646,748.5880279541016,752.8311987304687,759.6827616373698
2024-11-28,724.9500122070312,734.9000244140625,723.2000122070312,734.9000244140625,273673.0,746.8515899658203,773.1178454589843,-0.5436261480085236,-0.0070537783195694,0.0137251010959218,0.0137251010959218,-0.0024139595427722,Information Technology,12.0,723.8265991210938,727.2377807617188,741.7885620117188,746.8515899658203,750.9617041015625,757.4189534505208
2024-11-29,723.2999877929688,731.0,721.5999755859375,729.9500122070312,209753.0,744.7037811279297,771.5740856933594,-0.5500592815642861,-0.0022760526743618,0.0091940059813273,0.0106456689298815,-0.0023503556418112,Information Technology,12.0,724.7126831054687,724.8406188964843,737.8817545572916,744.7037811279297,748.9126000976562,754.9274068196614
2024-12-02,770.4000244140625,775.25,721.3499755859375,726.9000244140625,3993483.0,745.1252380371094,771.175625,-0.3664251344071601,0.065118259941925,-0.0564641726654726,0.0062953990553493,-0.0636682856616348,Information Technology,12.0,734.6599975585938,728.5536315917968,736.5435831705729,745.1252380371094,748.8292163085938,753.9527099609375
2024-12-03,753.5999755859375,787.6500244140625,751.75,771.0,1001210.0,744.4799743652344,770.4581042480469,-0.431925351818226,-0.0218069162717154,0.0230892051191133,0.0451831872760484,-0.0024548509101252,Information Technology,12.0,740.4699951171875,731.8124084472656,735.6134724934896,744.4799743652344,748.3309423828125,752.6223063151042
2024-12-04,749.5,759.8499755859375,746.7000122070312,755.0999755859375,317607.0,744.2276458740234,769.5031213378907,-0.4479103822789346,-0.0054405197966596,0.0074716151913776,0.0138091735636256,-0.0037358075956888,Information Technology,12.0,744.35,733.3656555175781,734.9116292317708,744.2276458740234,747.7404223632813,751.417665608724
2024-12-05,760.5,772.0,751.5,751.5,546906.0,744.2064208984375,768.8937048339844,-0.4050234598126421,0.0146764509673115,-0.0118343195266271,0.0151216305062458,-0.0118343195266271,Information Technology,12.0,751.4599975585937,737.6432983398438,735.3118530273438,744.2064208984375,747.773271484375,751.0447530110677
2024-12-06,757.9000244140625,766.9000244140625,755.7999877929688,760.5,239511.0,743.0063171386719,768.2372717285157,-0.4151602735734016,-0.0034187713161571,0.0034304994091372,0.0118749171527707,-0.0027708623214748,Information Technology,12.0,758.3800048828125,741.5463439941407,736.0204142252604,743.0063171386719,747.4390258789062,750.4905008951823
2024-12-09,762.0999755859375,771.9000244140625,758.0,760.1500244140625,348424.0,741.5876861572266,767.7027062988282,-0.3987854571851819,0.0055415635790776,-0.0025586553396432,0.0128592693112083,-0.0053798395450481,Information Technology,12.0,756.7199951171875,745.6899963378906,737.9424194335937,741.5876861572266,747.444189453125,750.144346110026
2024-12-10,761.5,777.75,757.2000122070312,763.0,735186.0,741.2851043701172,767.01462890625,-0.4011246486793428,-0.0007872662447944,0.0019697964543663,0.021339461588969,-0.0056467338056057,Information Technology,12.0,758.3,749.3849975585938,740.6416056315104,741.2851043701172,747.2439794921875,749.9924519856771
2024-12-11,759.7000122070312,768.0,758.0999755859375,763.0,157136.0,741.2687225341797,766.2855700683593,-0.4081424611263722,-0.002363739714995,0.004343803790896,0.0109253490319898,-0.002106142681827,Information Technology,12.0,760.3400024414062,752.3450012207031,742.3571044921875,741.2687225341797,747.4501171875,749.8403523763021
2024-12-12,749.0999755859375,765.0,746.0,763.0,235825.0,740.9988891601563,765.1551635742187,-0.449470001918073,-0.0139529241157956,0.0185556332493403,0.0212255038476347,-0.0041382668361625,Information Technology,12.0,758.0599975585938,754.7599975585938,744.4488647460937,740.9988891601563,746.9771362304688,749.4877258300781
2024-12-13,745.4000244140625,749.9000244140625,736.4000244140625,748.4500122070312,180268.0,740.9053100585937,764.0095556640625,-0.4638954127396431,-0.0049391954244571,0.004091746301412,0.0060370269018132,-0.0120740538036265,Information Technology,12.0,755.5599975585938,756.9700012207031,746.2175618489583,740.9053100585937,745.5170532226563,748.7925211588541
2024-12-16,743.4000244140625,753.0,741.4000244140625,745.4000244140625,198563.0,741.41181640625,762.9843933105469,-0.4716930350062417,-0.0026831230674725,0.0026903415850387,0.0129136067671022,-0.0026903415850387,Information Technology,12.0,751.8200073242188,754.2700012207031,747.7333333333333,741.41181640625,743.634150390625,748.1734924316406
2024-12-17,740.5999755859375,749.9500122070312,738.4500122070312,744.0,180157.0,742.3912048339844,761.8394506835938,-0.4826098965511172,-0.0037665439012219,0.0045909053823185,0.0126249485948151,-0.0029030022276267,Information Technology,12.0,747.6400024414063,752.9700012207031,748.8033325195313,742.3912048339844,742.556083984375,747.3099833170573
2024-12-18,731.9500122070312,744.5999755859375,731.0,739.4500122070312,160179.0,742.2903289794922,760.5803051757813,-0.5163344700754283,-0.0116796700837894,0.0102466013729345,0.0172825509501162,-0.0012979195179827,Information Technology,12.0,742.0900024414062,751.2150024414062,748.9266682942708,742.2903289794922,741.432978515625,746.5567647298177
2024-12-19,725.5,729.5999755859375,722.5499877929688,725.0,174207.0,742.679150390625,759.188173828125,-0.5414818494781183,-0.0088120938581347,-0.0006891798759476,0.0056512413314093,-0.0040661780937715,Information Technology,12.0,737.3700073242187,747.7150024414062,748.9633341471355,742.679150390625,740.2731127929687,745.3759480794271
2024-12-20,700.25,735.1500244140625,691.8499755859375,731.2000122070312,696095.0,741.7481719970704,757.1475378417969,-0.6399268305939261,-0.0348035837353549,0.0441985179679131,0.0498393779565333,-0.0119957506805604,Information Technology,12.0,728.3400024414062,741.95,747.4266682942708,741.7481719970704,738.3922485351562,742.6542114257812
2024-12-23,699.7000122070312,712.7000122070312,696.2999877929688,706.5999755859375,224588.0,740.7,755.0131872558594,-0.6420711291243314,-0.000785416341262,0.0098613166478902,0.0185793908435054,-0.0048592601897174,Information Technology,12.0,719.6,735.7100036621093,742.7133341471355,740.7,737.049453125,739.6284586588541
2024-12-24,700.7999877929688,706.7000122070312,696.3499755859375,699.7000122070312,159055.0,739.5125,753.0692553710937,-0.6377825320635208,0.0015720674099574,-0.0015695998931187,0.0084189847557551,-0.0063499033740649,Information Technology,12.0,711.6400024414063,729.6400024414063,739.1933349609375,739.5125,736.2409643554688,737.4034037272136
2024-12-26,702.2999877929688,718.1500244140625,700.0,700.7999877929688,325165.0,738.1225006103516,751.0586572265624,-0.6319343153635718,0.0021404109961873,-0.0021358394220023,0.0225687553703421,-0.0032749363988978,Information Technology,12.0,705.7099975585937,723.9,736.0466674804687,738.1225006103516,734.9742626953125,735.4791483561198
2024-12-27,700.4500122070312,704.75,700.0499877929688,703.4500122070312,115248.0,736.8975006103516,749.2103723144531,-0.6391470207743569,-0.0026341671907914,0.0042829608790317,0.0061388931658663,-0.0005710963053624,Information Technology,12.0,700.7,719.0350036621094,732.0433349609375,736.8975006103516,734.2833203125,733.6775939941406
2024-12-30,749.7000122070312,773.7999877929688,696.0499877929688,700.7999877929688,7580212.0,738.2175018310547,748.2434448242187,-0.4471305724593654,0.0703119410974372,-0.0652261219392359,0.0321461587215263,-0.0715619895164773,Information Technology,12.0,710.5900024414062,719.4650024414062,731.4966674804688,738.2175018310547,735.5165380859376,733.7585408528646
2024-12-31,734.75,745.4000244140625,730.0,740.0,520969.0,736.4350006103516,746.9456262207032,-0.5054178464950996,-0.0199413258151352,0.0071452875127593,0.0144947593250255,-0.0064647839401157,Information Technology,12.0,717.6,718.6,729.6733357747396,736.4350006103516,736.08,733.8078776041667
2025-01-01,725.0499877929688,738.1500244140625,723.0499877929688,734.7000122070312,269205.0,735.0075012207031,745.5763842773438,-0.5432363620810123,-0.0132017859231456,0.0133094608323998,0.0180677702801841,-0.0027584304995135,Information Technology,12.0,722.45,717.0450012207032,727.2433349609375,735.0075012207031,736.1,733.942470296224
2025-01-02,725.0999755859375,732.4500122070312,722.4500122070312,730.1500244140625,193246.0,733.7875,744.3655993652344,-0.5430414691172567,6.894392636418269e-05,0.0069646241872289,0.0101365837382001,-0.0036546179397742,Information Technology,12.0,727.0099975585938,716.3599975585937,724.9366658528646,733.7875,735.9,733.646885172526
2025-01-03,738.0999755859375,747.0,723.0999755859375,725.0499877929688,695023.0,732.6674987792969,743.6938513183594,-0.4923569243843655,0.0179285621813667,-0.0176805151397126,0.0120580201984117,-0.0203224502047874,Information Technology,12.0,734.539990234375,717.6199951171875,724.2033325195313,732.6674987792969,736.4259985351563,734.3260986328125
2025-01-06,712.0999755859375,739.7999877929688,707.0,738.0999755859375,328121.0,730.3774963378906,742.4452990722656,-0.5937260138501478,-0.0352255803549648,0.0365117271329864,0.0388990495109045,-0.0071618814222554,Information Technology,12.0,727.0199829101563,718.8049926757812,721.983329264323,730.3774963378906,735.977998046875,734.1004455566406
2025-01-07,724.1500244140625,725.9500122070312,714.4000244140625,714.4000244140625,250079.0,728.4799987792969,741.4786071777344,-0.5467451493222537,0.0169218497981408,-0.0134640608593351,0.0024856559169836,-0.0134640608593351,Information Technology,12.0,724.8999877929688,721.2499938964844,720.6999959309895,728.4799987792969,734.127998046875,734.2166646321615
2025-01-08,717.5999755859375,728.0999755859375,712.4500122070312,721.0499877929688,201581.0,726.2849975585938,740.5094702148438,-0.5722825526170016,-0.0090451544670248,0.0048077094821725,0.0146321075212223,-0.007176649322906,Information Technology,12.0,723.4099853515625,722.9299926757812,719.1666625976562,726.2849975585938,732.687998046875,733.9849975585937
2025-01-09,708.0999755859375,722.8499755859375,705.0999755859375,717.5999755859375,138563.0,723.7049957275391,739.3862097167969,-0.609321258383345,-0.0132385734715821,0.0134161846173472,0.0208303919058812,-0.0042366898791622,Information Technology,12.0,720.0099853515625,723.5099914550781,717.57666015625,723.7049957275391,731.0319970703125,733.2516642252605
