Date_Ticker,Close_PCBL.NS,High_PCBL.NS,Low_PCBL.NS,Open_PCBL.NS,Volume_PCBL.NS,MA_20_Unnamed: 6_level_1,MA_50_Unnamed: 7_level_1,Normalised Close_Unnamed: 8_level_1,Return Ratio_Unnamed: 9_level_1,Percentage Change Open_Unnamed: 10_level_1,Percentage Change High_Unnamed: 11_level_1,Percentage Change Low_Unnamed: 12_level_1,Sector_Unnamed: 13_level_1,Sector Encoded_Unnamed: 14_level_1
Date,,,,,,,,,,,,,,
2020-01-10,53.90102005004883,55.87123822050177,53.42402239304599,53.465496872868975,4025164.0,,,-0.8596824814805789,,-0.0080800544549148,0.0365525210584796,-0.0088495107617616,Chemicals,2.0
2020-01-13,54.00471496582031,55.10389309517348,53.71436829490763,54.23284675335268,1713718.0,,,-0.858786171232349,0.0019238024748919,0.0042242938913159,0.0203533734054301,-0.005376320773037,Chemicals,2.0
2020-01-14,53.83880233764648,54.5439317484256,53.19588780787516,54.41949565732752,1368964.0,,,-0.860220274224155,-0.003072187831726,0.0107857770690971,0.0130970485999473,-0.0119414716125988,Chemicals,2.0
2020-01-15,53.403282165527344,54.25358811825134,52.67741231085027,52.67741231085027,1195972.0,,,-0.863984790455997,-0.0080893361889405,-0.0135922330097087,0.0159223538000607,-0.0135922330097087,Chemicals,2.0
2020-01-16,56.22381210327149,57.4059393341264,53.19589627372612,53.69363438824838,8220402.0,,,-0.8396049077025309,0.0528156664416562,-0.0450018883524955,0.0210253838477474,-0.0538546874762548,Chemicals,2.0
2020-01-17,58.6917610168457,60.28867718745303,56.28601972348355,56.825238581681,8010624.0,,,-0.8182726380643629,0.0438950832618945,-0.0318021201413427,0.027208523699757,-0.0409894208604791,Chemicals,2.0
2020-01-20,57.488895416259766,59.64576459055905,56.97041694507807,59.27245629385849,2757432.0,,,-0.8286698765116589,-0.0204946244540301,0.031024441584492,0.0375180138474056,-0.0090187586216007,Chemicals,2.0
2020-01-21,59.81167221069336,60.537542034437415,57.03262900846122,57.03262900846122,4225502.0,,,-0.8085924346263745,0.040403921098415,-0.046463225312321,0.0121359225869341,-0.046463225312321,Chemicals,2.0
2020-01-22,59.2932014465332,61.15972409225251,58.4014209363229,60.16424787950224,3265212.0,,,-0.8130739528943332,-0.0086683877075662,0.014690494217191,0.0314795389721436,-0.0150401814787223,Chemicals,2.0
2020-01-23,59.0650634765625,60.392373393945455,58.52585094284377,59.58354193520186,2365174.0,,,-0.8150459145760971,-0.0038476244224461,0.0087780902638849,0.0224719967990831,-0.0091291281509024,Chemicals,2.0
2020-01-24,57.5096321105957,59.18950369953551,57.34372152389582,59.10654840618557,1817862.0,,,-0.8284906342459274,-0.0263342029012464,0.0277678057915387,0.0292102649119589,-0.0028849182408404,Chemicals,2.0
2020-01-27,58.23550033569336,59.6042847885625,56.53489471892636,56.82524140187848,4002572.0,,,-0.8222164295351272,0.0126216808986319,-0.0242164817969376,0.0235042962622267,-0.0292022152632673,Chemicals,2.0
2020-01-28,56.70081329345703,58.58807649230012,56.41046656957746,58.52586159757017,1619812.0,,,-0.8354818409928443,-0.0263531185168799,0.0321873390892568,0.0332845878078589,-0.0051206800575659,Chemicals,2.0
2020-01-29,56.09937286376953,57.84145933198493,55.788285768406666,57.09484903729743,1372812.0,,,-0.840680526162874,-0.010607262837214,0.0177448716930452,0.0310535818724007,-0.0055452865064695,Chemicals,2.0
2020-01-30,53.880279541015625,56.4726718655272,53.5484583867444,56.4726718655272,1320850.0,,,-0.8598617567195013,-0.0395564729064387,0.048113936055921,0.048113936055921,-0.0061584898426265,Chemicals,2.0
2020-01-31,51.86858749389648,54.12915236117095,51.64045570088723,54.12915236117095,1389388.0,,,-0.8772502678600959,-0.0373363327780763,0.0435825415053083,0.0435825415053083,-0.0043982650006827,Chemicals,2.0
2020-02-03,48.32219314575195,49.75319244948769,47.78297427401712,49.73245520952338,782634.0,,,-0.9079043223511712,-0.068372680257812,0.029184562453896,0.0296137077102334,-0.0111588244786078,Chemicals,2.0
2020-02-04,50.91458511352539,51.26714983578206,48.67475751839278,48.94436695230954,1221372.0,,,-0.8854964012794692,0.05364806104628,-0.0386965376782076,0.006924631153736,-0.0439918657912741,Chemicals,2.0
2020-02-05,51.28788757324219,51.91006169706347,50.831627182014834,50.99753775006752,1101122.0,,,-0.8822696777912032,0.0073319356110716,-0.0056611772664654,0.0121310148118847,-0.008896065188409,Chemicals,2.0
2020-02-06,53.17514801025391,53.81806254734896,51.308625609767816,51.4330617022834,1897534.0,55.18581123352051,,-0.86595671916457,0.0367973906961287,-0.0327612874276264,0.0120905077118182,-0.0351014048917392,Chemicals,2.0
2020-02-07,53.90102005004883,54.62688990232097,52.71888978068535,53.67288825923245,2267412.0,55.18581123352051,,-0.8596824814805789,0.0136505880464112,-0.0042324206592854,0.013466718284703,-0.0219315008930413,Chemicals,2.0
2020-02-10,53.36180114746094,54.668370678211424,52.49076112271011,53.79732432437777,1991186.0,55.15366554260254,,-0.8643433409338416,-0.0100038719506088,0.008161703082572,0.024485109247716,-0.01632328755815,Chemicals,2.0
2020-02-11,52.552978515625,53.77658648702426,52.34558711948672,53.63141630717735,850368.0,55.08937435150146,,-0.8713345806539494,-0.0151573337939029,0.0205209642157904,0.0232833229620934,-0.0039463300082339,Chemicals,2.0
2020-02-12,51.76488876342773,52.53223622243119,51.10123382797919,51.84784404808817,845552.0,55.00745468139648,,-0.8781466110815167,-0.0149961005913861,0.0016025396101893,0.0148237053596373,-0.0128205614133845,Chemicals,2.0
2020-02-13,52.26263046264648,53.05071838030897,50.81089072757297,52.03449866703262,3093624.0,54.80939559936523,,-0.8738442691329077,0.0096154306733564,-0.0043651035853794,0.015079377189515,-0.0277777777777777,Chemicals,2.0
2020-02-14,52.59445571899414,53.714367915508674,52.2833686461244,53.09219376976919,1107006.0,54.504530334472655,,-0.8709760631492957,0.0063491878118308,0.0094636981022182,0.0212933508143537,-0.0059148263560676,Chemicals,2.0
2020-02-17,52.01376724243164,53.09220196187383,51.47454830043962,52.67741913404669,726878.0,54.23077392578125,,-0.8759953741608304,-0.0110408686357559,0.0127591583305595,0.0207336398922173,-0.0103668503663417,Chemicals,2.0
2020-02-18,52.22114944458008,52.6359321992399,50.70719175716346,52.013758067250166,805676.0,53.85124778747559,,-0.8742028196107524,0.0039870636783882,-0.0039714058295481,0.0079428116590962,-0.0289912746754704,Chemicals,2.0
2020-02-19,53.44475936889648,53.8388017118918,52.40779933906106,52.47001738388696,875170.0,53.55882568359375,,-0.8636262729513432,0.0234313096768382,-0.0182383080496533,0.0073728902075407,-0.0194024641906968,Chemicals,2.0
2020-02-20,53.77658462524414,54.336543907064616,53.21663167250659,54.336543907064616,869696.0,53.29440174102783,,-0.8607580669677312,0.0062087519948825,0.0104126970078648,0.0104126970078648,-0.0104125793156952,Chemicals,2.0
2020-02-24,53.05071640014648,54.10841055463869,52.86406225673631,53.50697680980242,994974.0,53.07145595550537,,-0.8670322716785314,-0.0134978491132535,0.0086004570836422,0.0199374151050915,-0.0035184094782489,Chemicals,2.0
2020-02-25,51.47283935546875,52.027229164388494,50.44935548296444,51.877971370779605,796576.0,52.73332290649414,,-0.8806710056036162,-0.0297428037121356,0.0078707920601199,0.0107705309413992,-0.0198839598770952,Chemicals,2.0
2020-02-26,50.44935989379883,52.197815458034654,50.044227843066906,51.60078097782394,1199624.0,52.42075023651123,,-0.889517679748848,-0.0198838741846321,0.0228233041301013,0.0346576362498256,-0.008030469595348,Chemicals,2.0
2020-02-27,48.61560821533203,50.30009509329256,48.23180013133791,50.04422412182178,655378.0,52.04656200408935,,-0.9053681234267296,-0.0363483636328991,0.0293859515273779,0.0346490960372123,-0.007894750227008,Chemicals,2.0
2020-02-28,45.24663162231445,47.54947689390014,44.88414747159632,47.54947689390014,985110.0,51.6148796081543,,-0.934488627782245,-0.0692982504321543,0.0508953968288323,0.0508953968288323,-0.0080112958185237,Chemicals,2.0
2020-03-02,45.11870193481445,48.82883953234842,44.20182787803327,46.27012305030396,2173500.0,51.2773853302002,,-0.9355944167122614,-0.0028273858829506,0.0255198191905658,0.0822305926020259,-0.0203213748947352,Chemicals,2.0
2020-03-03,46.39805603027344,46.90979797952882,45.33192425801142,45.6304398528144,771552.0,51.18117847442627,,-0.924536032814233,0.0283552948244685,-0.0165441452322526,0.0110293834060952,-0.0229779405319566,Chemicals,2.0
2020-03-04,45.63043975830078,47.54947694439755,44.77753434225778,47.54947694439755,838444.0,50.91697120666504,,-0.9311710961262408,-0.0165441472692693,0.0420560747663552,0.0420560747663552,-0.0186915887850466,Chemicals,2.0
2020-03-05,45.28927230834961,46.18482551931314,45.203983075674834,46.01424380038792,639680.0,50.61704044342041,,-0.9341200534543668,-0.0074767513036976,0.0160075765206024,0.0197740693395602,-0.0018832104895413,Chemicals,2.0
2020-03-06,43.242305755615234,44.11653186525509,42.24014253062516,43.0717240196736,989934.0,50.12039833068848,,-0.951813467691212,-0.0451976030614427,-0.0039447881642962,0.0202169170760819,-0.0231755270094481,Chemicals,2.0
2020-03-09,39.105712890625,42.43204538832621,38.80719728982599,42.09088191291931,1424456.0,49.38063297271729,,-0.9875690353587352,-0.0956607838714307,0.0763358804030385,0.0850600143003312,-0.0076335547605009,Chemicals,2.0
2020-03-11,38.50868225097656,40.40639556998334,38.082229527282806,38.380745132438,915942.0,48.637977027893065,,-0.9927296035200848,-0.0152670951509892,-0.0033222928197008,0.0492801417259261,-0.0110741967464478,Chemicals,2.0
2020-03-12,34.05225372314453,37.37858669791397,31.98395839748888,37.10139174108711,2287630.0,47.71294078826904,,-1.0312497424322222,-0.1157252927739177,0.089542913744653,0.0976831960026367,-0.060738867461506,Chemicals,2.0
2020-03-13,34.41473388671875,34.969123735170186,27.25033000043931,31.13104917887102,1520548.0,46.84543304443359,,-1.028116563886539,0.0106448215299138,-0.095415083512093,0.0161090842740871,-0.208178389810078,Chemicals,2.0
2020-03-16,32.154537200927734,35.18235099990094,31.77072908475903,33.47654004232999,1260110.0,45.84002838134766,,-1.047653080575112,-0.0656752626137046,0.0411140372862872,0.0941644340906839,-0.0119363595181096,Chemicals,2.0
2020-03-17,30.704593658447266,32.836857106950546,30.49136731359694,32.005275663464595,1175402.0,44.74553527832031,,-1.0601859925969894,-0.0450929687906885,0.0423611534966361,0.0694444444444444,-0.0069444444444444,Chemicals,2.0
2020-03-18,27.86868476867676,31.91998563301071,27.548845226755656,31.344275108267944,1222288.0,43.53828115463257,,-1.084698806769568,-0.0923610623646963,0.1247131096583935,0.1453710822007448,-0.0114766643842693,Chemicals,2.0
2020-03-19,25.949647903442383,27.63413813478152,25.246001876814148,27.29297465022328,1461654.0,42.22470607757568,,-1.1012864320763969,-0.0688599724444582,0.0517666656510857,0.064913799123867,-0.0271158217347099,Chemicals,2.0
2020-03-20,28.46571922302246,28.529687782104016,26.056260690508346,26.90916613539291,1180336.0,40.97575407028198,,-1.0795382056350276,0.0969597479296166,-0.0546816707996841,0.0022472138708449,-0.0846442176161633,Chemicals,2.0
2020-03-23,25.62980842590332,27.16503923019291,25.62980842590332,26.01361653367273,507038.0,39.56841526031494,48.45957130432129,-1.1040510362942015,-0.0996254749405916,0.0149750673665398,0.0599002059936575,0.0,Chemicals,2.0
2020-03-24,23.62548065185547,27.07974693271494,23.071090830542733,27.07974693271494,1051222.0,38.09715347290039,47.85406051635742,-1.121375892689764,-0.0782029947606683,0.1462093547116123,0.1462093547116123,-0.0234657584106842,Chemicals,2.0
2020-03-25,24.7342586517334,25.075420514675557,23.071092333056782,23.071092333056782,724400.0,36.76022443771362,47.26865139007568,-1.111791921509417,0.0469314472884956,-0.0672414056186018,0.0137930902941474,-0.0672414056186018,Chemicals,2.0
2020-03-26,26.50403594970703,27.079746443861342,24.755578904030617,24.86219207900645,952906.0,35.56295824050903,46.72195606231689,-1.096494454729521,0.0715516613169081,-0.0619469379613004,0.0217216161058171,-0.0659694640089613,Chemicals,2.0
2020-03-27,26.248167037963867,29.10540085372368,26.013618345452667,26.56800660778501,796232.0,34.444586181640624,46.17885375976562,-1.0987061150225312,-0.0096539603337654,0.0121852154231776,0.1088546035091619,-0.0089358122482214,Chemicals,2.0
2020-03-30,25.544517517089844,26.39742292164325,24.30780402977221,26.09890570469197,469488.0,33.4594804763794,45.56526786804199,-1.1047882673829357,-0.0268075679286978,0.0217028247737005,0.0333889807855167,-0.0484140476127702,Chemicals,2.0
2020-03-31,26.738588333129883,27.78339791875932,25.949649752361942,25.99229600436431,782378.0,32.540474796295165,44.92620441436768,-1.094467048627259,0.0467447003154856,-0.0279106854658028,0.0390749718202172,-0.029505618282414,Chemicals,2.0
2020-04-01,27.335617065429688,27.740749077330857,26.781228887963746,27.2503278279641,533234.0,31.58735284805298,44.32313884735108,-1.0893064969525048,0.0223283564884414,-0.0031200772699384,0.0148206645905031,-0.0202807998128953,Chemicals,2.0
2020-04-03,29.44656181335449,30.0222723384698,27.143716459317197,28.167203644842225,1907224.0,30.778158950805665,43.71583663940429,-1.071060072844483,0.0772232338078234,-0.0434467757771319,0.0195510270015364,-0.0782042184970104,Chemicals,2.0
2020-04-07,31.68544006347656,32.36776380063849,30.49137108326103,31.728084687003644,1989368.0,30.09796733856201,43.16368141174316,-1.051707826833254,0.0760319070291833,0.0013458744281806,0.0215342989017985,-0.037685100090875,Chemicals,2.0
2020-04-08,32.836856842041016,34.50002296917124,30.85385120021559,31.685435890568595,1958236.0,29.5776948928833,42.63911727905273,-1.041755297811624,0.0363389864953044,-0.0350648954317167,0.0506493704659598,-0.0603896302062194,Chemicals,2.0
2020-04-09,34.07357406616211,34.47870286166124,33.135376100074204,33.90299232200284,1135362.0,29.32608795166016,42.170396118164064,-1.031065455268283,0.0376624726925058,-0.0050062768240292,0.0118898239061295,-0.0275344747887663,Chemicals,2.0
2020-04-13,33.6684455871582,35.01177249118642,32.43173513141386,34.54267508518927,990588.0,29.08407611846924,41.67905502319336,-1.034567274088226,-0.0118898146175464,0.0259658407979641,0.0398986909137435,-0.0367320330409328,Chemicals,2.0
2020-04-15,33.30595779418945,34.96912410348507,33.07141074320201,33.81770302589834,996674.0,29.046761322021485,41.211157913208005,-1.037700518580291,-0.0107663952596317,0.0153649756860667,0.0499360000265709,-0.0070421950462077,Chemicals,2.0
2020-04-16,34.96912384033203,34.96912384033203,32.68760238683047,32.96479731188979,1367296.0,29.07448081970215,40.78855293273926,-1.0233245700530678,0.0499359921254909,-0.057317035954173,0.0,-0.065243883830745,Chemicals,2.0
2020-04-17,35.94996643066406,36.4190637828214,35.07573703297111,36.4190637828214,1432680.0,29.264252281188966,40.42994667053223,-1.0148464372625232,0.0280488180032913,0.0130486172514812,0.0130486172514812,-0.0243179475390904,Chemicals,2.0
2020-04-20,37.74106597900391,37.74106597900391,35.86467334741166,36.24848144876081,1526750.0,29.616075897216795,40.14739624023437,-0.9993646668320928,0.0498220089243838,-0.03954802259887,0.0,-0.0497175313658634,Chemicals,2.0
2020-04-21,35.86467361450195,37.442550653226725,35.86467361450195,37.442550653226725,1014320.0,30.015875339508057,39.898245849609374,-1.0155836848378526,-0.0497175242889489,0.0439952989865424,0.0439952989865424,0.0,Chemicals,2.0
2020-04-22,34.96912384033203,37.10138748913276,34.07357375855094,34.180186940990986,1644518.0,30.46684913635254,39.57933662414551,-1.0233245700530678,-0.0249702474305469,-0.0225609570014767,0.0609756097560973,-0.0256097374892817,Chemicals,2.0
2020-04-23,35.16102600097656,36.39773955862909,34.96912357546846,35.37425236424161,743400.0,30.801614475250243,39.2567993927002,-1.0216658207116611,0.005487760045712,0.0060642816071159,0.0351728518279919,-0.0054578164329668,Chemicals,2.0
2020-04-24,34.07357406616211,34.81986634997978,33.796379138600315,34.67060854393148,479406.0,31.223802757263183,38.87476791381836,-1.031065455268283,-0.0309277645875365,0.017521921140708,0.021902377554188,-0.0081351879031988,Chemicals,2.0
2020-04-27,33.94563674926758,34.54267122360059,33.689765761289465,34.11621849244503,388136.0,31.73981056213379,38.475660247802736,-1.0321713101446812,-0.0037547372238119,0.0050251448938023,0.0175879592049748,-0.0075376694173702,Chemicals,2.0
2020-04-28,34.37208938598633,34.969123858679,33.945636656002435,34.542671128695105,453398.0,32.22170209884644,38.09586601257324,-1.0284851711876082,0.012562811529171,0.0049627981817808,0.0173697463074817,-0.012406948125701,Chemicals,2.0
2020-04-29,34.62796401977539,35.566162076683014,34.030932737788184,34.58531939300151,862086.0,32.62789850234985,37.73736572265625,-1.0262734614348117,0.0074442560333089,-0.001231508348268,0.0270936534522168,-0.0172413047918801,Chemicals,2.0
2020-04-30,33.98828125,35.35293193695844,33.90299200550465,35.139705572143946,804426.0,33.01490421295166,37.3818335723877,-1.031802702843612,-0.0184730112752248,0.033877097628876,0.0401506235905482,-0.0025093720941051,Chemicals,2.0
2020-05-04,32.51701736450195,33.476535909683975,32.30379102112817,32.53834130026965,669194.0,33.363529205322266,36.986921310424805,-1.044519902029429,-0.0432873870460291,0.0006557777279712,0.0295081967213113,-0.0065573770491803,Chemicals,2.0
2020-05-05,31.4295654296875,33.13537637845917,30.89649950819636,32.47437658795586,657898.0,33.598078060150144,36.56362350463867,-1.0539195365860503,-0.0334425486392118,0.0332429400147371,0.0542740863722031,-0.0169606519913133,Chemicals,2.0
2020-05-06,31.49353408813477,31.96263144977884,31.0884052879822,31.42956552664326,282844.0,33.8059739112854,36.153218841552736,-1.0533666091478515,0.0020353020340154,-0.002031164915074,0.0148950371949778,-0.0128638722799038,Chemicals,2.0
2020-05-07,31.74940490722656,32.26115014278917,31.557502477375696,31.557502477375696,252258.0,33.92111606597901,35.743783950805664,-1.051154932368246,0.0081245508483024,-0.006044284307426,0.0161182622810711,-0.006044284307426,Chemicals,2.0
2020-05-08,31.40824317932129,32.68760132712602,31.34427462121585,32.68760132712602,279188.0,33.90725622177124,35.30305362701416,-1.0541038402365852,-0.0107454526754805,0.0407331967120987,0.0407331967120987,-0.0020366805535801,Chemicals,2.0
2020-05-11,32.00527572631836,32.49569371757657,31.74940150913481,31.770725445092047,445422.0,33.865677165985105,34.867627449035645,-1.0489432555886402,0.0190087851647222,-0.0073284880665295,0.0153230359723142,-0.0079947512207538,Chemicals,2.0
2020-05-12,31.60014533996582,31.98395343186338,30.53401355890371,31.89866419080881,330706.0,33.74200572967529,34.43861602783203,-1.0524450908951786,-0.0126582376548437,0.0094467556282229,0.0121457698301199,-0.0337381923276706,Chemicals,2.0
2020-05-13,33.007442474365234,33.17802421977633,32.26115018507082,33.17802421977633,1013110.0,33.70895557403564,34.06930809020996,-1.0402808026609658,0.0445345146124867,0.0051679782686457,0.0051679782686457,-0.0226098186757127,Chemicals,2.0
2020-05-14,32.19718170166016,33.56182916109475,32.02659995583679,32.38908413222633,303760.0,33.65351676940918,33.70426452636719,-1.0472844732740427,-0.0245478204903138,0.0059602244800289,0.0423840655396317,-0.0052980334553497,Chemicals,2.0
2020-05-15,31.4295654296875,32.495697272669794,31.34427618367939,32.23982628106928,351708.0,33.47653884887696,33.360543670654295,-1.0539195365860503,-0.0238411013449999,0.0257802117307173,0.0339213039826269,-0.0027136629107683,Chemicals,2.0
2020-05-18,29.87301254272461,31.89866284102793,29.87301254272461,31.792049667433023,450112.0,33.17269115447998,33.0530712890625,-1.0673739503740054,-0.0495251164208784,0.064239825895155,0.0678087051115525,0.0,Chemicals,2.0
2020-05-19,29.702430725097656,30.53401217521141,29.084072367957827,30.12888341819719,400598.0,32.770759391784665,32.744745864868165,-1.068848412551473,-0.0057102315135772,0.0143575014801464,0.027997084070668,-0.020818442869638,Chemicals,2.0
2020-05-20,30.064918518066406,30.256820951857613,29.14804446573637,29.42523940066074,288302.0,32.48077163696289,32.418083114624025,-1.065715168059408,0.0122039773890444,-0.0212765957446807,0.0063829354360593,-0.0304964755443816,Chemicals,2.0
2020-05-21,30.747238159179688,31.131046229158446,29.638461820911125,29.89433278303836,938290.0,32.26967735290528,32.120419082641604,-1.0598173852959205,0.0226948774433985,-0.0277392516272778,0.0124826843956444,-0.0360610059520918,Chemicals,2.0
2020-05-22,31.962629318237305,32.282468850789016,31.195016392258783,32.282468850789016,4361950.0,32.10975751876831,31.85388622283936,-1.0493118793763048,0.0395284660288995,0.0100066715215201,0.0100066715215201,-0.0240159505757724,Chemicals,2.0
2020-05-26,30.725919723510746,31.96263000647965,30.38475624667901,31.96263000647965,739714.0,31.942374801635744,31.603558502197263,-1.060001655973264,-0.0386923610824757,0.0402497400923236,0.0402497400923236,-0.0111034423021901,Chemicals,2.0
2020-05-27,31.003108978271484,31.49353021800531,30.278140713326383,30.725917335165047,606696.0,31.795248413085936,31.441506423950194,-1.0576057085163146,0.0090213493120807,-0.0089407692402948,0.0158184535646905,-0.0233837279175193,Chemicals,2.0
2020-05-28,31.578826904296875,31.941311084944715,31.02443703725226,31.02443703725226,633654.0,31.655585289001465,31.302909317016603,-1.0526293615725224,0.018569683654271,-0.017555746092936,0.0114787095083166,-0.017555746092936,Chemicals,2.0
2020-05-29,30.85385513305664,32.687603219148066,30.491370954245884,31.5148581824463,1613042.0,31.466879844665527,31.238941345214844,-1.058895817583461,-0.0229575269986228,0.0214236777394298,0.0594333537311115,-0.0117484242162786,Chemicals,2.0
2020-06-01,31.87734031677246,32.23982447233494,31.00311095314295,31.00311095314295,1308006.0,31.36133279800415,31.18819347381592,-1.050049093978443,0.0331720356922031,-0.027424789990071,0.0113712170450981,-0.027424789990071,Chemicals,2.0
2020-06-02,32.19718170166016,32.58098981636869,31.34427622611949,32.41040807054532,1075090.0,31.34534101486206,31.189046363830567,-1.0472844732740427,0.0100335028490256,0.0066225165562914,0.011920550011641,-0.0264900662251655,Chemicals,2.0
2020-06-03,32.09056854248047,32.79421621107069,32.00527929628973,32.431732034395786,1436686.0,31.378391170501708,31.21676586151123,-1.0482060080133109,-0.003311257493515,0.0106312697908015,0.0219269305764637,-0.0026577667540491,Chemicals,2.0
2020-06-04,32.43172836303711,33.135372698396715,32.069240973820555,32.28246731873579,1734684.0,31.425300884246827,31.30802673339844,-1.045257116631567,0.0106311553846428,-0.0046023154433987,0.0216961713382366,-0.0111769371388077,Chemicals,2.0
2020-06-05,35.715415954589844,37.44255080367508,33.0714103435611,33.263312769647854,8412520.0,31.62360143661499,31.503342094421388,-1.0168738268781898,0.1012492320728487,-0.0686567164179104,0.0483582453941231,-0.0740298143073694,Chemicals,2.0
2020-06-08,39.830684661865234,40.93946108212423,36.461707526266885,38.33810014324612,9348302.0,32.04472351074219,31.73064140319824,-0.9813025793477964,0.115223877344946,-0.0374732327925094,0.0278372423088313,-0.0845824560686973,Chemicals,2.0
2020-06-09,39.08439254760742,41.55781637835295,37.7410658251496,41.55781637835295,5401528.0,32.39867935180664,31.999733085632325,-0.9877533225226744,-0.0187366127545462,0.063284182496446,0.063284182496446,-0.0343699015104702,Chemicals,2.0
2020-06-10,40.683589935302734,41.365913633176,38.380744608101445,38.40206854542525,3891410.0,32.85285158157349,32.34089527130127,-0.9739303014336504,0.0409165214924955,-0.0560796476787247,0.0167714722068119,-0.0566037886740919,Chemicals,2.0
2020-06-11,38.63661575317383,40.66226617170002,38.3807447720752,40.21449276817144,1675460.0,33.13431024551392,32.618942413330075,-0.9916237816168776,-0.0503144925357894,0.0408389033107279,0.0524282569536331,-0.0066224998258964,Chemicals,2.0
2020-06-12,37.80503463745117,38.08222955879672,36.33377078734456,36.3764186626101,2104852.0,33.41470289230347,32.84496238708496,-0.9988117393938936,-0.0215231354897936,-0.0377890402307905,0.0073322223879395,-0.0389171406458418,Chemicals,2.0
2020-06-15,38.65793991088867,39.53216603908893,38.25280787272908,39.53216603908893,1922898.0,33.776121616363525,33.093157844543455,-0.9914394614797476,0.0225606266894562,0.0226144003072965,0.0226144003072965,-0.010479917944243,Chemicals,2.0
2020-06-16,37.35725784301758,39.48952145567356,36.37641853334147,39.48952145567356,1391660.0,34.150333881378174,33.329412651062015,-1.0026821984880967,-0.0336459229557841,0.0570776265649948,0.0570776265649948,-0.0262556559637696,Chemicals,2.0
2020-06-17,37.65577697753906,38.80719803540073,36.80287152621157,37.65577697753906,1949654.0,34.54800119400024,33.5477564239502,-1.000101881434231,0.007990927379518,0.0,0.0305775408258994,-0.0226500558423276,Chemicals,2.0
2020-06-18,38.46603393554688,39.23365013084158,37.14403115794025,37.65577637266206,2189966.0,34.968056964874265,33.77036476135254,-0.993098243794345,0.0215174675187585,-0.0210642345983074,0.0199556886103962,-0.0343680551996017,Chemicals,2.0
2020-06-19,41.088714599609375,42.55997828100877,38.38074076314693,38.74322488630595,10724224.0,35.48513078689575,34.00320781707764,-0.9704285155868982,0.0681817280267839,-0.0570835504629224,0.035807001891789,-0.0659055378794494,Chemicals,2.0
2020-06-22,41.4085578918457,42.62394747641679,40.85417131561511,41.323268650449,3985640.0,35.957427215576175,34.19767017364502,-0.9676638783959024,0.0077842126567612,-0.0020597008381569,0.0293511690927643,-0.0133882125931212,Chemicals,2.0
2020-06-23,42.98643493652344,44.15917990176655,41.25930014082591,41.643108234711576,8427842.0,36.5704529762268,34.40066173553467,-0.9540251444708177,0.0381050952993573,-0.0312500141915816,0.0272817452057809,-0.0401786004875243,Chemicals,2.0
2020-06-24,40.960784912109375,44.24446954302907,40.619621435889336,43.434208727188505,4088766.0,37.0683367729187,34.538405952453616,-0.9715343045169148,-0.0471230058367312,0.0603851664558288,0.0801665455866038,-0.008329026822901,Chemicals,2.0
2020-06-25,41.06739807128906,41.92030350783857,39.745392041776505,40.49168429875732,1772562.0,37.54276533126831,34.686385002136234,-0.9706127697776464,0.0026028104541563,-0.0140187545247536,0.0207684313252314,-0.0321911319343309,Chemicals,2.0
2020-06-26,40.70491027832031,42.34675583122869,40.51300785831658,41.36591328691272,1436120.0,38.0353180885315,34.834364051818845,-0.9737460142697112,-0.0088266559361639,0.0162389010090624,0.0403353192939679,-0.0047144783931862,Chemicals,2.0
2020-06-29,39.61745834350586,40.87549256622757,39.02042388471845,40.70491082749173,1347724.0,38.42232398986816,34.92733074188232,-0.983145648826333,-0.0267154976482932,0.0274488200266922,0.0317545414401356,-0.0150699838846495,Chemicals,2.0
2020-06-30,37.71974182128906,40.47036382025822,37.31461303830362,39.89465329838246,2208334.0,38.69845199584961,34.962726249694825,-0.9995489869692228,-0.0479010164095464,0.0576597657374704,0.072922609385855,-0.0107404972416006,Chemicals,2.0
2020-07-01,38.06090927124024,38.84984623567112,37.12271448979429,37.74106969753233,2353764.0,38.9969690322876,34.96912311553955,-0.9966000296410972,0.0090447981210363,-0.0084033613445378,0.0207282742198442,-0.0246498257506126,Chemicals,2.0
2020-07-02,42.77321243286133,43.17834124683319,38.21016602302552,38.38074777496284,10547518.0,39.51404323577881,35.107293891906735,-0.9558681809761632,0.1238095266731272,-0.1026919515290812,0.0094715545297836,-0.1066800025132121,Chemicals,2.0
2020-07-03,46.27011489868164,48.27444115507445,43.19965696259572,43.19965696259572,41869570.0,40.0417781829834,35.33331371307373,-0.9256419206638222,0.0817544969601991,-0.066359418877808,0.0433179442234303,-0.066359418877808,Chemicals,2.0
2020-07-06,46.632606506347656,47.97593328915936,45.28927972353595,46.86715681496958,7246928.0,40.38187427520752,35.562745323181154,-0.9225086431985664,0.0078342491359653,0.005029749057454,0.0288065987181918,-0.028806598718192,Chemicals,2.0
2020-07-07,47.89064025878906,48.40238220534471,44.84150275549048,46.611282138824,9096182.0,40.82218666076661,35.83908664703369,-0.9116345464644772,0.0269775559783509,-0.0267141577780486,0.0106856359361728,-0.0636687562918725,Chemicals,2.0
2020-07-08,48.25312805175781,50.36406780764206,47.4428671972248,50.32142318447215,11322202.0,41.20066356658936,36.1252364730835,-0.9085013019724124,0.007569073852635,0.0428634415264399,0.0437472106185528,-0.0167918824591828,Chemicals,2.0
2020-07-09,46.90979766845703,48.50899531624534,46.58995813889937,48.40238213972612,2669484.0,41.61432266235352,36.37599063873291,-0.9201126792550216,-0.0278392393931411,0.0318181818181819,0.0340909090909091,-0.0068181818181818,Chemicals,2.0
2020-07-10,45.97159957885742,46.824504927232695,45.63043613807703,46.824504927232695,5134472.0,42.02265090942383,36.60286334991455,-0.928222204744497,-0.0200000455391106,0.0185528751705112,0.0185528751705112,-0.0074211783776454,Chemicals,2.0
2020-07-13,45.33192443847656,46.39805621498282,44.54298432100114,46.27011910037168,2423052.0,42.356350135803225,36.82973621368408,-0.9337513802069156,-0.0139145721758842,0.020696113688454,0.0235183436333745,-0.0174036317065283,Chemicals,2.0
2020-07-14,44.92679214477539,46.22747420582842,44.20182384248167,44.77753434766503,3117416.0,42.73482685089111,37.07793170928955,-0.9372532320000496,-0.0089370195225443,-0.0033222447004312,0.028951144716979,-0.0161366584989537,Chemicals,2.0
2020-07-15,44.69225311279297,47.33625907501165,44.37241352444829,45.35325297655937,4079476.0,43.086650657653806,37.34318546295166,-0.9392805226961436,-0.0052204713665428,0.014790032225455,0.0591602745009478,-0.0071564883412227,Chemicals,2.0
2020-07-16,43.9033088684082,45.14002248165412,43.05040337700774,44.77753829852417,2008690.0,43.35851440429688,37.59138095855713,-0.9460999391184725,-0.0176528187646671,0.0199126091551846,0.0281690297410779,-0.0194269068410511,Chemicals,2.0
2020-07-17,45.45986175537109,45.971606999142566,43.28495341667696,43.28495341667696,4075088.0,43.57707176208496,37.86559009552002,-0.9326455253305176,0.0354541133022196,-0.0478423878716959,0.0112570787505972,-0.0478423878716959,Chemicals,2.0
2020-07-20,44.82018280029297,45.90763860029693,44.77753817655436,45.2892801685702,2020738.0,43.74765300750733,38.13382888793945,-0.938174733766127,-0.014071291252938,0.010466208278699,0.024262636429873,-0.0009514602813787,Chemicals,2.0
2020-07-21,44.35108184814453,45.48118218056726,44.18050011339801,45.07605015384728,1489210.0,43.815885353088376,38.380745010375975,-0.9422295129974602,-0.010466288239801,0.0163461245023288,0.0254807839026818,-0.0038461685180664,Chemicals,2.0
2020-07-22,44.32975769042969,45.28927628332709,43.60478938833759,44.35108162725779,1671804.0,43.9843339920044,38.63533725738525,-0.9424138331345902,-0.0004808035526135,0.0004810298530619,0.0216450222804749,-0.0163539874761962,Chemicals,2.0
2020-07-23,44.64959716796875,45.58779507649138,44.07388666363438,44.62827648474212,1777078.0,44.16344394683838,38.86818035125732,-0.9396492289167854,0.0072150062216133,-0.0004775112112753,0.0210124607618114,-0.0128939686100321,Chemicals,2.0
2020-07-24,43.796688079833984,44.77753052612217,43.58346174399531,44.77753052612217,1310566.0,44.318032836914064,39.1001704788208,-0.9470215398041224,-0.0191022795777121,0.0223953565735444,0.0223953565735444,-0.0048685493170168,Chemicals,2.0
2020-07-27,42.240142822265625,43.79669263284296,42.090881768801154,43.79669263284296,1352918.0,44.44916706085205,39.316382026672365,-0.9604758876456956,-0.0355402503205502,0.0368500129634232,0.0368500129634232,-0.0035336304162729,Chemicals,2.0
2020-07-28,43.09305191040039,43.41289147454416,41.68575652673731,42.00559609088108,1453340.0,44.71783256530762,39.58078281402588,-0.9531035767583584,0.0201919082452813,-0.0252350616006581,0.0074220680588783,-0.0326571296595364,Chemicals,2.0
2020-07-29,42.60262680053711,43.43420829182095,42.58130286339609,43.32759511326784,1060486.0,44.94491844177246,39.83878673553467,-0.9573426761268216,-0.0113806075021787,0.0170169862089721,0.0195194886732514,-0.0005005310409814,Chemicals,2.0
2020-07-30,42.176177978515625,43.75405186528391,41.92030697709054,42.64527535672433,1093426.0,44.915066719055176,40.08101192474365,-0.9610287821107036,-0.0100099184967652,0.0111223302037388,0.0374114953605337,-0.0060667185527201,Chemicals,2.0
2020-07-31,41.02474594116211,42.43204106692248,40.68358575407599,42.24013866503503,1439780.0,44.6527982711792,40.2865620803833,-0.9709814430250974,-0.0273005305966806,0.0296258440117103,0.0343035671148024,-0.0083159609952346,Chemicals,2.0
2020-08-03,42.90114212036133,43.1783370335139,40.29978123127964,40.72623394272175,1951238.0,44.46622505187988,40.50533233642578,-0.9547623920461468,0.0457381547685963,-0.0506958106508624,0.0064612478701588,-0.0606361686545183,Chemicals,2.0
2020-08-04,43.28495407104492,43.81802000788045,42.197498258469935,43.07172769631071,1342072.0,44.23594074249267,40.75651302337646,-0.951444827416952,0.0089464273376869,-0.0049261083743842,0.0123152709359606,-0.025123182775939,Chemicals,2.0
2020-08-05,43.41289138793945,44.32976220046147,42.901146134184536,43.49818063677713,1797384.0,43.99392890930176,41.00470867156982,-0.9503389725405536,0.0029556994951304,0.0019646065053702,0.0211197822399991,-0.0117878638670236,Chemicals,2.0
2020-08-06,46.03557205200195,46.56863797781752,43.00775824408477,43.49817954655033,5668328.0,43.950217628479,41.293843574523926,-0.927669244333107,0.0604124853289801,-0.0551180835243096,0.0115794352509275,-0.0657711780902158,Chemicals,2.0
2020-08-07,45.928958892822266,47.31493030072683,45.26795909658274,45.80102502269988,4508500.0,43.94808559417724,41.59534564971924,-0.9285907790723752,-0.0023158864857648,-0.0027854728956718,0.0301764168253586,-0.0143917870592712,Chemicals,2.0
2020-08-10,45.75837707519531,47.059055888287226,45.50250284638618,46.05689267070468,2200342.0,43.96940822601319,41.8729663848877,-0.9300652412498428,-0.0037140362363757,0.0065237365175518,0.0284249332303567,-0.0055918554189248,Chemicals,2.0
2020-08-11,46.0568962097168,46.8884777565173,45.77970127625789,46.0568962097168,1856884.0,44.02591342926026,42.15016067504883,-0.927484924195977,0.0065238138588465,0.0,0.0180555272985387,-0.0060185326470268,Chemicals,2.0
2020-08-12,49.617774963378906,50.36406724807736,45.28927906141266,45.992926723415,9851392.0,44.27218952178955,42.5007048034668,-0.896705670499055,0.0773147790386894,-0.0730554371420175,0.0150408252939446,-0.0872367998194388,Chemicals,2.0
2020-08-13,51.25961685180664,52.92278314975668,48.85016152982736,50.21480896458958,12650142.0,44.64000492095947,42.87726257324218,-0.8825140421089619,0.0330897927131863,-0.020382670635983,0.0324459369791683,-0.0470049420959407,Chemicals,2.0
2020-08-14,50.7265510559082,53.22130213535954,49.46851680076742,52.8801386490962,7095908.0,44.90333938598633,43.17748527526855,-0.8871217158053032,-0.0103993324304305,0.0424548396916326,0.0491803804422215,-0.0248003112562146,Chemicals,2.0
2020-08-17,52.92278289794922,53.28526706606047,50.19348478783471,50.79051925779353,4971334.0,45.30846939086914,43.43932723999024,-0.8681380935817388,0.0432955088868636,-0.040290089133584,0.0068493028571499,-0.0515713263865471,Chemicals,2.0
2020-08-18,53.66907501220703,54.73521008268664,52.15516978434973,53.242622285445634,7021032.0,45.77436904907226,43.73102088928223,-0.8616873504068608,0.0141015281773236,-0.007945967517875,0.0198649794176088,-0.0282081483147039,Chemicals,2.0
2020-08-19,53.263946533203125,54.45801222293869,52.96542767058715,53.967594187169794,2649000.0,46.22107849121094,43.98262802124023,-0.8651891692268039,-0.0075486391168798,0.0132105805101774,0.022417897423189,-0.0056045201688141,Chemicals,2.0
2020-08-20,52.98675155639648,54.03155944058512,52.069877538709406,52.66691200977839,1772704.0,46.637936210632326,44.26963073730469,-0.8675851661435395,-0.0052041764617243,-0.0060362173038229,0.0197182852977237,-0.0173038352183413,Chemicals,2.0
2020-08-21,52.8801383972168,54.031559464112846,52.581622788340376,53.45584893066482,1777726.0,47.092108726501465,44.5711328125,-0.8685067008828078,-0.0020120720000397,0.0108870844687185,0.0217741689374371,-0.0056451366793724,Chemicals,2.0
2020-08-24,52.30442428588867,53.711716243209686,52.06987399954722,53.2212982412563,1562404.0,47.59532279968262,44.8440625,-0.8734830148534092,-0.0108871521289064,0.0175295678689841,0.0269057919389181,-0.0044843297587874,Chemicals,2.0
2020-08-25,54.41536331176758,57.48582467245444,52.475005498793216,52.66690791039671,19405000.0,48.161438369750975,45.185224609375,-0.8552366402051739,0.0403587087459525,-0.0321316498679474,0.0564263688380604,-0.0356582717615476,Chemicals,2.0
2020-08-26,53.11468505859375,55.01239827116883,52.70955304166053,54.28742998297913,3818160.0,48.68704128265381,45.494402770996096,-0.8664793442403322,-0.0239027762384258,0.0220794856091428,0.0357285976652521,-0.0076274954183818,Chemicals,2.0
2020-08-27,52.56029891967773,54.223465215721504,52.24045937249917,53.178654076125845,3274450.0,49.20624732971192,45.77628807067871,-0.8712713051006127,-0.0104375303798646,0.0117646811216405,0.0316430144087538,-0.0060851926977687,Chemicals,2.0
2020-08-28,51.94194412231445,53.81833354253966,51.7713623785914,53.09336519868685,2111814.0,49.75210723876953,45.99335266113281,-0.8766161933990922,-0.0117646742897761,0.0221674620738299,0.0361247437293958,-0.0032840846950464,Chemicals,2.0
2020-08-31,49.36190414428711,53.029397019626906,48.38106155100472,52.00590980350096,3542588.0,50.07514533996582,46.15241958618165,-0.8989173472786607,-0.0496716097486029,0.0535636885377295,0.0742980429729684,-0.0198704367322488,Chemicals,2.0
2020-09-01,51.5794563293457,52.347072543842685,49.04206389036178,50.06555109183238,1600208.0,50.48987045288086,46.32428001403809,-0.8797494378911571,0.044924364720141,-0.0293509343690386,0.0148822083271988,-0.0491938577789989,Chemicals,2.0
2020-09-02,52.00590896606445,52.45368563265168,50.85448789994889,52.13384608611113,977298.0,50.91952133178711,46.54518249511719,-0.876063298934084,0.0082678776991319,0.0024600496864723,0.0086101113409904,-0.0221401969316006,Chemicals,2.0
2020-09-03,55.20429992675781,56.63291905425681,52.13384183195057,52.53897058974602,7065276.0,51.3779577255249,46.82792053222656,-0.8484172897292269,0.0615005299259438,-0.0482811907867324,0.0258787654112888,-0.0556199082115155,Chemicals,2.0
2020-09-04,52.98675155639648,54.75652777815567,52.75220125411277,54.1594965606628,2684274.0,51.73084735870361,47.07355735778808,-0.8675851661435395,-0.0401698486042474,0.0221327967806841,0.0334003532916247,-0.004426583917568,Chemicals,2.0
2020-09-07,52.30442428588867,53.711716243209686,51.87797158605032,53.39187671833092,956002.0,52.05814971923828,47.32729667663574,-0.8734830148534092,-0.0128773183949874,0.0207908307430817,0.0269057919389181,-0.0081532815944482,Chemicals,2.0
2020-09-08,49.66041946411133,52.56029935039095,49.08470892518739,52.02723343405838,1453726.0,52.238325881958005,47.56611022949219,-0.8963370631979859,-0.0505503092305458,0.047659967343963,0.0583941883208478,-0.0115929455517385,Chemicals,2.0
2020-09-09,48.63693618774414,50.02290758958999,47.37889865546142,49.68174409693592,2030114.0,52.18928394317627,47.77763076782227,-0.9051837703164084,-0.0206096381668068,0.0214817788924595,0.0284962728017208,-0.0258658877571266,Chemicals,2.0
2020-09-10,49.59645080566406,50.47067689723028,48.40238193233469,48.40238193233469,1454366.0,52.10612564086914,47.91409553527832,-0.896889990636185,0.0197281056976139,-0.0240756919886898,0.0176267873479845,-0.0240756919886898,Chemicals,2.0
2020-09-11,50.23613357543945,51.70739421242436,49.63909909464262,50.51332525083069,1945416.0,52.0816047668457,47.99341590881348,-0.8913607492273845,0.0128977529517563,0.0055177748696559,0.0292869003299292,-0.0118845627301367,Chemicals,2.0
2020-09-14,51.08903503417969,52.02722967775807,50.32141886865125,50.96109792206631,1739240.0,51.98991737365723,48.082544479370114,-0.8839885042864293,0.0169778483740082,-0.0025041990326845,0.0183639139582634,-0.0150250668272533,Chemicals,2.0
2020-09-15,54.09552383422852,54.43668729244211,51.00374178838034,51.1316788986044,3862618.0,52.0112398147583,48.206642150878906,-0.8580012444229786,0.0588480247872644,-0.0547890976101199,0.0063066855449827,-0.0571541197257411,Chemicals,2.0
2020-09-16,53.51981735229492,55.14033901977095,53.02939606448696,54.52198061216052,1919502.0,52.02403335571289,48.311975936889645,-0.8629774924471982,-0.0106424051590257,0.0187250874431958,0.0302789087789467,-0.0091633587719434,Chemicals,2.0
2020-09-17,52.45367813110352,53.43452056831864,51.81399912950469,52.88013079883606,1006030.0,51.99737968444824,48.422853546142576,-0.8721929057862627,-0.0199204570182579,0.0081300813008129,0.018699211802909,-0.0121951219512195,Chemicals,2.0
2020-09-18,53.98891067504883,55.865303188586765,52.66690796786615,52.77352114189016,4798074.0,52.05281829833984,48.58319976806641,-0.8589227791622469,0.029268348734442,-0.022511836559806,0.0347551467528519,-0.0244865601223114,Chemicals,2.0
2020-09-21,52.51765441894531,55.67340527579048,52.02723312808827,54.372723146157824,3425770.0,52.063479804992674,48.72691436767578,-0.8716399124016818,-0.0272510824483714,0.0353227642730233,0.0600893336109611,-0.0093382177152246,Chemicals,2.0
2020-09-22,52.688236236572266,53.26394677292657,49.89496954602664,52.45368593300237,2325118.0,51.97712345123291,48.88214324951172,-0.8701654502242143,0.0032480852298958,-0.0044516636031761,0.0109267376833293,-0.053014997085948,Chemicals,2.0
2020-09-23,51.77135848999024,54.03155585043248,50.91845308901371,53.73304026152106,2089794.0,51.90995712280274,49.02372535705567,-0.8780906885497506,-0.0174019441923471,0.0378912554884978,0.0436572928809517,-0.0164744643728332,Chemicals,2.0
2020-09-24,49.74570846557617,51.067711194424376,49.575126733627,50.87580877946651,1594534.0,51.76922760009766,49.14057334899903,-0.8955998485958476,-0.0391268470346535,0.0227175438595343,0.0265752116036908,-0.0034290743304462,Chemicals,2.0
2020-09-25,52.837493896484375,53.306591248758224,49.95893796905143,50.30009820089781,2270384.0,51.81400508880616,49.28812599182129,-0.8688753081838769,0.0621518021609382,-0.0480226352248587,0.0088781150974508,-0.0544794182152622,Chemicals,2.0
2020-09-28,54.24478530883789,55.01240151513061,52.70955614982853,53.28526667776003,1819386.0,52.05814914703369,49.47661804199219,-0.8567110694094504,0.0266343330951802,-0.0176886796696664,0.0141509677275404,-0.0283018754755626,Chemicals,2.0
2020-09-29,55.71604537963867,57.5284694433633,54.79917463261529,55.438853713929866,6870268.0,52.26497859954834,49.70391731262207,-0.8439939031968247,0.027122608420778,-0.0049750778939904,0.032529660915004,-0.0164561346875212,Chemicals,2.0
2020-09-30,56.18514251708984,57.97624253309235,55.43885030149283,56.09985327959482,4793544.0,52.47394027709961,49.94102500915528,-0.8399391569386825,0.0084194262937154,-0.0015180034022176,0.0318785347115158,-0.0132827324478177,Chemicals,2.0
2020-10-01,56.67556381225586,58.21079620514243,56.07853260788447,56.61159850719896,4375568.0,52.54750347137451,50.181544342041015,-0.8357000905434102,0.0087286651451821,-0.0011286222977647,0.0270880832870441,-0.0105341908260343,Chemicals,2.0
2020-10-05,55.78001403808594,57.14466136629854,55.481498451781896,56.888787145379794,1715338.0,52.68716659545898,50.421210861206056,-0.8434409757586255,-0.0158013386004686,0.0198776053827594,0.0244648079019995,-0.0053516585008426,Chemicals,2.0
2020-10-06,56.18514251708984,56.95275866884855,55.652076648806265,55.907950868443066,1752828.0,52.88120250701904,50.70011085510254,-0.8399391569386825,0.0072629683945093,-0.0049335400112665,0.0136622622524313,-0.0094876660341555,Chemicals,2.0
2020-10-07,54.62859344482422,56.5049827210005,54.26610604714954,56.24910849827111,1250592.0,53.12961120605469,50.93082168579102,-0.8533935377534464,-0.0277039267417034,0.0296642280399115,0.0343481162126473,-0.0066354883920047,Chemicals,2.0
2020-10-08,53.541141510009766,55.35356561105686,53.15733340260222,54.92711288139872,806652.0,53.374821472167966,51.14959197998047,-0.8627931723100682,-0.0199062773950568,0.025886100525702,0.0338510545336103,-0.0071684707606727,Chemicals,2.0
2020-10-09,54.09552383422852,54.50065584755414,53.02939209428087,53.62642651936672,1159730.0,53.59977512359619,51.387978897094726,-0.8580012444229786,0.0103543239569351,-0.008671647515593,0.0074891966027932,-0.0197083171468073,Chemicals,2.0
2020-10-12,53.77568817138672,55.35356521188906,53.09336445956932,54.52198044290677,952098.0,53.77675285339355,51.64299774169922,-0.8607658156675926,-0.0059124238046369,0.0138778748705468,0.0293418288850817,-0.012688330638239,Chemicals,2.0
2020-10-13,57.63508224487305,58.16814814246585,53.30658975928032,53.64775323517012,6598364.0,54.10405521392822,51.93767654418945,-0.8274062778899958,0.0717683809305458,-0.0691823253198813,0.0092489830296065,-0.0751016970393544,Chemicals,2.0
2020-10-14,55.99324417114258,57.720379011204656,55.35356508276049,57.40053946701361,2268974.0,54.198941230773926,52.19184234619141,-0.8415978733068981,-0.0284867828721892,0.0251333052174946,0.0308454147572359,-0.0114242190794824,Chemicals,2.0
2020-10-15,55.82265853881836,58.74386227858144,55.05504884725187,56.1638220168213,3432226.0,54.3140832901001,52.440037689208985,-0.8430723684575564,-0.0030465395397135,0.0061115591219236,0.0523300719855848,-0.0137508623139599,Chemicals,2.0
2020-10-16,57.9336051940918,59.02105443524264,55.43885415428797,56.29175960281548,7687450.0,54.58807964324952,52.67799835205078,-0.8248259278629392,0.0378152297029263,-0.0283401246267296,0.0187706122812074,-0.0430622439505671,Chemicals,2.0
2020-10-19,59.10634994506836,59.91660751500832,57.80566783993135,58.63724934742808,4579086.0,54.84395160675049,52.9415461730957,-0.8146890457309883,0.0202429099146787,-0.007936551623916,0.0137084690679256,-0.0220057930551594,Chemicals,2.0
2020-10-20,59.46883392333984,59.70338423426208,57.95492537882628,58.637252372935976,2410134.0,55.19151058197021,53.2157553100586,-0.8115558342121143,0.0061327417207857,-0.0139834850549759,0.0039440879440244,-0.025457175542825,Chemicals,2.0
2020-10-21,61.153316497802734,62.17680691423893,58.95708762668573,59.7033798751248,5721462.0,55.61476459503174,53.51768371582031,-0.796995631494143,0.0283254683728005,-0.0237098608172794,0.016736466230298,-0.0359134875570634,Chemicals,2.0
2020-10-22,64.03187561035156,64.5223001602986,60.854804033404186,61.64374419666768,5078026.0,56.227790451049806,53.805965728759766,-0.7721141605607088,0.047071185626576,-0.0372959778379162,0.0076590689445266,-0.0496170313092275,Chemicals,2.0
2020-10-23,63.669395446777344,65.4391717166772,63.11500558279528,64.82081654449244,5169262.0,56.92397480010986,54.05416130065918,-0.7752473391063919,-0.0056609330918243,0.0180843730278168,0.0277963416721813,-0.0087073209992309,Chemicals,2.0
2020-10-26,64.92742156982422,65.92958798673469,63.15764552234153,63.96790302445736,3755318.0,57.52847118377686,54.3381787109375,-0.7643733083186844,0.0197587257460059,-0.0147783251231526,0.0154351796618432,-0.0272577595828202,Chemicals,2.0
2020-10-27,65.37521362304688,66.10018206034259,63.45617607935952,64.79949975707942,2297172.0,58.08499259948731,54.58722732543945,-0.7605027173317178,0.0068968094280641,-0.0088063018698038,0.0110893471258981,-0.0293542068520421,Chemicals,2.0
2020-10-28,62.048866271972656,65.24726144063104,61.62241358281821,65.24726144063104,2089032.0,58.401633644104,54.75482315063476,-0.7892547462789277,-0.0508808639655683,0.0515463917525771,0.0515463917525771,-0.0068728522336769,Chemicals,2.0
2020-10-29,60.12983703613281,61.68638695229228,59.87396278630956,61.153321021120895,1399664.0,58.59886837005615,54.89214096069336,-0.8058423056393748,-0.0309277082908872,0.0170212333083998,0.0258864815353501,-0.0042553624362809,Chemicals,2.0
2020-10-30,60.236446380615234,61.40919135439712,59.31957564033749,60.21512244329787,1197204.0,58.77691249847412,55.03713485717773,-0.8049208038732973,0.0017729857544493,-0.00035400390625,0.0194690265486725,-0.015221195727323,Chemicals,2.0
2020-11-02,60.726863861083984,61.25992975349923,58.44534574583793,60.12983266443971,1064100.0,59.024254989624026,55.19406936645508,-0.800681770451216,0.008141540710585,-0.0098314182337823,0.0087780902638849,-0.0375701620367742,Chemicals,2.0
2020-11-03,60.151161193847656,61.83564824105273,59.746032386112645,60.85480562269519,937476.0,59.22255592346191,55.351004104614255,-0.8056579855022448,-0.0094801975704406,0.0116979359148181,0.0280042315688058,-0.0067351785018648,Chemicals,2.0
2020-11-04,59.17031097412109,60.34305587631088,58.59459723745817,60.1298295304582,855014.0,59.44964179992676,55.44610305786133,-0.8141361842391709,-0.0163064220250977,0.0162162162162162,0.0198198198198198,-0.0097297737190314,Chemicals,2.0
2020-11-05,60.68421936035156,61.68637928205118,59.44750264951895,59.44750264951895,833006.0,59.80679569244385,55.597493743896486,-0.8010503777522852,0.0255856080745054,-0.0203795438726634,0.0165143414921207,-0.0203795438726634,Chemicals,2.0
2020-11-06,64.37303924560547,66.18546337495229,60.76951492515814,61.15331978498241,5506404.0,60.32067146301269,55.83374855041504,-0.769165236205774,0.060787135834263,-0.0500165830036192,0.0281550187871633,-0.055978781842172,Chemicals,2.0
2020-11-09,63.77600860595703,64.884781826318,63.370879804149126,64.82081651814133,1092060.0,60.820687484741214,56.07042984008789,-0.7743258043671236,-0.0092745448505322,0.0163824600350845,0.0173854282291572,-0.0063523699689488,Chemicals,2.0
2020-11-10,62.64589691162109,65.0340345538357,62.34738133313216,64.05319207552786,1161842.0,61.071228218078616,56.33610969543457,-0.7840941781175781,-0.017720012886325,0.0224642831100676,0.0381212139972026,-0.0047651257816624,Chemicals,2.0
2020-11-11,63.839969635009766,64.60758581743944,62.26209590327497,62.88045103376066,1339034.0,61.46356449127197,56.58131996154785,-0.7737729428753063,0.0190606692896939,-0.0150300604266406,0.0120240687271366,-0.0247160789824294,Chemicals,2.0
2020-11-12,64.58626556396484,66.100174078153,63.26426598669319,63.92526252175284,2218410.0,61.9017448425293,56.83292709350586,-0.7673221667272375,0.0116901046980732,-0.0102344211488332,0.023440099856661,-0.0204687415463334,Chemicals,2.0
2020-11-13,67.08101654052734,67.97656338005096,63.96791027250179,64.3943630076518,4115254.0,62.35911540985107,57.07046142578125,-0.7457582274498074,0.0386266484798033,-0.0400508768565304,0.0133502276159243,-0.0464081558177454,Chemicals,2.0
2020-11-14,67.10234069824219,68.18978997071046,66.73985326931786,68.12582466308963,769244.0,62.758914947509766,57.35277320861817,-0.7455739073126773,0.0003178866214998,0.0152525821632665,0.0162058321833884,-0.0054020087101643,Chemicals,2.0
2020-11-17,66.35604858398438,68.3390512112791,65.63107372422706,68.23243802686213,1273240.0,63.10327568054199,57.63380569458008,-0.7520246504875552,-0.0111217001745717,0.0282775946265527,0.0298842783681567,-0.0109255278942617,Chemicals,2.0
2020-11-18,65.97223663330078,67.23027089688297,65.67372102099942,66.39868936720337,1045638.0,63.344221687316896,57.960042037963866,-0.75534221511675,-0.0057841290865567,0.0064641242387002,0.0190691467772243,-0.0045248672401486,Chemicals,2.0
2020-11-19,68.7655029296875,74.07483813352594,64.97007622356101,65.67372062742248,12701786.0,63.58090305328369,58.362613372802734,-0.7311979917586451,0.0423400272437748,-0.0449612403100775,0.0772092833999515,-0.0551937605983526,Chemicals,2.0
2020-11-20,69.8742904663086,72.28374606563523,67.93392901975326,69.08535022202305,6221736.0,63.89114780426026,58.76817016601562,-0.7216139381453205,0.0161241827570842,-0.0112908515996444,0.034482720085557,-0.027769318781003,Chemicals,2.0
2020-11-23,71.75066375732422,72.47563201540328,69.51178717648646,69.89559198748375,3905560.0,64.23230991363525,59.19846076965332,-0.7053950850055153,0.0268535577033209,-0.0258544196345653,0.0101039937488391,-0.0312035661218424,Chemicals,2.0
2020-11-24,70.85511779785156,73.28590354094352,70.4499890097203,71.68670581898944,2809974.0,64.5063051223755,59.59378242492676,-0.7131359372475397,-0.0124813613223367,0.0117364566877213,0.0343064244142101,-0.0057177067898904,Chemicals,2.0
2020-11-25,68.68021392822266,71.4095088156534,68.29640256435901,71.13231714215657,1725600.0,64.83787250518799,59.88547622680664,-0.7319352063607832,-0.0306950850866393,0.0357031970881247,0.0397391727737352,-0.0055883833481468,Chemicals,2.0
2020-11-26,70.64189147949219,71.17495738714653,66.99572587685826,69.17063087579665,2275066.0,65.36347522735596,60.227917709350585,-0.7149790067260763,0.0285624845799063,-0.0208270273188063,0.0075460310658457,-0.051614778798674,Chemicals,2.0
2020-11-27,71.15364074707031,72.36902712573368,70.27941134737416,70.62057483349368,1852020.0,65.90933494567871,60.60191696166992,-0.7105555872204831,0.0072442747052814,-0.0074917587909735,0.0170811551721394,-0.0122865027076234,Chemicals,2.0
2020-12-01,72.53961181640625,73.64838500767762,71.0470272646872,71.1749578776842,2268846.0,66.49997234344482,60.97293098449707,-0.6985756356099956,0.0194785685564937,-0.0188125343457299,0.0152850720248904,-0.0205761309489317,Chemicals,2.0
2020-12-02,74.30937957763672,76.05783817055936,72.4756317500438,72.71018202575071,3274762.0,67.20788326263428,61.4087654876709,-0.683278251263077,0.0243972598820855,-0.0215208034433285,0.0235294467920552,-0.0246772054620245,Chemicals,2.0
2020-12-03,73.98954772949219,75.3755190846556,73.47780576132384,75.05567954115634,1553082.0,67.94884510040283,61.8347917175293,-0.6860427895344999,-0.0043040575760746,0.0144092219020173,0.0187319884726224,-0.006916408923586,Chemicals,2.0
2020-12-04,73.98954772949219,75.58874544698841,73.37119258015741,74.75716393532082,1731540.0,68.61411151885986,62.27915550231933,-0.6860427895344999,0.0,0.0103746573588348,0.0216138328530259,-0.0083573311137877,Chemicals,2.0
2020-12-07,74.05351257324219,75.41816648937869,73.00870470576129,73.96822333027168,2211308.0,69.0981351852417,62.765311584472656,-0.6854898950694917,0.0008645118900288,-0.0011517244760826,0.0184279431011027,-0.0141088225416389,Chemicals,2.0
2020-12-08,71.75066375732422,74.90641100173968,70.91908232872908,74.56525406180943,2647808.0,69.49686794281006,63.143574981689454,-0.7053950850055153,-0.0310970909535229,0.0392273765439263,0.0439821331143202,-0.0115898778498791,Chemicals,2.0
2020-12-09,71.94257354736328,73.75499763217285,71.68670581615207,72.04918672882268,1264514.0,69.96170177459717,63.49753074645996,-0.703736269717727,0.0026746761631103,0.0014819205958653,0.0251926501297088,-0.0035565551605234,Chemicals,2.0
2020-12-10,71.19628143310547,71.79331915487717,69.93824719055938,71.79331915487717,857362.0,70.32951736450195,63.8071354675293,-0.7101870128926049,-0.0103734420032457,0.0083857992265039,0.0083857992265039,-0.017669943109713,Chemicals,2.0
2020-12-11,71.49478912353516,73.09398667184404,70.79114480513985,71.4308238244634,1382148.0,70.67494354248046,64.1133283996582,-0.7076067947583119,0.0041927427166285,-0.0008946847715185,0.0223680294454138,-0.009841896549684,Chemicals,2.0
2020-12-14,71.60140228271484,73.05134529725562,71.13230823957194,71.70801545258615,1436920.0,70.90096282958984,64.41184516906738,-0.7066852600190436,0.0014912018132604,0.0014889815907563,0.0202502041624232,-0.0065514644711943,Chemicals,2.0
2020-12-15,70.5352783203125,71.7506711930104,70.27941058884866,71.1109921036225,903234.0,71.07260971069336,64.70695045471192,-0.7159005414653445,-0.0148897078606477,0.0081620686416743,0.0172309927973715,-0.0036275143099584,Chemicals,2.0
2020-12-16,69.85295104980469,71.75066419514035,69.5331115363048,71.02569593263759,1241014.0,71.24745483398438,64.98030662536621,-0.7217983901752142,-0.0096735603340111,0.0167887664759751,0.0271672580301238,-0.0045787544934478,Chemicals,2.0
2020-12-17,70.0661849975586,72.19844865234035,69.51179514588489,70.19412211827596,1679012.0,71.45215225219727,65.2890584564209,-0.7199552547502958,0.0030526118732173,0.0018259467205445,0.0304321357707151,-0.0079123738746874,Chemicals,2.0
2020-12-18,68.78682708740234,70.59925120141587,68.29640254049555,70.30073558994998,1135766.0,71.45321846008301,65.59397216796874,-0.731013671621515,-0.0182592774274898,0.022008697982595,0.0263484185963485,-0.0071296288500652,Chemicals,2.0
2020-12-21,63.92525863647461,70.79114987144547,62.390032784517565,69.44782643758906,2778916.0,71.15576686859131,65.79056686401367,-0.773035728273168,-0.070675864213805,0.0863910122369591,0.1074049817149007,-0.0240159505757724,Chemicals,2.0
2020-12-22,65.22593688964844,66.10016619560122,61.08934714528951,63.92525489856274,2225076.0,70.82953052520752,66.01957183837891,-0.7617930242380097,0.0203468594561412,-0.0199411775914577,0.0134030931197175,-0.0634193994232288,Chemicals,2.0
2020-12-23,70.47130584716797,71.9638902372744,64.94874490520448,64.97006884077916,6396648.0,70.81033992767334,66.27629631042481,-0.7164535018767345,0.0804184532664334,-0.0780635031557299,0.021180030257186,-0.0783660934840676,Chemicals,2.0
2020-12-24,70.2154312133789,71.19627367956687,68.74417076767268,70.79114493468423,2111000.0,70.88710079193115,66.56074005126953,-0.7186652116295311,-0.0036309052416877,0.008199247819981,0.0139690442576256,-0.0209535200493917,Chemicals,2.0
2020-12-28,71.70802307128906,72.90209200214333,70.44998883457652,70.74850444050203,2303392.0,70.94040737152099,66.87844734191894,-0.7057636593333936,0.0212573195395509,-0.0133809103875742,0.0166518177424468,-0.0175438421369092,Chemicals,2.0
2020-12-29,70.85511779785156,72.79547900191963,69.89559916467911,72.28373703232475,1906078.0,70.92548122406006,67.13687759399414,-0.7131359372475397,-0.0118941401102297,0.0201625412373036,0.0273849125422935,-0.0135419806358934,Chemicals,2.0
2020-12-30,73.11532592773438,74.41600817433235,69.9382541008052,71.36687347950595,8155004.0,70.95426692962647,67.41705711364746,-0.6935993216393943,0.0318990102638901,-0.0239136244835529,0.0177894611026359,-0.0434528846943708,Chemicals,2.0
2020-12-31,74.24542236328125,75.01303206605321,72.56092888614272,72.68886600565544,4205844.0,70.9510690689087,67.71258888244628,-0.6838310797817033,0.0154563550282718,-0.0209650145164453,0.0103388152203656,-0.0226881796011118,Chemicals,2.0
2021-01-01,75.24757385253906,76.50560795322953,73.34986073382107,74.24541396192018,4502524.0,71.01397037506104,67.99447402954101,-0.6751687587467925,0.0134978219176167,-0.0133181688034592,0.0167186001658445,-0.0252195920952467,Chemicals,2.0
2021-01-04,76.71884155273438,77.91291046748145,75.05567855133272,75.86593611465105,4142654.0,71.15043506622314,68.24821334838867,-0.662451526587785,0.0195523606259853,-0.011117287759058,0.0155642198263161,-0.0216786772028934,Chemicals,2.0
2021-01-05,76.07916259765625,77.18794227182508,75.05567867315587,75.48213139288971,2087400.0,71.25171756744385,68.49640869140624,-0.6679807350233946,-0.0083379642097232,-0.0078474996882382,0.0145740257425359,-0.0134528810459318,Chemicals,2.0
2021-01-06,72.64622497558594,76.69752590039303,72.15580043302847,76.33503847794414,4181576.0,71.29649562835694,68.65078475952149,-0.6976541008707273,-0.0451232309196851,0.0507777727417755,0.0557675354248428,-0.0067508606637478,Chemicals,2.0
2021-01-07,73.39251708984375,74.58657952249241,72.66754224653992,73.24325603218657,2366080.0,71.36899280548096,68.81113082885742,-0.6912033576958495,0.0102729648307068,-0.0020337367292426,0.0162695391845866,-0.0098780484993632,Chemicals,2.0
2021-01-08,74.13880157470703,75.18360934708187,73.75499025554892,74.11747763911744,1880362.0,71.51611881256103,69.05292953491211,-0.6847526804673534,0.0101684001919393,-0.0002876218004158,0.0140925905218742,-0.0051769290979347,Chemicals,2.0
2021-01-11,75.39684295654297,76.05784598062853,73.17929009164656,74.6079028137389,1808258.0,71.71122150421142,69.3582696533203,-0.6738785177868825,0.016968731016892,-0.0104638352465075,0.0087669854355381,-0.0294117469371304,Chemicals,2.0
2021-01-12,74.88510131835938,76.24974874067378,74.07483723434456,75.61006965141839,1299466.0,71.87540645599366,69.65124275207519,-0.6783018713460938,-0.0067873085677944,0.0096810756785512,0.0182232166117113,-0.0108200973190933,Chemicals,2.0
2021-01-13,73.64838409423828,75.43948423265618,72.5396109167187,75.09832725935918,1277170.0,72.03106174468994,69.90967315673828,-0.6889917138894347,-0.0165148634688151,0.0196873724108541,0.0243196121740576,-0.0150549559390308,Chemicals,2.0
2021-01-14,73.13664245605469,74.33071138942071,72.77415503635622,73.7976454823066,867482.0,72.19524631500244,70.16938278198242,-0.693415067448646,-0.0069484435331097,0.0090379186691416,0.0163265484067511,-0.0049563038105867,Chemicals,2.0
2021-01-15,75.07701110839844,76.76149824058061,73.30722821689335,73.49913716821708,3927584.0,72.44578762054444,70.48751678466797,-0.6766430560583054,0.0265307318901007,-0.0210167389043123,0.0224367900015367,-0.0235729002177487,Chemicals,2.0
2021-01-18,78.1474609375,80.55691620256208,73.77632055763983,75.48213143758527,9210536.0,72.91381931304932,70.83678161621094,-0.6501029347030375,0.0408973370645823,-0.034106412005457,0.0308321631458901,-0.0559345156889495,Chemicals,2.0
2021-01-19,80.21575164794922,81.23923547628593,78.25406671862713,79.10697207795822,6008252.0,73.72834396362305,71.15363586425781,-0.6322252003290622,0.0264665119715581,-0.0138224668748004,0.0127591377916469,-0.0244551087413794,Chemicals,2.0
2021-01-20,81.28189086914062,82.902405996115,79.14962727348795,80.55691604089705,5936548.0,74.53114166259766,71.50375350952149,-0.6230097869899976,0.0132908961056735,-0.0089192662780291,0.0199369762396806,-0.0262329477433724,Chemicals,2.0
2021-01-21,81.53775024414062,85.07730875178555,79.95987664641498,83.15827171227158,11216948.0,75.08446388244629,71.88159057617187,-0.6207982091299648,0.0031478029394261,0.0198744932657424,0.0434100584949519,-0.01935144878294,Chemicals,2.0
2021-01-22,84.5868911743164,89.29918805437586,81.28188292410827,81.85759013436979,16716098.0,75.80303688049317,72.29652900695801,-0.5944422760190632,0.0373954508316213,-0.0322662412822583,0.0557095409777901,-0.0390723456592958,Chemicals,2.0
2021-01-25,83.11563110351562,86.99635339199995,80.10914468466075,86.76180309858131,4257178.0,76.3734172821045,72.66711631774902,-0.6071594422316889,-0.0173934761093041,0.0438686676219133,0.0466906433478331,-0.0361723346010628,Chemicals,2.0
2021-01-27,82.43331909179688,83.81929054973114,80.68486018815723,83.47812704327063,2766714.0,76.95232734680175,72.97416236877442,-0.613057159048795,-0.0082091900483673,0.0126745830810266,0.0168132433972585,-0.0212105847842009,Chemicals,2.0
2021-01-28,81.45246124267578,83.3288504171334,79.78929840654979,81.02600856601256,2547838.0,77.36918411254882,73.26116477966309,-0.6215354237321029,-0.0118988032985645,-0.0052356020942407,0.0230366172590805,-0.0204188162119599,Chemicals,2.0
2021-01-29,81.45246124267578,83.35017435239685,81.02600856601256,82.51859293433384,1810918.0,77.72953605651855,73.56309303283692,-0.6215354237321029,0.0,0.013089005235602,0.0232984133415823,-0.0052356020942407,Chemicals,2.0
2021-02-01,89.35424041748047,92.43084026606068,81.03192215272578,81.96153860623222,7679364.0,78.43486938476562,74.03073310852051,-0.5532346242094449,0.0970109319503861,-0.0827347619621419,0.0344314923858759,-0.0931384814628962,Chemicals,2.0
2021-02-02,86.78672790527344,90.2838695021879,86.36618658737217,89.73052388528959,2816194.0,78.93826370239258,74.39115760803223,-0.5754274941300983,-0.0287340869354505,0.0339198867277179,0.0402958111375226,-0.0048456869852298,Chemicals,2.0
2021-02-03,87.31793212890625,89.64198355439045,85.30375287587859,87.1851278393658,3140682.0,79.50020217895508,74.74003044128418,-0.5708359113509162,0.0061208002243455,-0.001520928019051,0.0266159695817491,-0.0230671891090383,Chemicals,2.0
2021-02-04,89.97399139404297,90.97001343899548,86.38830933033123,87.73847389776377,4344868.0,80.36659049987793,75.10449699401856,-0.547877667723096,0.0304182565983767,-0.0248462634772831,0.011070110701107,-0.0398524285535825,Chemicals,2.0
2021-02-05,88.97796630859375,90.48306353431916,87.6499369607043,90.3059956564832,2589430.0,81.14586296081544,75.4669539642334,-0.5564870338134217,-0.0110701444941695,0.0149253731343284,0.0169153925198226,-0.0149253731343282,Chemicals,2.0
2021-02-08,89.48704528808594,92.65218608653596,89.06650399450359,90.30599945562014,6679546.0,81.91327514648438,75.88309059143066,-0.5520866955414585,0.0057214049793698,0.0091516505534152,0.0353698212770403,-0.0046994656291141,Chemicals,2.0
2021-02-09,90.9700164794922,94.06875183402477,88.69023531339745,90.08466352105432,9164964.0,82.69193382263184,76.28965309143067,-0.5392683016327703,0.0165719092258786,-0.0097323600973235,0.0340632603406325,-0.0250607975498022,Chemicals,2.0
2021-02-10,88.09262084960938,91.36842414916929,87.4286061195872,90.99215318831432,4781796.0,83.35230979919433,76.62843269348144,-0.5641397157429799,-0.0316301539917988,0.0329145881997881,0.0371858989773083,-0.0075376884422109,Chemicals,2.0
2021-02-11,87.4728775024414,88.73450145154821,87.22940408095185,88.44676443369242,1437952.0,84.0435344696045,76.92709800720215,-0.5694966062829471,-0.0070351334900795,0.0111335874508511,0.0144230301452195,-0.0027834161678602,Chemicals,2.0
2021-02-12,85.74642944335938,90.01826135970951,85.43655727052163,87.58354081573091,4220948.0,84.67402381896973,77.15583900451661,-0.5844195470740075,-0.0197369528518579,0.0214249314437642,0.0498193562586992,-0.003613820130463,Chemicals,2.0
2021-02-15,85.6136245727539,87.6499389885111,85.45869186473966,86.32190960989729,1883158.0,85.2008544921875,77.38832054138183,-0.5855674757419939,-0.0015488093378068,0.0082730411272504,0.0237849340676699,-0.0018096735045084,Chemicals,2.0
2021-02-16,88.4024887084961,89.1107737543703,84.77254304648108,86.05630209308293,4409514.0,85.7136058807373,77.67657936096191,-0.5614613034461873,0.0325750036826466,-0.0265398254018573,0.0080120487129016,-0.0410615777343624,Chemicals,2.0
2021-02-17,87.38433074951172,90.92574243953784,86.29977477038257,88.5352922506529,7479460.0,86.07203483581543,77.94319572448731,-0.5702619799901137,-0.0115172997260485,0.0131712572639643,0.0405268502905586,-0.0124113324417171,Chemicals,2.0
2021-02-18,89.84119415283203,92.29805007409102,88.57957018306094,89.19931457999684,8691282.0,86.5,78.30500633239745,-0.5490255304447006,0.0281156058786207,-0.0071446019711544,0.0273466525509393,-0.0140428228015858,Chemicals,2.0
2021-02-19,89.44278717041016,92.7407257073927,88.00408856158425,89.48705076708814,5501232.0,86.89525184631347,78.6550106048584,-0.5524692505022782,-0.0044345690880302,0.000494881678873,0.0368720457100602,-0.0160851272007527,Chemicals,2.0
2021-02-22,86.78672790527344,90.08466643104596,86.34405141175478,88.93370484601456,1891984.0,87.00524368286133,78.96681953430176,-0.5754274941300983,-0.0296956227457031,0.0247385400113773,0.0380004939162146,-0.0051007395278438,Chemicals,2.0
2021-02-23,86.87525177001953,89.04436363462406,86.34404139039255,87.2072591016247,2578992.0,87.19322471618652,79.27442878723144,-0.574662318262077,0.0010200161578014,0.0038216560509554,0.0249681217655255,-0.0061146341311704,Chemicals,2.0
2021-02-24,89.22144317626953,90.30599916828056,87.14086513460836,87.56140642685261,2266950.0,87.53263092041016,79.62682960510254,-0.5543824869310495,0.0270064415175561,-0.0186058047294447,0.0121557772817946,-0.0233192601194613,Chemicals,2.0
2021-02-25,88.53529357910156,90.61587162726909,88.20328622817993,89.86332298278808,2045802.0,87.88677253723145,79.98682991027832,-0.5603133747782009,-0.0076904113264832,0.0149999999999999,0.0234999847412109,-0.0037499999999999,Chemicals,2.0
2021-02-26,87.14086151123047,89.53131162911151,86.76458382845912,87.67207189801442,1747008.0,88.17119255065919,80.33258811950684,-0.5723664609261041,-0.0157500134861499,0.0060959965000517,0.027432023007633,-0.0043180395080538,Chemicals,2.0
2021-03-01,87.60567474365234,88.91157579402915,86.98593035900794,87.87128333976119,1363506.0,88.08376426696778,80.68337791442872,-0.5683487435613425,0.005334044492571,0.003031865194647,0.0149065805862242,-0.0070742493161302,Chemicals,2.0
2021-03-02,86.91952514648438,88.95583279849951,86.14484134573034,88.31395328595895,1663412.0,88.09040412902831,81.04603187561035,-0.5742796314084937,-0.0078322505839461,0.0160427491650991,0.0234275054837607,-0.0089126556944307,Chemicals,2.0
2021-03-03,89.92971801757812,91.61188987668558,86.98592233017001,87.51713271864959,7851356.0,88.22099342346192,81.56612106323242,-0.5482603545766793,0.0346319525563526,-0.0268274531724536,0.0187054056900151,-0.0327344036243136,Chemicals,2.0
2021-03-04,91.70043182373048,94.82130241631116,88.73450070389416,89.73052280228967,9304964.0,88.30731544494628,82.09561096191406,-0.5329547928784174,0.0196899739617356,-0.0214820037622878,0.0340333249311164,-0.0323436985066495,Chemicals,2.0
2021-03-05,89.97399139404297,92.7185841225263,89.02223969741551,91.8110960195171,2526178.0,88.35711669921875,82.48566467285156,-0.547877667723096,-0.0188269607389212,0.0204181741524447,0.0305042900282519,-0.0105780757514606,Chemicals,2.0
2021-03-08,93.38259887695312,95.042635619568,89.28784157850315,90.66014132094747,6676382.0,88.55189437866211,82.94900802612305,-0.5184146048873223,0.0378843644713069,-0.029153799409598,0.0177767245994324,-0.043849254011933,Chemicals,2.0
2021-03-09,91.65615844726562,95.70664517997066,90.0403853850161,94.95409658131643,4715780.0,88.58620147705078,83.34797073364258,-0.5333374797320009,-0.0184878173283907,0.0359816316756096,0.0441921939706373,-0.0176286360853664,Chemicals,2.0
2021-03-10,94.35648345947266,96.3706626759273,90.21746266778024,92.0767024234666,8711764.0,88.89939460754394,83.817998046875,-0.5099966151969791,0.0294614683612412,-0.0241613607504275,0.0213464845510034,-0.0438657804947785,Chemicals,2.0
2021-03-12,92.69644927978516,95.83945489031086,91.41269023025032,95.83945489031086,3912192.0,89.16057319641114,84.20962051391602,-0.5243454927344735,-0.0175932179626056,0.0339064293718434,0.0339064293718434,-0.0138490639016827,Chemicals,2.0
2021-03-15,90.92574310302734,92.96205754153414,89.04436812897248,92.96205754153414,2297360.0,89.41953887939454,84.54322692871094,-0.5396509884863536,-0.0191022006831491,0.0223953565735444,0.0223953565735444,-0.0206913345973217,Chemicals,2.0
2021-03-16,89.6419906616211,90.74868190435716,89.42065241307388,90.74868190435716,1056278.0,89.62095718383789,84.83111526489257,-0.5507473904734894,-0.0141186906765407,0.0123456790123457,0.0123456790123457,-0.0024691358024691,Chemicals,2.0
2021-03-17,86.98593139648438,90.52734336173565,86.25551788053421,90.17320081426908,1064188.0,89.55012931823731,85.03645706176758,-0.5737056341013096,-0.0296296327818372,0.0366412058434717,0.0407124681933841,-0.0083969155037372,Chemicals,2.0
2021-03-18,84.0421371459961,89.5534582803283,81.89515339563303,87.84915103480648,2068744.0,89.38301963806153,85.19571655273438,-0.5991509795723216,-0.033842188078327,0.0452988705201169,0.0655780697813295,-0.0255465153942167,Chemicals,2.0
2021-03-19,83.37812042236328,84.01999998830368,77.46838652022335,83.59945866956393,1796520.0,89.05986595153809,85.41035446166993,-0.604890556965872,-0.007900997596947,0.0026546322473981,0.0076984173148646,-0.0708787134107049,Chemicals,2.0
2021-03-22,84.63973236083984,86.25550538881006,83.46664251912289,84.10852199392474,816314.0,88.81971321105956,85.63529876708985,-0.5939855313787188,0.0151312110669525,-0.0062761347667124,0.0190900063469221,-0.0138598009350476,Chemicals,2.0
2021-03-23,88.20329284667969,89.42065322473925,85.56936901600136,86.32191771695126,2023222.0,88.89054145812989,85.9165885925293,-0.5631830975285943,0.0421026908573802,-0.0213299874529485,0.0138017565872019,-0.0298619671179031,Chemicals,2.0
2021-03-24,85.3480224609375,88.13688549752706,84.99387994356465,88.13688549752706,804012.0,88.81417999267578,86.11561218261718,-0.587863267131585,-0.0323714715583849,0.0326763638591156,0.0326763638591156,-0.004149393356301,Chemicals,2.0
2021-03-25,83.4223861694336,85.32589649536905,81.89515357532179,85.21522736891592,899614.0,88.52422714233398,86.28635787963867,-0.6045079360586705,-0.022562166480017,0.0214911282427356,0.0228177400975964,-0.0183072274030852,Chemicals,2.0
2021-03-26,84.70614624023438,85.85710102305019,83.97572600325404,83.97572600325404,780316.0,88.33276977539063,86.50751312255859,-0.5934114681251529,0.015388675986724,-0.0086229898230619,0.0135876183004666,-0.0086229898230619,Chemicals,2.0
2021-03-30,83.02397155761719,86.25551107176159,82.16075381016867,86.25551107176159,1001320.0,88.12692527770996,86.70525970458985,-0.6079517220626298,-0.0198589448024985,0.0389229695173252,0.0389229695173252,-0.0103972109651422,Chemicals,2.0
2021-03-31,84.46267700195312,86.63178913597145,82.97970803470915,83.00184321050675,801848.0,87.969775390625,86.89297302246094,-0.5955159490611432,0.0173287957362711,-0.0172956132021792,0.0256813093192411,-0.0175576836998628,Chemicals,2.0
2021-04-01,87.95980834960938,89.42064197036355,84.83893805861331,85.1709453926617,1778828.0,88.02178955078125,87.08921997070313,-0.5652877103573481,0.0414044578243166,-0.0317061054278668,0.0166079672996544,-0.0354806399599201,Chemicals,2.0
2021-04-05,83.48878479003906,87.84914395868016,82.33782326827718,87.2957983721998,1962340.0,87.69974288940429,87.15468063354493,-0.6039340046978682,-0.0508303012871465,0.0455991016246644,0.0522268850793157,-0.0137858219478983,Chemicals,2.0
2021-04-06,90.01825714111328,90.7486705681942,84.15279428731536,84.99387682484532,5828202.0,87.61563415527344,87.32940795898438,-0.5474950468158944,0.0782077780565952,-0.0558151254627348,0.0081140587507257,-0.065158591602181,Chemicals,2.0
2021-04-07,91.54550170898438,93.69247868486649,90.41667528109411,90.7486826566673,6870302.0,87.6942096710205,87.52956298828126,-0.5342939660536229,0.016965942425179,-0.008704076524154,0.0234525666013298,-0.0123307689271144,Chemicals,2.0
2021-04-08,91.85536193847656,94.51142059693854,90.83720476845818,92.03242981382478,3401834.0,87.61784782409669,87.67493240356445,-0.531615619703212,0.0033847673966243,0.0019276814288404,0.0289156626506024,-0.0110843520566641,Chemicals,2.0
2021-04-09,90.15106201171876,92.20951168653288,88.97797204730622,91.63403091439,1479030.0,87.54259300231934,87.81564102172851,-0.5463471181479079,-0.0185541691937301,0.0164498217722435,0.0228333380537053,-0.0130124919023143,Chemicals,2.0
2021-04-12,82.0279541015625,88.02622183011275,81.12046595548469,88.02622183011275,2173370.0,86.92616653442383,87.80753372192383,-0.6165610222065738,-0.0901055154414079,0.0731246779740906,0.0731246779740906,-0.0110631571397502,Chemicals,2.0
2021-04-13,83.97571563720703,85.61361704249221,82.95755851888183,83.99785080917835,1035474.0,86.49012985229493,87.85799880981445,-0.5997251087722693,0.0237450946689822,0.0002635901558367,0.0195044649855828,-0.0121244232406885,Chemicals,2.0
2021-04-15,88.71235656738281,90.48306234122045,82.78049492690934,82.84689369154566,2978900.0,86.3794605255127,88.0031967163086,-0.5587828911493946,0.0564048891305562,-0.0661177664847845,0.0199600804482369,-0.0668662390449276,Chemicals,2.0
2021-04-16,90.32813262939452,92.89565743740536,89.92971976426664,91.63402682989371,2860360.0,86.41376762390136,88.02267456054688,-0.54481656857272,0.018213652804775,0.0144572257001824,0.0284244203137142,-0.0044107284577943,Chemicals,2.0
2021-04-19,88.71235656738281,91.4126855743678,86.3219064745846,88.53528869188165,2626890.0,86.50008888244629,88.06118713378906,-0.5587828911493946,-0.0178878497205411,-0.0019959775881578,0.030439153140227,-0.026946078148454,Chemicals,2.0
2021-04-20,91.83323669433594,92.6521909044558,89.4206511696603,89.86332766059923,3885376.0,86.88964385986328,88.15149322509765,-0.531806864210431,0.0351797680471109,-0.0214509376413846,0.0089178410736596,-0.0262713763722153,Chemicals,2.0
2021-04-22,90.63800811767578,93.6703446686725,89.06650528288702,91.72256412882624,6052702.0,87.25263824462891,88.1647735595703,-0.5421380903295455,-0.0130152069085666,0.0119657970610118,0.0334554632650336,-0.0173382322430174,Chemicals,2.0
2021-04-23,89.08863830566406,92.20950872520136,88.55742790024867,90.74867504427893,2991714.0,87.47508354187012,88.16698699951172,-0.555530415599036,-0.0170940408354976,0.0186335403726709,0.0350310710646351,-0.0059627177552405,Chemicals,2.0
2021-04-26,89.57559204101562,91.39056162935974,88.86730694257915,90.08466731165558,2831174.0,87.54369850158692,88.16875793457031,-0.5513213218342917,0.0054659465518018,0.0056831918052726,0.0202618765557593,-0.0079071215975012,Chemicals,2.0
2021-04-27,90.9700164794922,93.13912852578218,89.4649191520306,89.86332528144484,3748940.0,87.82479820251464,88.16875793457031,-0.5392683016327703,0.0155670133649585,-0.0121654501216543,0.0238442525376367,-0.016544982464644,Chemicals,2.0
2021-04-28,94.26795196533205,97.27815328129176,91.4126901141604,91.63402834688232,13042934.0,88.36707649230956,88.29226455688476,-0.5107618570113822,0.0362529942663395,-0.0279408172505789,0.0319323932810882,-0.0302887862910364,Chemicals,2.0
2021-04-29,93.67034149169922,96.01652132227235,93.13912433676286,95.08690481054715,3373732.0,88.8152862548828,88.41621383666993,-0.5159274370977486,-0.0063394871870409,0.015122858487427,0.0250472005675461,-0.0056711350303279,Chemicals,2.0
2021-04-30,91.83323669433594,94.44503204369984,91.2798910806623,92.89566432541363,1810592.0,89.25574951171875,88.53794998168945,-0.531806864210431,-0.0196124490218291,0.0115690970864281,0.0284406326443353,-0.0060255484135383,Chemicals,2.0
2021-05-03,91.70043182373048,92.69645392212598,90.12893569447216,91.16922138886096,1168458.0,89.61763725280761,88.65968612670899,-0.5329547928784174,-0.001446152562906,-0.0057928891315431,0.0108616947443618,-0.0171372816681941,Chemicals,2.0
2021-05-04,90.37239837646484,93.58180277429986,89.97399225654738,93.38259971434113,1990132.0,89.73826675415039,88.69908432006837,-0.5444339476655184,-0.0144823030912047,0.0333088574825319,0.0355131041722007,-0.0044084933793371,Chemicals,2.0
2021-05-05,90.63800811767578,91.63403018490298,89.90759463692527,90.9700154734182,1543992.0,90.09572792053224,88.76415786743163,-0.5421380903295455,0.0029390582299751,0.0036630036630036,0.0109890109890109,-0.008058578249008,Chemicals,2.0
2021-05-06,89.97399139404297,90.92574309067042,89.48704458129458,90.7486752067838,1166066.0,90.09351463317871,88.76681381225586,-0.547877667723096,-0.0073260295258333,0.0086100861008608,0.0105780757514606,-0.0054120841501383,Chemicals,2.0
2021-05-07,90.04039001464844,91.5897576375976,89.53131478327643,90.74867505845076,2422636.0,90.01825904846191,88.77876586914063,-0.5473037363622937,0.0007379757147226,0.007866303596498,0.0172074734760379,-0.0056538541346743,Chemicals,2.0
2021-05-10,91.58975982666016,92.87352565489648,89.42064780457068,90.5273389902708,3656738.0,90.00497894287109,88.87482650756836,-0.5339114110928032,0.0172074977880444,-0.0115997775122465,0.0140164777226836,-0.0236829098164976,Chemicals,2.0
2021-05-11,90.81507110595705,92.14310045727812,89.90758978631956,90.6158680542002,1421214.0,90.03817939758301,88.95362289428711,-0.5406076067007393,-0.008458246011009,-0.0021935021283463,0.0146234466939041,-0.0099926290712109,Chemicals,2.0
2021-05-12,88.5131607055664,92.032437365874,88.07048422616401,91.08068563704168,1810532.0,90.3624397277832,88.93945724487304,-0.5605046852318016,-0.0253472289605423,0.0290072675182844,0.0397599253292315,-0.0050012503889103,Chemicals,2.0
2021-05-14,91.45696258544922,92.82925560735426,88.97797161953946,89.35424932578348,3827918.0,90.73650207519532,88.997890625,-0.5350592738144078,0.033258352276846,-0.0229912868328766,0.0150047955137684,-0.0271055466509027,Chemicals,2.0
2021-05-17,92.54151916503906,94.4892929682126,91.27988849965384,92.36444452084608,3841596.0,90.92796020507812,89.10590377807617,-0.525684665909679,0.0118586551414992,-0.0019134616093472,0.0210475667651388,-0.0136331311260972,Chemicals,2.0
2021-05-18,99.86781311035156,101.79345167843546,92.6743205609827,93.3604636773109,15544694.0,91.40494422912596,89.35114654541016,-0.4623582019661683,0.0791676429284324,-0.065159626814399,0.0192818737900679,-0.0720301398952256,Chemicals,2.0
2021-05-19,99.97847747802734,104.42737033195644,98.98245548003608,101.5499734488706,7277262.0,91.9682502746582,89.61232559204102,-0.4614016496981644,0.0011081084508529,0.015718342692192,0.0444985057399662,-0.0099623641319219,Chemicals,2.0
2021-05-20,102.78947448730467,105.09139076926115,98.71685233388834,101.81558760894312,6190480.0,92.51606216430665,89.86952072143555,-0.437104166948757,0.0281160213696505,-0.0094745778516636,0.0223944746622941,-0.0396210037431347,Chemicals,2.0
2021-05-21,103.07721710205078,106.24235111033,102.52387152335116,103.8076305640516,4182928.0,93.1380226135254,90.09705642700196,-0.4346169991591833,0.0027993392920948,0.0070860805378327,0.0307064363713427,-0.005368262689434,Chemicals,2.0
2021-05-24,100.9081039428711,104.69298926074428,100.11128491468088,103.76336593540452,5486482.0,93.72899589538574,90.31573867797852,-0.453366214968641,-0.0210435750999386,0.0282956658679258,0.0375082393780383,-0.0078964820173546,Chemicals,2.0
2021-05-25,98.16351318359376,102.21400042818156,97.8315058109322,101.59425603442962,4423780.0,94.15839195251463,90.41135696411132,-0.4770897004108642,-0.0271989131896798,0.0349492671927846,0.0412626556774944,-0.0033821871476888,Chemicals,2.0
2021-05-26,99.1152572631836,101.28437598250532,98.65045238127094,99.6022040738719,3189030.0,94.56565399169922,90.5605389404297,-0.4688630871205037,0.0096954973260768,0.0049129349419465,0.0218848114731922,-0.0046895391763797,Chemicals,2.0
2021-05-27,98.1856460571289,99.5136755166355,97.6765640448271,98.31845035402098,3337770.0,94.76153869628908,90.63712219238282,-0.4768983899572634,-0.0093790929037924,0.0013525836232193,0.013525698641672,-0.0051848924231306,Chemicals,2.0
2021-05-28,99.09313201904295,100.48756021887586,96.56987069788713,99.00459131993036,3532868.0,95.03267822265624,90.76505584716796,-0.4690543316277226,0.0092425522299465,-0.0008935099467397,0.0140718955130505,-0.0254635338468356,Chemicals,2.0
2021-05-31,96.54773712158205,99.53580317996338,96.28212854784329,99.15952549295125,4153166.0,95.26840324401856,90.87749572753906,-0.4910560229875389,-0.0256868952025028,0.027051782353844,0.0309491050486092,-0.0027510595448164,Chemicals,2.0
2021-06-01,93.5818099975586,97.65443922741184,91.8996446905493,96.94615412099196,3309568.0,95.36247215270996,90.9562921142578,-0.5166926789121516,-0.0307197994737925,0.0359508340725738,0.0435194535130223,-0.0179753448565825,Chemicals,2.0
2021-06-02,99.02672576904295,99.38086829877732,93.58180379415968,93.58180379415968,3706694.0,95.79518852233886,91.19710800170898,-0.4696283289349068,0.0581834842863845,-0.0549843684378934,0.0035762318402843,-0.0549843684378934,Chemicals,2.0
2021-06-03,100.08914947509766,100.6424950454936,97.52162467751924,99.15952621494984,2877066.0,96.26774559020996,91.518048248291,-0.4604450314837787,0.0107286563077178,-0.00928795244063,0.0055285270511127,-0.0256523790145427,Chemicals,2.0
2021-06-04,99.33659362792967,100.86383279879772,98.76111964119252,99.60220220235196,1749980.0,96.73587570190428,91.83721771240236,-0.4669499166381141,-0.0075188554515113,0.0026738240634374,0.015374386367509,-0.0057931721404966,Chemicals,2.0
2021-06-07,107.34904479980467,108.45573598330785,99.38086827858208,100.04488298868397,13385442.0,97.6013084411621,92.29140396118164,-0.3976924989010704,0.0806596127292833,-0.0680412371134021,0.0103092783505154,-0.0742268041237113,Chemicals,2.0
2021-06-08,106.02101135253906,109.03121260827064,103.05508044434885,108.23439363547308,5025322.0,98.32287101745604,92.64775833129885,-0.4091716536881714,-0.0123711715343371,0.0208768267223382,0.0283924970845836,-0.0279749350657293,Chemicals,2.0
2021-06-09,102.34679412841795,106.8620925780366,100.2662161594934,106.0210100229522,3160088.0,98.8994571685791,92.98773376464844,-0.4409305738599179,-0.0346555572074638,0.0358996676527461,0.0441176344415159,-0.0203287067918707,Chemicals,2.0
2021-06-10,103.27642059326172,106.1980812082444,102.7009398380554,103.01081201248748,3511004.0,99.63762016296388,93.384814453125,-0.4328951391303945,0.0090831029223769,-0.0025718220988728,0.0282897160668376,-0.0055722376114559,Chemicals,2.0
2021-06-11,102.74520874023438,104.2060356498105,102.03692370461036,103.96256900135228,2044002.0,100.20203247070312,93.745595703125,-0.4374867878559586,-0.0051435927966504,0.0118483409206524,0.0142179565109401,-0.0068936064689375,Chemicals,2.0
2021-06-14,102.03692626953124,103.14361744382116,98.51764968623064,102.9222792089632,2138098.0,100.67680282592774,94.12585479736327,-0.4436089861567106,-0.0068935815050397,0.0086767895878525,0.0108459869848156,-0.0344902253719835,Chemicals,2.0
2021-06-15,103.96257019042967,106.24235127635204,102.25826310348884,102.25826310348884,2952090.0,100.88154067993165,94.5158526611328,-0.4269642512832433,0.0188720298748693,-0.0163934681858967,0.0219288642224448,-0.0163934681858967,Chemicals,2.0
2021-06-16,102.08119201660156,105.02498770562477,101.41717734196116,104.1396348061042,1277170.0,100.98667640686035,94.79828033447264,-0.4432263652495091,-0.0180966877827469,0.0201647605091432,0.0288377871659692,-0.0065047699926193,Chemicals,2.0
2021-06-17,100.75316619873048,103.7854959330479,100.08915150081629,101.37291054823432,1905804.0,100.88486099243164,95.14356796264649,-0.4547054540902282,-0.0130095053911117,0.0061511153732027,0.0300966197760605,-0.0065905094893441,Chemicals,2.0
2021-06-18,98.11923217773438,102.78947006366307,96.1493233314535,101.83771840059568,2567676.0,100.63696174621582,95.30558746337891,-0.4774724532108294,-0.026142444157048,0.0378976286333507,0.047597578805641,-0.0200766842805348,Chemicals,2.0
2021-06-21,99.2259292602539,100.48755991704228,96.06079516298756,96.06079516298756,2343844.0,100.55285301208497,95.4591960144043,-0.467906468906118,0.0112791045950588,-0.0318982560391518,0.0127147275535139,-0.0318982560391518,Chemicals,2.0
2021-06-22,100.86384582519533,103.74124314931876,100.48756808861924,100.48756808861924,3238370.0,100.68786964416503,95.63936569213868,-0.4537487699294608,0.0165069410501101,-0.0037305511553484,0.0285275392840977,-0.0037305511553484,Chemicals,2.0
2021-06-23,98.82752227783205,101.85985880996404,98.56191369300772,101.63852057417944,1299074.0,100.67348289489746,95.81289489746094,-0.4713501889636955,-0.0201888350647702,0.0284434763875278,0.0306831180448627,-0.0026875973281775,Chemicals,2.0
2021-06-24,100.95237731933594,101.6606556675176,99.02673183971778,99.46940834034658,1964092.0,100.81181945800782,96.1913833618164,-0.4529835281150576,0.0215006406366269,-0.0146897875846785,0.0070159650222123,-0.019074790814751,Chemicals,2.0
2021-06-25,100.00061798095705,101.39505299947838,99.27020446271295,100.64250430544053,1600016.0,100.85719375610353,96.5118814086914,-0.4612102732981818,-0.0094278051062459,0.0064188235777273,0.0139442640123172,-0.0073040900445552,Chemicals,2.0
2021-06-28,99.88994598388672,100.90810324875356,98.8496602985698,98.8496602985698,1272666.0,101.02430419921876,96.73543319702148,-0.4621668915125675,-0.0011067131314267,-0.0104143182286305,0.0101927902236635,-0.0104143182286305,Chemicals,2.0
2021-06-29,100.9081039428711,101.77132174228252,100.08915649407857,100.70890087450032,1041990.0,101.39061889648436,96.94703262329102,-0.453366214968641,0.0101927971724863,-0.0019741037695402,0.0085544942941364,-0.0081157748168192,Chemicals,2.0
2021-06-30,100.97450256347656,103.80762918695208,100.62036004686546,101.30650990629198,2201038.0,101.48800773620606,97.19227554321289,-0.4527922836078387,0.000658010784179,0.0032880314771217,0.0280578418467027,-0.0035072469546306,Chemicals,2.0
2021-07-01,100.35475158691406,101.70491613353452,99.40299990495734,101.57211184531327,1133582.0,101.50128784179688,97.36270584106444,-0.4581492400941876,-0.0061376977437734,0.012130569197263,0.0134539174804406,-0.0094838726309082,Chemicals,2.0
2021-07-02,104.49378204345705,105.17993192256364,100.19982163749351,100.86383634216952,5205082.0,101.75914726257324,97.63982131958008,-0.4223726025576793,0.0412439908533706,-0.0347383895031944,0.0065664182661244,-0.0410929753138588,Chemicals,2.0
2021-07-05,103.40921783447266,105.79966787966198,102.96654139982972,105.33485627234565,1903862.0,101.56215591430664,97.92623291015624,-0.4317472764087899,-0.0103792224549143,0.0186215356638259,0.0231164116241138,-0.0042808218059585,Chemicals,2.0
2021-07-06,103.32068634033205,106.86209813269586,102.52387409081572,104.02897140068758,3204688.0,101.4271396636963,98.20113479614258,-0.432512518223193,-0.0008561276837267,0.0068552105627956,0.0342759220617121,-0.0077120301629787,Chemicals,2.0
2021-07-07,105.84395599365234,108.61068417463754,102.34680752006258,103.58630309608544,9234158.0,101.601997756958,98.49861358642578,-0.4107020713705958,0.0244217275619793,-0.0213300124354979,0.0261396898387955,-0.0330406062467987,Chemicals,2.0
2021-07-08,106.37516784667967,109.51816704861896,104.93646917372442,106.46370179868926,5362494.0,101.7569351196289,98.74075790405271,-0.4061104226450317,0.0050188208484875,0.0008322802567717,0.0295463618583362,-0.0135247605440105,Chemicals,2.0
2021-07-09,105.20205688476562,106.68502571168624,104.36097432170138,106.68502571168624,1739522.0,101.87977752685546,98.97139221191406,-0.4162504702033091,-0.011028052746341,0.0140963862383889,0.0140963862383889,-0.0079949250800822,Chemicals,2.0
2021-07-12,106.0652847290039,107.34904378788347,105.00285715003166,106.1538186719082,1578186.0,102.0811954498291,99.25603317260742,-0.408788966834588,0.0082054274393496,0.0008347117827525,0.0121034800609791,-0.0100167324463111,Chemicals,2.0
2021-07-13,107.7474594116211,110.8904653222382,106.30876075973578,106.68503849365032,9582504.0,102.27043991088868,99.57697372436525,-0.394248712897111,0.015859804524309,-0.0098602874144074,0.0291701161937383,-0.0133525064975235,Chemicals,2.0
2021-07-14,106.97277069091795,109.3632277804529,106.55222937799364,108.45573962853798,2231646.0,102.5150188446045,99.9089811706543,-0.4009449085050471,-0.0071898560293995,0.0138630506440262,0.0223464071660048,-0.0039312930777442,Chemicals,2.0
2021-07-15,107.393310546875,108.27866345573726,105.35699615460916,107.37117537321213,2017178.0,102.84702606201172,100.24408721923828,-0.3973098779938688,0.0039312794577614,-0.000206113151277,0.0082440228758551,-0.0189612777732282,Chemicals,2.0
2021-07-16,105.3348617553711,107.6367779843954,104.69298224266817,107.12770275993952,2179764.0,103.20780754089355,100.55130462646484,-0.4151025415353226,-0.0191673837133965,0.0170203954767804,0.0218533179866913,-0.006093704420419,Chemicals,2.0
2021-07-19,104.78150939941406,106.24234296613974,104.1174947558757,104.4716372500374,1475896.0,103.48558654785155,100.84612701416016,-0.4198855666608692,-0.0052532689247946,-0.0029573170987208,0.0139417114250297,-0.0063371356964063,Chemicals,2.0
2021-07-20,102.01478576660156,105.64473127772948,101.81558271657563,105.35699428932612,1525652.0,103.54313354492189,101.054627532959,-0.4438003625566932,-0.0264046934298884,0.0327620010923823,0.0355825430975547,-0.0019526880199667,Chemicals,2.0
2021-07-22,104.71511840820312,106.0431477938374,102.70093915571648,102.811608271186,1666452.0,103.83751335144044,101.3326284790039,-0.4204594320752897,0.0264700123742809,-0.0181779877247221,0.0126823080164728,-0.0192348467260947,Chemicals,2.0
2021-07-23,103.16575622558594,105.5783417189561,102.9222828077874,105.4676725976574,1063396.0,103.94818229675292,101.6256803894043,-0.4338516913983984,-0.014795974126462,0.0223127950231665,0.0233855261826871,-0.002360021645808,Chemicals,2.0
2021-07-26,108.89840698242188,114.52040331576748,103.54201922164776,103.82976296771795,23443516.0,104.39307174682617,101.97450927734376,-0.3843002395779616,0.0555673797834692,-0.0465447030416348,0.0516260658822409,-0.0491870166809577,Chemicals,2.0
2021-07-27,110.16004180908205,114.87454349334224,108.89841117287936,110.35924486882276,10338242.0,104.90657653808594,102.3268797302246,-0.373395016151663,0.0115854295909379,0.0018083059562192,0.0427968400051164,-0.0114527065847451,Chemicals,2.0
2021-07-28,119.1020965576172,121.73602690719277,110.22643890869452,111.22246094702612,28316584.0,105.81627616882324,102.71156539916991,-0.2961023615242413,0.0811733056894858,-0.0661586641909297,0.0221148949154004,-0.0745214224220557,Chemicals,2.0
2021-07-29,116.2911148071289,120.14239201480096,115.20655204501452,119.92105377840323,5579172.0,106.58210678100586,103.03781814575196,-0.320399712380885,-0.0236014464206214,0.0312142417526453,0.0331175534266696,-0.0093262736702898,Chemicals,2.0
2021-07-30,120.18666076660156,122.55498256646337,116.64524903130577,116.88871568434186,8674384.0,107.57370223999024,103.38576187133788,-0.2867276876731306,0.0334982252593716,-0.0274401922910912,0.0197053631805363,-0.0294659300184162,Chemicals,2.0
2021-08-02,121.6474838256836,122.62137742560896,118.92502634284604,121.29334806720884,3855422.0,108.43138732910155,103.75716720581056,-0.2741007361108069,0.0121546189049956,-0.0029111638591901,0.0080058671934466,-0.0223798914471485,Chemicals,2.0
2021-08-03,119.5447769165039,122.1123085824469,118.21674748876532,121.89097034449046,2911346.0,109.23816528320312,104.1299006652832,-0.2922759546130803,-0.0172852478575947,0.0196260638775147,0.0214775729410268,-0.0111090543810723,Chemicals,2.0
2021-08-04,115.40575408935548,120.38586407291083,113.9449137218648,119.63330871607508,3344872.0,109.8424186706543,104.47474548339844,-0.3280525262032069,-0.0346232008951703,0.0366320956877621,0.0431530474615626,-0.0126582974914716,Chemicals,2.0
2021-08-05,112.74969482421876,116.00336280471788,112.04141652965276,115.9812343851274,2754516.0,110.1877056121826,104.74743423461912,-0.351010769831027,-0.0230149639079538,0.0286611823291118,0.0288574437879562,-0.0062818644047794,Chemicals,2.0
2021-08-06,113.43584442138672,116.18044391456718,112.43982237280868,113.01530312959513,3613680.0,110.54073944091796,105.0524382019043,-0.3450798819838758,0.0060856004820031,-0.003707305163872,0.0241951695884146,-0.0087804878048781,Chemicals,2.0
2021-08-09,113.54651641845705,114.58680884191244,111.33313403213234,114.16626078474516,1736268.0,110.95796241760254,105.34150588989256,-0.3441232637694901,0.000975635149849,0.0054580658732334,0.0091618171677021,-0.0194931773879142,Chemicals,2.0
2021-08-10,107.9909210205078,114.01131682114436,106.685026815,113.5907822899698,2550766.0,111.05424423217774,105.5703695678711,-0.3921442979075025,-0.0489279246355298,0.051854926474778,0.0557490920879659,-0.012092629576331,Chemicals,2.0
2021-08-11,106.64076232910156,110.18217420227664,103.16575598137278,108.4778737911354,2858334.0,110.99890937805176,105.83154861450195,-0.4038146972018224,-0.0125025203845594,0.0172271036131976,0.0332088011734763,-0.0325860981470166,Chemicals,2.0
2021-08-12,112.019287109375,112.74970061575696,107.08344019463986,107.08344019463986,3975436.0,111.2512351989746,106.0913998413086,-0.357324212638998,0.0504359183374449,-0.0440624739016219,0.0065204263054163,-0.0440624739016219,Chemicals,2.0
2021-08-13,109.96083068847656,112.68329498828416,109.42962028390892,112.15208458371652,1438728.0,111.37961120605468,106.28883346557618,-0.3751169421268336,-0.0183759107383764,0.0199275858641689,0.0247584915716074,-0.0048309057074383,Chemicals,2.0
2021-08-16,107.9909210205078,110.33710760845952,107.43757544574122,110.2264384935062,1317234.0,111.51241416931153,106.46192001342772,-0.3921442979075025,-0.0179146488402727,0.020700976080886,0.0217257762576741,-0.0051240008839401,Chemicals,2.0
2021-08-17,107.1277084350586,108.4557378784684,106.24235547278538,107.99092622233356,1648506.0,111.62972412109374,106.45749328613282,-0.3996056693834599,-0.0079933810851126,0.0080578386290999,0.0123966942148761,-0.0082644628099174,Chemicals,2.0
2021-08-18,105.3348617553711,107.8359877941193,104.3831100732295,107.79171744646808,1701680.0,111.79572792053224,106.44377029418943,-0.4151025415353226,-0.0167356018893499,0.0233242409032894,0.0237445229154693,-0.0090354861275836,Chemicals,2.0
2021-08-20,102.50173950195312,104.51591882131216,101.46144708011838,103.2321529864196,1567984.0,111.68505897521972,106.44686920166016,-0.4395912687919489,-0.0268963399790431,0.0071258642830402,0.0196501964663795,-0.0101490221228385,Chemicals,2.0
2021-08-23,96.9682846069336,104.02897313470972,96.082931644085,103.5641614782728,1813558.0,111.37518539428712,106.3207064819336,-0.4874209265299787,-0.0539840096558955,0.068020970960515,0.0728144109839317,-0.009130335412629,Chemicals,2.0
2021-08-24,105.82180786132812,107.1277020519289,97.5880231009088,97.83149650196812,4058530.0,111.22135543823242,106.38223846435548,-0.4108935137169601,0.091303288392517,-0.0755072278658357,0.0123405016129762,-0.0778080144993281,Chemicals,2.0
2021-08-25,104.98072052001952,107.43757624111294,103.5862923631673,106.64075725660877,2826282.0,110.9623893737793,106.44111434936524,-0.4181636406856986,-0.0079481475350598,0.0158127771305651,0.0234029230217074,-0.0132827070527327,Chemicals,2.0
2021-08-26,107.14984130859376,108.87627684606171,103.8740313657195,104.6929855401148,2576856.0,110.36477661132812,106.50485977172852,-0.3994143589298591,0.0206620870749365,-0.0229291591893557,0.0161123480574814,-0.0305722332657483,Chemicals,2.0
2021-08-27,106.08740997314452,108.27866383399888,104.6708466649576,107.2162362868287,2234964.0,109.8545913696289,106.58498413085935,-0.408597722327369,-0.0099153794580935,0.0106405304264656,0.0206551735159625,-0.0133527937815195,Chemicals,2.0
2021-08-30,108.89840698242188,110.27070668286348,106.24234827553354,106.397287735318,2672192.0,109.29017868041991,106.7478889465332,-0.3843002395779616,0.0264969896992388,-0.0229674548637575,0.0126016508272992,-0.0243902439024389,Chemicals,2.0
2021-08-31,108.0130615234375,109.31895579337372,106.79570119889055,109.2746921980326,1119460.0,108.60845756530762,106.94576553344729,-0.3919529215075199,-0.0081300129498431,0.0116803528832607,0.012090151427222,-0.0112704918032787,Chemicals,2.0
2021-09-01,108.07946014404295,110.58058631474344,107.59252006772316,108.0130613737698,1557474.0,108.03519172668456,107.12283615112304,-0.3913789901467175,0.0006147276974559,-0.000614351424264,0.0231415494430402,-0.0045053896056738,Chemicals,2.0
2021-09-02,108.94268035888672,110.0051011693031,107.59251579439858,108.01305708374228,1106432.0,107.71203804016112,107.28441284179688,-0.3839175527243783,0.0079869034661469,-0.0085331412085879,0.0097521082363356,-0.012393348135371,Chemicals,2.0
2021-09-03,107.43757629394533,109.7394925522063,106.88423071481012,108.721342090363,970350.0,107.44643211364746,107.45661392211916,-0.3969272570866672,-0.0138155593380223,0.0119489459898587,0.0214256160429664,-0.0051503914945106,Chemicals,2.0
2021-09-06,109.65097045898438,111.53234563133876,108.45574522984192,108.6328131324158,1784852.0,107.25718841552734,107.63058578491211,-0.3777952884772445,0.0206016762606715,-0.0092854383532285,0.0171578524520048,-0.0109002704138359,Chemicals,2.0
2021-09-07,106.66289520263672,109.562427462173,105.8439477774608,109.562427462173,1277916.0,106.91300735473632,107.7638313293457,-0.4036233867482216,-0.0272507871461599,0.0271840760934509,0.0271840760934509,-0.0076779035823103,Chemicals,2.0
2021-09-08,106.9506378173828,108.56640423044864,106.37515705563784,106.99490141154358,745966.0,106.86099319458008,107.90504516601564,-0.401136218958648,0.0026976823964832,0.0004138693799689,0.0151075902494826,-0.0053808071974997,Chemicals,2.0
2021-09-09,108.80987548828124,111.55446819613368,107.08343323718373,107.08343323718373,2019666.0,106.96944885253906,108.06308059692384,-0.3850654813923648,0.0173840727726473,-0.0158665952272271,0.0252237464250018,-0.0158665952272271,Chemicals,2.0
2021-09-13,110.2264404296875,112.1078154169412,108.27866667417815,109.62882449655947,2874940.0,106.87980651855467,108.24811935424805,-0.3728210847908607,0.0130187166840275,-0.0054217112590988,0.0170682730923694,-0.0176706582188127,Chemicals,2.0
2021-09-14,111.20032501220705,112.57262473529096,109.05334824153871,111.11179107145796,1883476.0,106.9417812347412,108.4650308227539,-0.3644030951005175,0.0088353082864974,-0.000796166204904,0.0123407887785695,-0.0193072886291709,Chemicals,2.0
2021-09-15,110.77978515625,112.32915278081292,109.76162793773872,111.55446896853148,1720848.0,107.08122444152832,108.59075088500975,-0.3680381256116959,-0.003781822183621,0.0069930069930068,0.0139860139860139,-0.0091908213856456,Chemicals,2.0
2021-09-16,112.63903045654295,113.8785259676768,111.0675275810719,111.33313617442454,3068400.0,107.35679054260254,108.77534713745118,-0.3519673220990309,0.0167832542523041,-0.0115936214722858,0.01100413867298,-0.0139516726049712,Chemicals,2.0
2021-09-17,111.26673889160156,114.0998657366222,108.58854476585287,113.32518187614076,1775346.0,107.65338439941408,108.93426818847657,-0.3638290318469516,-0.0121830910598156,0.0185000747307295,0.025462477585334,-0.0240700334388143,Chemicals,2.0
2021-09-20,109.0754852294922,112.01928796228262,108.47787601645877,110.13791286606369,1839106.0,107.982071685791,108.99889877319336,-0.3827696240563918,-0.0196936989790285,0.0097402971376765,0.0269886741883085,-0.0054788590834694,Chemicals,2.0
2021-09-21,108.25652313232422,109.34107904314696,105.73326881303902,108.45572617640084,1362046.0,108.54648361206054,109.03652587890625,-0.3898485065179113,-0.0075082141092005,0.0018401019939751,0.0100183885408648,-0.0233081041795604,Chemicals,2.0
2021-09-22,111.0011215209961,111.97500837482522,108.19012331898053,108.4557318948915,1613298.0,108.80544929504394,109.15250717163086,-0.3661249551293063,0.0253527298795389,-0.0229312063808574,0.008773666792591,-0.0253240522572906,Chemicals,2.0
2021-09-23,112.79396057128906,113.76784740827854,111.288856591663,111.8643373263816,2404754.0,109.19611129760742,109.28708068847656,-0.3506281489238255,0.01615153996398,-0.0082417820971887,0.0086342108394532,-0.013343834829479,Chemicals,2.0
2021-09-24,112.26274871826172,116.20256636159117,111.79793710187406,113.01529732090025,3927730.0,109.45175666809082,109.37738647460938,-0.3552197976493895,-0.0047095770938161,0.0067034578364648,0.0350946123118447,-0.0041403904829924,Chemicals,2.0
2021-09-27,118.83650207519533,119.76611184136534,113.25877593110728,113.65718204652497,9052036.0,110.08921127319336,109.61466110229492,-0.2983980869674506,0.0585568537381113,-0.0435835785993858,0.0078225944885335,-0.0469361353345679,Chemicals,2.0
2021-09-28,119.87678527832033,121.6917615466601,116.86659062064508,120.40800245763432,7490000.0,110.63813018798828,109.86433059692382,-0.2894061659163051,0.0087539029251024,0.004431359900757,0.0151403481843954,-0.0251107389198534,Chemicals,2.0
2021-09-29,116.49031829833984,119.3013167758314,116.0697837288976,119.27918835459248,4348378.0,111.0619930267334,110.0874397277832,-0.3186778523520963,-0.0282495645184181,0.0239407883589961,0.0241307476754626,-0.0036100388048149,Chemicals,2.0
2021-09-30,118.2831573486328,120.71787791636024,114.45399510276692,116.82231690234816,5436270.0,111.57217788696288,110.35747268676758,-0.3031810461466154,0.0153904554170878,-0.0123503673644669,0.0205838313949571,-0.032372844382059,Chemicals,2.0
2021-10-01,117.30925750732422,119.54476814284956,116.46817496670148,118.19461039417196,3079320.0,111.99050674438476,110.66336212158204,-0.3115991677297222,-0.0082336307479354,0.0075471698113207,0.019056557709316,-0.0071697882886202,Chemicals,2.0
2021-10-04,119.9874496459961,122.75417753406477,118.194615378293,118.81435972333767,6037474.0,112.61800041198732,110.96880874633788,-0.2884496136483012,0.022830185746463,-0.0097767718717201,0.02305847733435,-0.0149418482765701,Chemicals,2.0
2021-10-05,118.77009582519533,120.85068071377697,118.3716896895602,119.07997476925274,2648514.0,113.07395668029784,111.28089553833009,-0.2989720842746347,-0.0101456762719133,0.0026090653704069,0.0175177503573276,-0.0033544313732092,Chemicals,2.0
2021-10-06,116.60098266601562,121.02774748636104,116.1140358338948,119.9431982110249,2574946.0,113.5708610534668,111.43494705200196,-0.3177213000840924,-0.0182631254450797,0.0286636996412157,0.0379650730133653,-0.0041761812035118,Chemicals,2.0
2021-10-07,112.06354522705078,118.19461701372802,110.71338740275682,116.73379007238,4779460.0,113.8265064239502,111.47301712036132,-0.3569416576781783,-0.0389142298393967,0.0416749696421516,0.0547106712914993,-0.0120481448410222,Chemicals,2.0
2021-10-08,112.19634246826172,115.60494970839504,111.73153085490117,113.03743175784425,3549766.0,113.99582977294922,111.3349020385742,-0.3557937949565736,0.0011850173126495,0.0074965838554001,0.0303807340341559,-0.0041428410510978,Chemicals,2.0
2021-10-11,112.04141235351562,114.03345638130048,111.42166126982528,112.81609614209864,3953528.0,114.08657836914062,111.24990798950196,-0.3571329681317791,-0.0013808838268495,0.0069142629703622,0.01777953335236,-0.0055314465488429,Chemicals,2.0
2021-10-12,111.20032501220705,112.92676725299394,110.0050999253279,112.30701615833708,2112080.0,114.08657836914062,111.07018127441408,-0.3644030951005175,-0.0075069326924831,0.0099522294202698,0.0155255143417736,-0.010748395625174,Chemicals,2.0
2021-10-13,111.46592712402344,113.48010624409704,111.04538586382718,111.99713749241378,4233762.0,114.12088546752928,110.86655014038088,-0.3621073037109264,0.0023885012187441,0.004765674875689,0.018069908644213,-0.0037728234183019,Chemicals,2.0
2021-10-14,110.64698791503906,112.41769388448864,110.22644659823622,112.24062598942656,1650292.0,114.0212833404541,110.68859436035156,-0.3691859883333006,-0.0073469914090713,0.0144029051709133,0.0160032008355186,-0.0038007479889624,Chemicals,2.0
2021-10-18,110.24857330322266,112.94889564633888,109.9165659594595,111.53233233055748,2705220.0,113.97037506103516,110.5854507446289,-0.3726297743372599,-0.0036007723239816,0.0116442234930698,0.0244930366190714,-0.003011443448343,Chemicals,2.0
2021-10-19,106.88422393798828,111.48806291731806,106.3530135666404,110.5363045287262,2435876.0,113.86081199645996,110.4681413269043,-0.4017102822122139,-0.0305160353955894,0.0341685653521399,0.0430731384830076,-0.0049699605028341,Chemicals,2.0
2021-10-20,104.2945785522461,108.6770728831248,103.69696261862316,107.12770524527986,2575606.0,113.66271476745604,110.28531600952148,-0.4240944625864681,-0.0242285090383838,0.0271646592983212,0.0420203465195778,-0.0057300766916044,Chemicals,2.0
2021-10-21,102.67879486083984,106.35301051899287,102.28038878242222,104.4716357231314,2169606.0,113.24659843444825,110.06796157836914,-0.4380608511095245,-0.0154924993593682,0.0174606730116124,0.0357835876738978,-0.0038801203204379,Chemicals,2.0
2021-10-22,104.2945785522461,106.15381836671868,102.7894745083726,103.2764213250066,1811464.0,112.82162933349608,109.9940347290039,-0.4240944625864681,0.0157362938822579,-0.0097623216985285,0.0178268117123767,-0.0144312778743289,Chemicals,2.0
2021-10-25,103.09934997558594,104.98072502444484,101.81559087942384,104.6929880129728,1271938.0,112.3634593963623,109.9232064819336,-0.4344256887055825,-0.011460121832329,0.0154573044133083,0.0182481756607042,-0.0124516701265923,Chemicals,2.0
2021-10-26,103.32068634033205,105.2684668789563,102.0590624421266,102.98867898479791,2229484.0,111.58766860961914,109.74923446655274,-0.432512518223193,0.0021468259964636,-0.0032133676932855,0.0188517963596215,-0.012210758008805,Chemicals,2.0
2021-10-27,103.6748275756836,106.61863014414416,103.14361716440484,104.00683492707115,4830002.0,110.7775707244873,109.62351440429688,-0.429451419072817,0.0034275927492878,0.0032023911604308,0.0283945740475097,-0.0051238128261266,Chemicals,2.0
2021-10-28,100.57609558105467,106.2423559140804,100.17768944825973,104.47164998217904,3737386.0,109.98185958862304,109.4752178955078,-0.4562360036654163,-0.0298889524785252,0.0387324083184847,0.056338042357781,-0.0039612407947761,Chemicals,2.0
2021-10-29,97.30028533935548,100.46541926402952,96.96827800090549,100.39902049822216,3069866.0,108.93271598815916,109.27866943359376,-0.4845512037795853,-0.0325704654050646,0.0318471333157881,0.0325295441183441,-0.0034121928552629,Chemicals,2.0
2021-11-01,98.67257690429688,99.15952369575686,97.52162219993788,98.5840429662241,1794598.0,108.0008819580078,109.14542373657228,-0.4726894940316646,0.0141036746208425,-0.0008972496802088,0.0049349759247929,-0.0116643827542409,Chemicals,2.0
2021-11-02,97.89789581298828,99.88993987049189,97.38882058906448,98.8496542488418,1749724.0,106.89640426635742,109.05334686279296,-0.4793856236932189,-0.0078510272622145,0.0097219498738934,0.0203481805299363,-0.0052000629808864,Chemicals,2.0
2021-11-03,97.05682373046876,98.67259027198924,96.4813429229726,98.20778534546103,1842628.0,105.8107406616211,109.05511764526368,-0.4866556187691938,-0.0085913193080902,0.0118586367321122,0.0166476346475912,-0.0059293183660562,Chemicals,2.0
2021-11-04,99.71287536621094,100.4875591925855,97.63229729774636,97.76510159035196,778560.0,104.96633529663086,108.93293899536133,-0.4636974410877555,0.027365944337084,-0.0195338241797309,0.0077691453940067,-0.0208656912241607,Chemicals,2.0
2021-11-08,97.05682373046876,100.42116787067128,96.85762065414131,100.04489013950256,2649710.0,104.21599922180177,108.77446105957031,-0.4866556187691938,-0.0266369977396342,0.0307867730900799,0.0346636538358751,-0.0020524376202607,Chemicals,2.0
2021-11-09,101.01876831054688,101.54997871943804,97.07895046033826,98.25204039475238,4119114.0,103.657120513916,108.65183959960936,-0.4524096627006371,0.040820876140359,-0.0273882562821311,0.0052585318329971,-0.0390008501994106,Chemicals,2.0
2021-11-10,104.4495086669922,105.62260533074024,100.37688661397088,101.1958407612156,4864848.0,103.27752532958984,108.61908157348633,-0.4227552894112626,0.033961415426277,-0.0311506291154513,0.0112312319963909,-0.0389912992889772,Chemicals,2.0
2021-11-11,102.72306823730467,105.48979595994967,101.39503893043508,105.13565346050984,2905450.0,102.85366249084473,108.495574798584,-0.4376781642559412,-0.01652894735189,0.0234863041437951,0.0269338501090472,-0.0129282480523428,Chemicals,2.0
2021-11-12,101.01876831054688,103.45348887644602,100.42115913355936,103.25428581745018,1677032.0,102.3313045501709,108.35568893432615,-0.4524096627006371,-0.0165912093164958,0.0221297244491338,0.0241016655282753,-0.0059158232374243,Chemicals,2.0
2021-11-15,100.70889282226562,101.72705001272875,99.22592400629688,101.59424572619764,1459050.0,101.83439979553222,108.20827758789062,-0.4550881409438116,-0.0030675041228838,0.0087912087912087,0.0101099035242102,-0.0147253015539148,Chemicals,2.0
2021-11-16,101.63851928710938,104.47164596739324,100.06701648199748,100.70889600670324,3129032.0,101.40389709472656,108.06219436645507,-0.4470527062142882,0.0092308279715117,-0.0091463678035305,0.0278745371356781,-0.0154616853544736,Chemicals,2.0
2021-11-17,101.90412902832033,103.14362458022588,101.04091120359035,101.461452527976,2662772.0,101.15489234924316,107.95152542114258,-0.4447568488783153,0.0026132783424426,-0.0043440487109339,0.0121633496475996,-0.0084708817293364,Chemicals,2.0
2021-11-18,101.83772277832033,103.14361700751704,99.53580649647589,102.43533195708484,2980014.0,101.03204956054688,107.7952604675293,-0.4453308461854994,-0.0006516541639009,0.0058682496275508,0.0128232858470271,-0.0226037682210866,Chemicals,2.0
2021-11-22,97.38882446289062,102.19186691669324,96.5477418625939,102.1033262179614,2690058.0,100.7675510406494,107.60977905273438,-0.4837858960188004,-0.0436861527738009,0.048409063165838,0.0493182095614346,-0.0086363358931108,Chemicals,2.0
2021-11-23,100.553955078125,101.5942474598801,95.83945348611782,97.38882109443844,1657562.0,100.58051986694336,107.4818453979492,-0.4564273800653988,0.0324999365449824,-0.0314769715544994,0.0103456137647379,-0.0468852924615871,Chemicals,2.0
2021-11-24,99.1816635131836,101.28437672572834,98.2741754073545,100.88596385368524,1200888.0,100.38463554382324,107.28928115844728,-0.4682890898133195,-0.0136473156513357,0.0171836232639426,0.021200624571751,-0.0091497568571076,Chemicals,2.0
2021-11-25,99.55793762207033,100.24408751681842,98.27417853231478,99.55793762207033,1040162.0,100.19649810791016,107.07591110229492,-0.4650366802093427,0.0037937870323853,0.0,0.0068919657350958,-0.0128945930421819,Chemicals,2.0
2021-11-26,96.32640075683594,99.44726440770025,95.61811571631388,99.15952740951067,1473592.0,99.82907676696776,106.7784326171875,-0.4929691934699284,-0.0324588570476574,0.0294117358316607,0.0323988400515713,-0.0073529690194699,Chemicals,2.0
2021-11-29,91.25775146484376,95.6181173903125,88.57956422874169,95.6181173903125,2521330.0,99.36315956115725,106.38799194335938,-0.5367811997895784,-0.0526195233307571,0.0477807731998365,0.0477807731998365,-0.0293475041091036,Chemicals,2.0
2021-11-30,92.58577728271484,95.04263294355106,91.4126873861792,91.4126873861792,3115768.0,99.1274341583252,105.98692687988282,-0.5253021109488593,0.0145524713961718,-0.0126703034846653,0.0265359943280931,-0.0126703034846653,Chemicals,2.0
2021-12-01,99.62434387207033,100.42116289258752,94.15728660393135,95.61812034909504,4461826.0,99.17502250671389,105.7540789794922,-0.4644626829021586,0.0760221147991541,-0.0402132989515066,0.0079982360690917,-0.0548767204445463,Chemicals,2.0
2021-12-02,101.97052764892578,102.6566707742157,97.6986956571437,98.89392077616984,3201932.0,99.37865409851074,105.61197982788086,-0.444182917517513,0.0235503059359492,-0.0301715303793307,0.0067288376466212,-0.0418928105039287,Chemicals,2.0
2021-12-03,99.88994598388672,102.47960611901463,99.64647932127892,102.47960611901463,1578300.0,99.52031021118164,105.4446482849121,-0.4621668915125675,-0.0204037550163738,0.0259251330013299,0.0259251330013299,-0.0024373490265683,Chemicals,2.0
2021-12-06,96.94615173339844,99.6907446324436,96.54774559254132,99.6022106849984,1329442.0,99.381974029541,105.16354888916015,-0.4876122369835795,-0.0294703758370551,0.0273972602739727,0.0283104883481377,-0.0041095611711614,Chemicals,2.0
2021-12-07,98.09710693359376,98.58404699022311,97.07894971743156,97.65443047045426,658422.0,99.43398818969726,104.86961181640623,-0.4776636977180484,0.0118721081715593,-0.0045126352547701,0.0049638574658374,-0.0103790748574411,Chemicals,2.0
2021-12-08,99.0045928955078,100.22195322590274,98.73899105806407,99.42514095886446,725030.0,99.33327941894532,104.60444869995118,-0.4698196393885075,0.0092508942442959,0.004247763169942,0.0122959985470549,-0.0026827223836377,Chemicals,2.0
2021-12-09,98.22991180419922,100.15555726453844,97.87577601100756,99.24806909639344,963308.0,99.02229957580566,104.19231689453125,-0.4765157690500619,-0.0078246985180395,0.0103650433304236,0.0196034530111113,-0.0036051726677466,Chemicals,2.0
2021-12-10,102.6124038696289,103.89616289037004,98.27417324913134,98.27417324913134,4073220.0,99.01676635742189,103.84702926635742,-0.438634716523945,0.0446146391148682,-0.0422778383206905,0.0125107586639541,-0.0422778383206905,Chemicals,2.0
2021-12-13,102.45746612548828,104.25030715359335,101.7270526626006,104.02896892184476,1958916.0,99.08870124816896,103.56637222290038,-0.4399739556455322,-0.0015099319214612,0.0153380993673191,0.0174983931957601,-0.0071289432630813,Chemicals,2.0
2021-12-14,101.4393081665039,102.25826231986603,100.31048859660842,101.06303722810766,804482.0,99.12522201538086,103.22949523925782,-0.4487746321894588,-0.0099373720382402,-0.0037093208263864,0.0080733412733642,-0.0111280290678108,Chemicals,2.0
2021-12-15,98.7832489013672,101.97052480275028,98.58404584620742,101.37290888256427,1323726.0,98.98245849609376,102.85897506713869,-0.4717328758172789,-0.0261837281143225,0.0262155781470887,0.0322653479899768,-0.002016567154606,Chemicals,2.0
2021-12-16,98.53978729248048,99.93421550461554,97.85363739654612,99.40300507878824,1106552.0,98.81424140930176,102.43002182006836,-0.4738372908068874,-0.0024646041873942,0.0087600938669127,0.0141509155890118,-0.0069631761422191,Chemicals,2.0
2021-12-17,99.95635223388672,100.70890091173628,96.28213603649512,98.80539066444116,2069130.0,98.72017288208008,102.0537469482422,-0.4615928942053834,0.014375563214904,-0.0115146415782804,0.0075287729196908,-0.0367582061097461,Chemicals,2.0
2021-12-20,97.16748046875,99.04885537532031,95.19757162340002,98.71684803886674,1839748.0,98.70910568237304,101.66507690429688,-0.4856991324475718,-0.0279008957690959,0.0159453302961276,0.0193621867881548,-0.0202733346161375,Chemicals,2.0
2021-12-21,97.16748046875,99.80140398700716,96.25999239816888,97.12321012200692,1631192.0,98.5397819519043,101.36715560913086,-0.4856991324475718,0.0,-0.0004556086720528,0.0271070476001922,-0.0093394216480993,Chemicals,2.0
2021-12-22,99.80140686035156,101.3729096490844,97.52162578628324,97.74296401695808,1546686.0,98.57076911926268,101.11925689697266,-0.4629321992733524,0.027107077171242,-0.0206253890415971,0.0157462989568051,-0.022843175720542,Chemicals,2.0
2021-12-23,99.27019500732422,100.93023171313232,98.7611197860924,100.00060845599712,809262.0,98.5563819885254,100.86383255004884,-0.4675238479989164,-0.0053226890255229,0.0073578323143115,0.0167224080267558,-0.0051281779107441,Chemicals,2.0
2021-12-24,101.77131652832033,103.9846988517262,98.8496559142486,99.69073849526012,2720202.0,98.8286277770996,100.67525238037108,-0.4459048434926835,0.0251950902364154,-0.0204436584298407,0.0217485869192815,-0.0287080949105997,Chemicals,2.0
2021-12-27,100.13341522216795,102.25826360914348,99.51367087187408,102.25826360914348,1186428.0,99.2724109649658,100.44860214233398,-0.4600624105765771,-0.016093938469358,0.0212201729288976,0.0212201729288976,-0.0061891861864379,Chemicals,2.0
2021-12-28,100.37689208984376,101.77132030343176,99.15953176681369,100.55395998040169,1284480.0,99.66196670532229,100.24320022583008,-0.457957863694205,0.0024315246527402,0.0017640304144845,0.0138919245710447,-0.0121278941565601,Chemicals,2.0
2021-12-29,104.5601806640625,105.3569996594874,99.82354379501852,100.17768632128588,5293632.0,99.90875854492188,100.12943237304688,-0.421798671196877,0.0416758128999893,-0.0419136072158957,0.0076206734759283,-0.0453005803831015,Chemicals,2.0
2021-12-30,108.7656021118164,111.42166080443565,105.3569948072297,105.3569948072297,17283806.0,100.2485122680664,100.16705993652344,-0.3854481682459481,0.040220105025118,-0.0313390193076161,0.0244200247233372,-0.0313390193076161,Chemicals,2.0
2021-12-31,107.37118530273438,109.80590602726484,106.9285088073652,107.90239574623592,3381924.0,100.6225742340088,100.2285920715332,-0.3975011225010878,-0.0128203842208173,0.0049474208746396,0.0226757366761456,-0.0041228612138446,Chemicals,2.0
2022-01-03,106.17595672607422,108.07946019161868,104.93646122767508,108.07946019161868,1938140.0,101.08406448364258,100.29853530883788,-0.4078323486202023,-0.0111317442690997,0.0179278202357557,0.0179278202357557,-0.0116739753200146,Chemicals,2.0
2022-01-04,105.15779876708984,107.8138576367884,104.62658834409154,106.24235478794202,3490892.0,101.43709907531738,100.31579971313477,-0.4166330251641288,-0.0095893457462421,0.0103136052063463,0.0252578401301586,-0.0050515551792298,Chemicals,2.0
2022-01-05,104.18390655517578,106.04314631825116,103.85189921338709,105.15779340681462,1244286.0,101.69606475830078,100.33749084472656,-0.4250510808008537,-0.0092612457024809,0.0093477666929591,0.0178457482019136,-0.0031867430658578,Chemicals,2.0
2022-01-06,104.02896881103516,105.17993031678463,102.72307459605076,103.4977584063457,1604284.0,101.98601760864258,100.35165649414064,-0.426390319922441,-0.0014871562150395,-0.0051063699925198,0.0110638557596409,-0.0125531785031582,Chemicals,2.0
2022-01-07,104.78150939941406,107.90237957498567,103.82975777889156,103.94042688614796,2122274.0,102.09447288513184,100.37379013061523,-0.4198855666608692,0.0072339522056194,-0.0080270127629102,0.0297845506660459,-0.0090832020456447,Chemicals,2.0
2022-01-10,108.50000762939452,109.45175935670044,105.1799340392014,105.55620499326577,3580640.0,102.39659996032717,100.53226837158203,-0.3877438936891574,0.0354881147570227,-0.0271318196233126,0.0087719047039778,-0.0305997544399588,Chemicals,2.0
2022-01-11,109.11975860595705,110.84619427552734,107.7917290894545,108.94269070563966,3084150.0,102.7806224822998,100.76865783691406,-0.3823869372028085,0.0057119901657463,-0.0016226932920259,0.0158214762534862,-0.0121703853955376,Chemicals,2.0
2022-01-12,109.36322021484376,111.06752052399514,108.27866424452802,108.94267893101194,2255346.0,103.30962104797364,100.982470703125,-0.3802825222131999,0.0022311413807822,-0.0038453630297796,0.0155838526499429,-0.0099170083706855,Chemicals,2.0
2022-01-13,108.27867126464844,110.42564817065252,107.17198004875752,109.252558183691,1166632.0,103.79656524658203,101.1900862121582,-0.389657064171547,-0.009916944179814,0.0089942636686244,0.0198282531631419,-0.0102207683467595,Chemicals,2.0
2022-01-14,107.32691192626952,108.8320160209272,106.7735663226543,107.9023927049708,702102.0,104.16509323120115,101.39548797607422,-0.3978838093546711,-0.0087899059645151,0.0053619429495614,0.0140235479400696,-0.0051557022715361,Chemicals,2.0
2022-01-17,111.37740325927734,111.9750124447381,108.12372848228786,108.45573583689058,2789040.0,104.87558937072754,101.62877853393556,-0.3628724795789477,0.0377397547391504,-0.0262321380898543,0.0053656232590517,-0.0292130601161099,Chemicals,2.0
2022-01-18,108.3450698852539,112.6611656212344,107.37118296756384,111.77581264975124,2520952.0,105.43446884155271,101.85454345703126,-0.3890831328107447,-0.0272257503343332,0.0316649642492339,0.0398365679264556,-0.008988751576066,Chemicals,2.0
2022-01-19,109.03121948242188,109.78376815512443,106.97276977668903,108.67707694388328,1220828.0,105.89595947265624,102.01479248046876,-0.3831522449635934,0.0063330024882041,-0.0032480838077363,0.006902139371411,-0.0188794522844414,Chemicals,2.0
2022-01-20,104.38311004638672,111.55446730810957,103.63056141945589,109.03121285089128,3239862.0,106.15160522460936,102.01346450805664,-0.423329220772065,-0.0426309955818161,0.0445292615102097,0.068702276245036,-0.0072094865404604,Chemicals,2.0
2022-01-21,103.21001434326172,105.95461380956152,98.65045219152644,104.02896849928774,2238376.0,106.22354011535644,102.02320343017578,-0.4334691364375787,-0.0112383670366181,0.0079348323051511,0.0265923755922721,-0.0441775168887278,Chemicals,2.0
2022-01-24,101.59425354003906,107.30477750772704,100.02275066375064,107.30477750772704,2802728.0,106.29658203125,102.03471313476562,-0.4474353271214897,-0.0156550777897275,0.0562091237319581,0.0562091237319581,-0.0154684228834762,Chemicals,2.0
2022-01-25,103.74124145507812,104.4716549850824,100.11128871708476,101.26225032982032,1252494.0,106.46479949951171,102.09536010742188,-0.428877355819251,0.0211329660903794,-0.0238959076495266,0.007040724785625,-0.0349904501534734,Chemicals,2.0
2022-01-27,103.29855346679688,105.31272593309951,102.0811932156569,103.74122992175688,1467398.0,106.40171813964844,102.12856079101564,-0.4327038286767938,-0.0042672324147281,0.0042854080730403,0.019498554420223,-0.0117848722008607,Chemicals,2.0
2022-01-28,102.90015411376952,105.13567185574908,102.32467329582812,105.06927308067056,2540994.0,106.10844573974607,102.1484812927246,-0.4361474827879896,-0.0038567757210211,0.0210798417707205,0.0217251155863953,-0.005592613761347,Chemicals,2.0
2022-01-31,105.179931640625,105.75540564603614,103.58629365179162,104.69298482328512,1110016.0,105.99888305664062,102.21532546997072,-0.416441714710528,0.0221552391878332,-0.0046296551988992,0.0054713289544376,-0.0151515404504963,Chemicals,2.0
2022-02-01,106.5663070678711,107.39812860640922,104.16324512969224,106.2890285207008,1431076.0,106.01840057373047,102.39887512207032,-0.4044582679418051,0.0131809880993554,-0.0026019344650246,0.0078056710551894,-0.0225499222437011,Chemicals,2.0
2022-02-02,105.73448181152344,108.09132133083364,105.20303242127216,106.95911348858289,1037852.0,106.04723472595217,102.50248565673829,-0.4116483360030389,-0.0078057059424783,0.0115821410014795,0.0222901694785941,-0.0050262637234899,Chemicals,2.0
2022-02-03,105.826904296875,106.5200936263305,105.364778077238,105.43409418958892,566614.0,106.1293846130371,102.63539047241213,-0.410849461533918,0.0008740997616681,-0.0037118170459198,0.0065502183406112,-0.0043668122270742,Chemicals,2.0
2022-02-04,104.81023406982422,106.65873905500106,104.25568398456856,106.5894158871648,874538.0,106.16844787597655,102.7404364013672,-0.4196372785333935,-0.0096069164434662,0.0169752680463941,0.0176366840660366,-0.0052909917640888,Chemicals,2.0
2022-02-07,105.73448181152344,106.6356265410093,103.79355307459544,104.90265319527242,850970.0,106.21609649658204,102.92859802246092,-0.4116483360030389,0.0088182967045325,-0.0078671461003023,0.0085227138209482,-0.0183566297736984,Chemicals,2.0
2022-02-08,104.53295135498048,106.4969878238241,102.52270649423248,105.82690620357478,1285394.0,106.01774368286132,103.19410202026368,-0.4220340338335199,-0.0113636576825027,0.012378439829946,0.0187886828352719,-0.0192307290159775,Chemicals,2.0
2022-02-09,103.63180541992188,105.9424365329636,103.30831847439336,105.31856331184773,717586.0,105.74334602355955,103.4150225830078,-0.4298232907197852,-0.0086206877676151,0.0162764499285814,0.0222965440356743,-0.0031215025562638,Chemicals,2.0
2022-02-10,104.6947021484375,105.3647837929638,103.1696841306104,104.90265754825782,976892.0,105.50992012023926,103.51642974853516,-0.4206359045929856,0.0102564721728885,0.0019863029890994,0.0064003395661438,-0.0145663341748173,Chemicals,2.0
2022-02-11,103.7935562133789,104.39431468354572,103.28521452932888,103.97840388858612,458798.0,105.28566436767578,103.5528903198242,-0.4284251614792509,-0.0086073690126262,0.0017809166768234,0.0057880131684839,-0.0048976227676889,Chemicals,2.0
2022-02-14,99.49578094482422,102.52270922902382,98.409781459547,102.22232294194296,1070434.0,104.89410781860352,103.54500701904296,-0.4655739453818645,-0.0414069565139411,0.0274035941145156,0.0304226797905953,-0.0109150305165146,Chemicals,2.0
2022-02-15,100.95146942138672,101.66776645900885,94.55102562747275,99.49577467677273,1664434.0,104.37281112670898,103.62511337280272,-0.4529913757344918,0.0146306553176335,-0.0144197479537192,0.0070954592511396,-0.0634011949563363,Chemicals,2.0
2022-02-16,101.39049530029295,102.40717868016048,100.11964812694548,101.52913458404645,776192.0,104.02508239746092,103.69098114013671,-0.4491965571402129,0.004348880520735,0.0013673794899893,0.0100274032280476,-0.0125341844872496,Chemicals,2.0
2022-02-17,99.63441467285156,102.03746957810036,99.1260730162761,101.991254136053,424706.0,103.55524215698242,103.7035775756836,-0.4643756336781831,-0.0173199728657044,0.0236548733782406,0.0241187235669442,-0.0051020689813313,Chemicals,2.0
2022-02-18,97.87833404541016,100.23517351819665,97.41620782900264,99.63441507805602,467694.0,103.2300033569336,103.6965460205078,-0.4795547102161532,-0.0176252415714738,0.0179414683522416,0.0240792765403325,-0.0047214352483065,Chemicals,2.0
2022-02-21,93.55745697021484,97.62416934000102,93.16465389252,97.5086377786519,828134.0,102.74737548828124,103.51544708251951,-0.5169031797628562,-0.0441453884287677,0.0422326657477978,0.0434675385745131,-0.0041985223884388,Chemicals,2.0
2022-02-22,90.41498565673828,93.34948976448354,89.00550642772077,92.42523739057776,1446582.0,102.18841209411622,103.27459747314452,-0.5440658349623128,-0.0335886781796239,0.0222336122628101,0.0324559483854385,-0.0155890001948195,Chemicals,2.0
2022-02-23,91.246826171875,95.3366462834408,90.71538380776732,91.26993389455076,1019598.0,101.56369132995606,103.07074783325196,-0.5368756350083155,0.0092002504794372,0.0002532441252502,0.04482150539529,-0.0058242284844695,Chemicals,2.0
2022-02-24,82.95166015625,89.65249064240948,82.25847079561282,89.65249064240948,1705114.0,100.54634666442873,102.7541160583496,-0.608576761869327,-0.0909090909090909,0.0807799442896937,0.0807799442896937,-0.0083565459610026,Chemicals,2.0
2022-02-25,86.83351135253906,88.28921313343282,85.56266428507702,87.3418530001184,1075000.0,99.7430145263672,102.51999053955078,-0.575023110916903,0.0467965461930129,0.0058542104270724,0.016764285564633,-0.0146354448607114,Chemicals,2.0
2022-02-28,88.70512390136719,89.42142093152941,84.10696955833774,86.32517675918457,900358.0,98.9192741394043,102.2949659729004,-0.5588454083193407,0.021554035068667,-0.0268298722498705,0.0080750355634324,-0.0518364006586836,Chemicals,2.0
2022-03-02,90.18392944335938,91.13128960918375,87.57291910847698,87.80398221958114,887906.0,98.10015525817872,102.15529495239258,-0.5460630211351151,0.0166710272975493,-0.0263899259931114,0.0105047559101909,-0.0289520577668137,Chemicals,2.0
2022-03-03,92.26349639892578,96.14536085242707,90.94644091143232,91.40856712840964,1536238.0,97.42660598754884,102.0572152709961,-0.5280878180088399,0.0230591743828648,-0.0092661703044465,0.0420736759933422,-0.0142749357969138,Chemicals,2.0
2022-03-04,89.4907455444336,93.07222398403582,89.19036630235207,91.45478210808643,1005456.0,96.60979804992677,101.85100204467771,-0.5520547115462856,-0.0300525230748189,0.021946811949149,0.0400206570837424,-0.0033565397209969,Chemicals,2.0
2022-03-07,86.76419830322266,89.00551330368747,84.68463030128123,86.41760363623241,1256652.0,95.70749626159667,101.6008821105957,-0.5756222337955527,-0.0304673653641332,-0.0039946737683089,0.0258322562104691,-0.0239680426098535,Chemicals,2.0
2022-03-08,88.91307830810547,89.32899612016057,85.49334723913458,87.20321277362002,992346.0,94.86642608642578,101.3437173461914,-0.5570479077906277,0.0247668974865984,-0.0192307539793004,0.0046778024107301,-0.0384615079586007,Chemicals,2.0
2022-03-09,90.53052520751952,92.47146100551372,89.25967808104014,89.65248819527388,1012440.0,94.16630477905274,101.15165954589844,-0.543067142956339,0.0181913271949624,-0.0096987950774941,0.0214395729345993,-0.0140377748120458,Chemicals,2.0
2022-03-10,93.25707244873048,94.87451421599764,90.7153782430249,92.51766767738516,1619244.0,93.64756813049316,101.00926315307618,-0.5194996207070719,0.0301174353618404,-0.0079286723454867,0.0173439045940069,-0.0272547072191537,Chemicals,2.0
2022-03-11,92.81805419921876,94.27374897306112,92.00933331342044,93.11843342192068,1145418.0,93.05373573303224,100.77442062377928,-0.523294373354969,-0.0047076134601273,0.0032362154679217,0.0156833149154145,-0.0087129696132448,Chemicals,2.0
2022-03-14,91.26993560791016,93.55745916601352,89.8835568391824,93.2108644738316,872404.0,92.42755470275878,100.42450729370115,-0.5366758834178443,-0.0166790675010899,0.0212658073328717,0.0250632756873021,-0.0151898734177216,Chemicals,2.0
2022-03-15,92.21729278564452,95.15179018458684,90.8771224560879,91.61652726215272,1508446.0,92.0636302947998,100.12142944335938,-0.5284871892970185,0.0103797287839027,-0.0065146731740246,0.0318215522305933,-0.0145327442291306,Chemicals,2.0
2022-03-16,94.87451171875,96.49195344344356,93.23396227340643,94.9669355498638,1270402.0,91.75978240966796,99.89540054321289,-0.5055189218191649,0.0288147575453344,0.0009741692414477,0.01704822186056,-0.0172917827520091,Chemicals,2.0
2022-03-17,96.90786743164062,97.5086329310868,94.62034404094798,95.66012804139795,1239964.0,91.53565101623536,99.73040191650392,-0.4879431559274501,0.0214320545745562,-0.0128755221150937,0.0061993470227788,-0.0236051360051471,Chemicals,2.0
2022-03-21,100.23517608642578,101.52913093581788,96.42263470337868,97.41621032500414,1950262.0,91.56568908691406,99.65142730712893,-0.4591828177361335,0.0343347629348283,-0.0281235178256288,0.0129091891680463,-0.0380359623427988,Chemicals,2.0
2022-03-22,101.8064193725586,104.76402469975518,100.51246439760234,101.5291407881082,2460492.0,91.76209335327148,99.60697631835936,-0.4456014241900233,0.0156755676747456,-0.0027235864512206,0.0290512655825099,-0.0127099546662283,Chemicals,2.0
2022-03-23,104.16324615478516,104.6946955335106,101.22874891720473,102.12989362714694,1483540.0,92.2923828125,99.5946110534668,-0.4252296636027672,0.0231500802871948,-0.0195208252689886,0.0051020815723783,-0.0281720985655518,Chemicals,2.0
2022-03-24,104.57917022705078,105.22614414681595,102.86930453782544,104.16325237735585,1013552.0,93.00059204101562,99.51619430541992,-0.4216345306525776,0.0039930022116204,-0.0039770620553973,0.0061864510720495,-0.0163499641994965,Chemicals,2.0
2022-03-25,104.83334350585938,108.25307496373472,104.37121725201206,104.90265962334166,3896574.0,93.67991790771484,99.43046600341796,-0.4194375269429224,0.0024304388556225,0.0006612029642878,0.032620646671297,-0.0044081991320011,Chemicals,2.0
2022-03-28,104.57917022705078,106.10418823962516,102.43027896567742,105.22614414681595,1661348.0,94.76129341125488,99.3347850036621,-0.4216345306525776,-0.0024245461444658,0.0061864510720495,0.0145824260152707,-0.020547985384737,Chemicals,2.0
2022-03-29,103.97840118408205,107.19017705480412,103.28521184285482,105.36477986653644,1959906.0,95.61853790283205,99.24877960205076,-0.426827412541009,-0.0057446338660406,0.0133333333333331,0.0308888753255207,-0.0066666666666665,Chemicals,2.0
2022-03-30,105.64205932617188,106.2197171154631,104.02461751615648,104.94886997902242,1078756.0,96.46538467407228,99.21508255004883,-0.4124472104721598,0.016000035806903,-0.0065616796148323,0.0054680663456938,-0.0153105857679421,Chemicals,2.0
2022-03-31,105.68826293945312,107.95268560197492,104.81022596002788,106.24281298179991,1314404.0,97.24060134887696,99.10129974365236,-0.4120478391839811,0.0004373600209609,0.0052470352612805,0.0214254885030995,-0.0083078002703881,Chemicals,2.0
2022-04-01,105.2030258178711,107.49055613184896,104.81022278171822,106.28902520029465,816534.0,97.88757781982422,99.0384588623047,-0.4162420950128205,-0.0045912110586964,0.0103228911334132,0.0217439593224064,-0.0037337617725263,Chemicals,2.0
2022-04-04,106.6587371826172,107.62919805190654,104.02461903527929,106.3814586191135,1545880.0,98.7459774017334,98.9910092163086,-0.4036593275263024,0.0138371625096244,-0.0025996797902166,0.0090987470405521,-0.0246966935566457,Chemicals,2.0
2022-04-05,107.65230560302734,108.06822344762188,106.28903461285546,107.12086325055778,1415172.0,99.79038276672364,99.0563931274414,-0.3950711961709162,0.0093153964377902,-0.004936655555054,0.0038635293713844,-0.0126636487954007,Chemicals,2.0
2022-04-06,108.39170837402344,110.54059251732274,107.00532968764024,107.1670696368263,2216986.0,100.76431427001953,99.16002700805664,-0.3886800025788034,0.0068684341394663,-0.0112982695407966,0.0198251709059167,-0.0127904496310664,Chemicals,2.0
2022-04-07,104.30188751220705,109.8705099305512,98.6177335376793,109.01557359419834,1875590.0,101.4528823852539,99.2141796875,-0.424031285952704,-0.0377318608883237,0.0451927208070865,0.053389469271996,-0.0544971343290645,Chemicals,2.0
2022-04-08,110.72544860839844,111.69590946997046,104.97197134760071,105.3647814675261,2902170.0,102.3263011932373,99.3538638305664,-0.368507795742873,0.0615862401861099,-0.0484140476127701,0.008764569245542,-0.051961652295002,Chemicals,2.0
2022-04-11,119.7369155883789,124.7740889513767,111.32621209935571,111.32621209935571,2655688.0,103.67224426269532,99.68263107299803,-0.2906151609338381,0.0813856894980957,-0.0702431948216936,0.0420686747962855,-0.0702431948216936,Chemicals,2.0
2022-04-12,121.40056610107422,124.31195570502108,119.73690885468746,120.06038875347416,2227561.0,105.17877578735352,100.05263931274412,-0.2762350248113706,0.0138942155351192,-0.0110393006444819,0.0239816806251376,-0.0137038672867608,Chemicals,2.0
2022-04-13,115.7164077758789,121.07707498512816,115.48534465567828,121.07707498512816,1753816.0,106.35373153686524,100.2633688354492,-0.3253673214290888,-0.0468215141638043,0.0463259040985084,0.0463259040985084,-0.0019968051604932,Chemicals,2.0
2022-04-18,108.83072662353516,114.33002591257986,100.65109380352855,114.33002591257986,2363087.0,107.05154228210448,100.3086572265625,-0.3848852499309063,-0.0595047952549653,0.0505307596453687,0.0505307596453687,-0.0751592227101578,Chemicals,2.0
2022-04-19,104.34810638427734,111.6497023853138,103.51627774212363,109.98604510100635,2667256.0,107.42355422973633,100.28092971801756,-0.4236317827717618,-0.0411889213490597,0.0540301009005996,0.0699734403818239,-0.007971669740612,Chemicals,2.0
2022-04-20,103.60869598388672,105.78068778390464,100.65109102873296,104.3481007484184,1876856.0,107.59223022460938,100.2365655517578,-0.4300230423102563,-0.0070859973027937,0.0071365126016706,0.0209634121865185,-0.0285459142890257,Chemicals,2.0
2022-04-21,110.35575103759766,110.81787729231834,104.90265982159612,104.90265982159612,2628917.0,108.01969680786132,100.34747589111328,-0.3717033595657384,0.0651205479389514,-0.0494137474914532,0.0041876046366016,-0.0494137474914532,Chemicals,2.0
2022-04-22,109.24663543701172,111.64969741889276,108.83072466017887,110.44816642795224,1142193.0,108.27386627197264,100.41771896362305,-0.3812902488734804,-0.0100503652066856,0.0109983340551782,0.0219966681103565,-0.0038070808786841,Chemicals,2.0
2022-04-25,105.45720672607422,108.04511649480077,104.57916968926708,108.04511649480077,849064.0,108.31776809692384,100.43620407104493,-0.4140450253567834,-0.0346869145743382,0.0245399043751335,0.0245399043751335,-0.0083260031634238,Chemicals,2.0
2022-04-26,104.62538146972656,108.13754383363606,104.11704681934955,106.24282336467412,727096.0,108.30736999511718,100.45607559204102,-0.4212350934180172,-0.0078877990624986,0.0154593643743661,0.0335689324576153,-0.0048586169363127,Chemicals,2.0
2022-04-27,103.14656829833984,104.39430765064704,101.39048729622886,104.16324454646104,836233.0,108.23573989868164,100.42511291503908,-0.4340175465486245,-0.0141343634843961,0.0098566172863898,0.0120967606861941,-0.0170251035112648,Chemicals,2.0
2022-04-28,103.19279479980467,105.36478680164647,101.76020057971378,103.51628177003865,890760.0,108.19645957946776,100.41309768676756,-0.4336179774213005,0.0004481632518411,0.0031347825287757,0.0210479036453608,-0.0138826961986072,Chemicals,2.0
2022-04-29,102.40717315673828,105.82690436361418,101.66776838425815,103.9783994839004,1006979.0,108.03471527099607,100.47132553100586,-0.4404086741943556,-0.0076131443536394,0.0153429323232787,0.033393473342359,-0.0072202439505719,Chemicals,2.0
2022-05-02,100.18896484375,102.8692983016212,99.21849697144762,101.66776732176936,692836.0,107.75975036621094,100.45607543945312,-0.4595822549706939,-0.0216606732185959,0.0147601333173332,0.0267527812274668,-0.009686374879867,Chemicals,2.0
2022-05-04,99.68063354492188,101.94505646510753,99.126083439474,101.29807546584568,1035219.0,107.48363075256349,100.4218782043457,-0.4639761304972408,-0.0050737254309483,0.0162262403779256,0.0227167789735722,-0.0055632682671299,Chemicals,2.0
2022-05-05,98.84880065917967,101.6677735649854,96.21468248165698,100.74352107803098,746757.0,107.0931339263916,100.40616592407228,-0.4711662645048563,-0.008344979923982,0.0191678645184991,0.0285180284131643,-0.0266479528325778,Chemicals,2.0
2022-05-06,99.07986450195312,100.28139556433251,95.47528541778878,97.04651183645085,885965.0,106.6645118713379,100.43019653320312,-0.4691690123856722,0.0023375482679867,-0.0205223601760397,0.012126894484759,-0.0363805411148224,Chemicals,2.0
2022-05-09,97.0465087890625,98.10940053371624,94.31996683891686,95.19800385974705,1154810.0,106.09725189208984,100.49997756958008,-0.486744778277387,-0.020522390932928,-0.0190476190476189,0.0109523954845609,-0.0280952090308779,Chemicals,2.0
2022-05-10,93.7654037475586,97.50862881163285,92.14796203741302,96.168465643821,1587789.0,105.57042770385742,100.56698593139647,-0.515105745180525,-0.0338096144049408,0.0256284493023897,0.0399211747026868,-0.0172498773054948,Chemicals,2.0
2022-05-11,92.70252990722656,95.1517934263517,87.57292563767055,93.7654146563622,1006805.0,104.66928176879884,100.59610000610353,-0.5242929334681792,-0.0113354584724401,0.0114655419889762,0.0264206761301581,-0.0553340267486717,Chemicals,2.0
2022-05-12,92.0555419921875,92.70252293373946,90.02218943642201,92.70252293373946,946116.0,103.28521308898924,100.77817764282229,-0.5298853185375528,-0.0069791829380119,0.007028158517679,0.007028158517679,-0.0220883231119105,Chemicals,2.0
2022-05-13,96.3071060180664,99.44956587415504,93.95026641461509,93.95026641461509,1851670.0,102.03054008483886,100.9676495361328,-0.4931359718694997,0.0461847699103191,-0.0244721256914229,0.032629574140657,-0.0244721256914229,Chemicals,2.0
2022-05-16,98.84880065917967,100.55867340123484,96.12225864325892,97.64727665703109,2015909.0,101.18715972900392,101.17052307128908,-0.4711662645048563,0.0263915586938774,-0.0121551702614111,0.0172978602740019,-0.0275829549548264,Chemicals,2.0
2022-05-17,97.27757263183594,101.3904933096894,96.49195944130612,98.8487990128956,1096311.0,100.60950202941896,101.3123959350586,-0.4847475261582029,-0.0158952664763346,0.0161519900070516,0.0422802560403057,-0.0080759950035258,Chemicals,2.0
2022-05-18,99.35713958740234,100.697302835661,97.9707608954851,98.89501335676326,619154.0,100.3599536895752,101.45426879882812,-0.4667723230319276,0.0213776608451867,-0.0046511627906977,0.0134883437045785,-0.013953488372093,Chemicals,2.0
2022-05-19,100.51245880126952,101.76019825884995,96.122259451329,96.122259451329,1192464.0,100.20514183044432,101.67470306396484,-0.4567860624360071,0.0116279435847776,-0.0436781609195403,0.0124137790723777,-0.0436781609195403,Chemicals,2.0
2022-05-20,104.99507904052734,107.39813404899888,99.4495642279838,102.49960019547744,1240907.0,99.93710823059082,102.03932067871094,-0.4180395295951516,0.0445976577701748,-0.0237675790889844,0.0228873108190525,-0.052816902117889,Chemicals,2.0
2022-05-23,103.60869598388672,106.75115565591662,101.8988303988295,104.71780313068422,954200.0,99.65521125793455,102.33323303222656,-0.4300230423102563,-0.0132042669933653,0.0107047689025059,0.0303300764688576,-0.0165031088251813,Chemicals,2.0
2022-05-24,103.97840118408205,106.1041846511068,102.73066178017037,103.5162749565972,668227.0,99.58127098083496,102.6021905517578,-0.426827412541009,0.0035682834986438,-0.0044444444444444,0.0204444715711806,-0.011999986436632,Chemicals,2.0
2022-05-25,98.61773681640624,104.90265650233935,98.01697834546776,104.30189097991406,744735.0,99.28088874816896,102.70940383911132,-0.4731635166240404,-0.0515555567947744,0.0576382539997832,0.0637301147726963,-0.0060917892696817,Chemicals,2.0
2022-05-26,98.89501190185548,99.35713812569593,93.3957126587488,98.61773334695656,1006298.0,99.06831092834472,102.83094299316406,-0.4707668272702959,0.0028116147703269,-0.002803766838858,0.0046728971962617,-0.0556074481144128,Chemicals,2.0
2022-05-27,98.94122314453124,100.65108868985553,97.0465028866264,99.8192601119586,587008.0,98.85573234558106,102.98436874389648,-0.4703673900357354,0.0004672757683839,0.0088743290159727,0.0172816293449953,-0.0191499579011376,Chemicals,2.0
2022-05-30,100.46623992919922,102.08368173979848,99.12607667815452,99.12607667815452,443690.0,98.7586856842041,103.14934768676758,-0.4571855656169494,0.0154133609450153,-0.0133394387207995,0.0160993564777491,-0.0133394387207995,Chemicals,2.0
2022-05-31,97.55485534667967,103.7011289030122,95.8911980064548,100.651099847916,2545443.0,98.6269802093506,103.20295455932616,-0.4823507708580765,-0.0289787353898309,0.031738497179184,0.0630032563165674,-0.0170535575529559,Chemicals,2.0
2022-06-01,100.00411224365234,100.69730158097384,97.46241800680689,97.55484889297234,569567.0,98.64315414428712,103.2648794555664,-0.4611800698553176,0.0251064581897923,-0.0244916263514499,0.0069316083285912,-0.0254158972048352,Chemicals,2.0
2022-06-02,99.68063354492188,100.88216464963158,98.47910949169932,99.17229888638096,413036.0,98.68474578857422,103.25378860473631,-0.4639761304972408,-0.0032346539704521,-0.0050996331028716,0.0120538068627766,-0.0120537361219826,Chemicals,2.0
2022-06-03,98.57152557373048,100.835941264157,97.78591239857144,100.835941264157,367170.0,98.65932884216308,103.18909072875977,-0.4735629538586009,-0.0111266143858483,0.0229723104846621,0.0229723104846621,-0.0079699808903879,Chemicals,2.0
2022-06-06,97.92454528808594,98.802589355724,96.53816659848688,98.29424768227636,288982.0,98.70323066711424,103.06431671142576,-0.4791552729815928,-0.0065635616561559,0.0037753802491784,0.0089665370929723,-0.0141576219273774,Chemicals,2.0
2022-06-07,97.55485534667967,98.15561383757868,96.44574810270076,97.2775767728132,321695.0,98.89270324707032,102.92383041381837,-0.4823507708580765,-0.0037752530820403,-0.0028422836862515,0.0061581608497502,-0.0113690624627295,Chemicals,2.0
2022-06-08,96.76922607421876,98.15560471168024,95.89118909108768,96.445739135775,396667.0,99.09603805541992,102.76254806518554,-0.4891415335775133,-0.0080532052420051,-0.0033428699553268,0.0143266479820578,-0.0090735145743301,Chemicals,2.0
2022-06-09,95.84497833251952,96.76923080265564,94.96694130648493,95.79876993990476,282214.0,99.28550987243652,102.58786422729492,-0.497130476107868,-0.0095510502583781,-0.0004821159482601,0.0096432018266994,-0.0091610123066477,Chemicals,2.0
2022-06-10,94.64344787597656,95.70633955419892,94.08889784213898,94.9669348080913,235643.0,99.20232696533203,102.4011651611328,-0.507516173938349,-0.0125361858017687,0.0034179537979073,0.0112304834838139,-0.0058593600115275,Chemicals,2.0
2022-06-13,92.28660583496094,95.70634413503122,90.39189254103788,92.42524511292764,490245.0,98.8742172241211,102.1340560913086,-0.5278880664183687,-0.0249023265097452,0.0015022686847387,0.0370556297864708,-0.0205307506629015,Chemicals,2.0
2022-06-14,93.39572143554688,94.64346094687424,91.63964020962936,92.42525345368826,440675.0,98.68012466430665,101.88820526123048,-0.5183011771106268,0.0120181643972192,-0.0103909254829017,0.0133597074057447,-0.0188025875160608,Chemicals,2.0
2022-06-15,95.6139144897461,97.78591341928056,93.1184356599017,93.39571421943404,744279.0,98.49296340942382,101.69642303466796,-0.4991277282270521,0.0237504782885585,-0.0231995550244931,0.0227163477316618,-0.026099536277348,Chemicals,2.0
2022-06-16,93.25707244873048,97.04650603603056,92.33282001029208,96.49195598326482,980313.0,98.13019409179688,101.42838973999024,-0.5194996207070719,-0.0246495717029593,0.0346878091880138,0.0406342756404172,-0.0099108026251468,Chemicals,2.0
2022-06-17,96.12225341796876,97.46241663060546,91.68583890116022,92.4252436711238,656567.0,97.68655281066894,101.19778869628908,-0.4947337867541234,0.0307234710891601,-0.0384615384615383,0.0139422783484826,-0.0461538754976711,Chemicals,2.0
2022-06-20,93.30329132080078,96.90787764592184,90.761596829579,96.76923835428502,657350.0,97.17128257751465,100.8960203552246,-0.5191001175261296,-0.0293268415682086,0.0371471036489743,0.0386330029101285,-0.0272412093425812,Chemicals,2.0
2022-06-21,93.53434753417967,95.56770720756684,92.61009506031829,93.21086057862556,624649.0,96.64907989501953,100.68066955566408,-0.5171029313533273,0.0024763993864318,-0.0034584830501535,0.0217391763239072,-0.0098814232228824,Chemicals,2.0
2022-06-22,95.79876708984376,96.67680408975632,92.6100919318468,93.11843359589297,782463.0,96.5081314086914,100.38213592529296,-0.4975299133424284,0.0242094975306968,-0.0279787890321916,0.0091654311071571,-0.0332851377409323,Chemicals,2.0
2022-06-23,97.23135375976562,98.71016330331771,95.8449751013004,96.12225365358805,636120.0,96.42494850158693,99.9320246887207,-0.4851470293391451,0.0149541242903297,-0.0114068154282608,0.0152091839346992,-0.0142585555467078,Chemicals,2.0
2022-06-24,97.23135375976562,98.89501097051848,96.67680370667684,98.84879552797504,285028.0,96.33945503234864,99.44864044189453,-0.4851470293391451,0.0,0.016634981471159,0.0171102956651549,-0.0057034077141303,Chemicals,2.0
2022-06-27,97.23135375976562,99.81926340949528,96.12225365358805,99.81926340949528,307004.0,96.17771072387696,99.07893936157228,-0.4851470293391451,0.0,0.0266159993629599,0.0266159993629599,-0.0114068154282608,Chemicals,2.0
2022-06-28,97.50862884521484,97.7396919467438,95.84497169361194,95.84497169361194,257951.0,96.1753993988037,98.85249740600584,-0.4827503399854005,0.0028517044628864,-0.0170616403010218,0.0023696682464455,-0.0170616403010218,Chemicals,2.0
2022-06-29,97.83212280273438,98.2018252020276,96.30710481282908,97.00029416719632,329718.0,96.0667999267578,98.722177734375,-0.4799541474507137,0.0033175931335579,-0.0085026125541131,0.003778946921541,-0.0155881110029709,Chemicals,2.0
2022-06-30,96.81544494628906,98.80258914068683,95.38285081622664,97.8783366829657,274300.0,95.92354049682618,98.58631271362304,-0.4887420303965711,-0.010392065789018,0.0109785348532591,0.020525074232734,-0.0147971651719123,Chemicals,2.0
2022-07-01,96.12225341796876,98.34046067637304,95.24421642368767,96.12225341796876,547189.0,95.80107688903809,98.30164276123048,-0.4947337867541234,-0.0071599271036235,0.0,0.0230769377488357,-0.0091345860407902,Chemicals,2.0
2022-07-04,96.07603454589844,97.18514166125186,95.42906068389028,96.95407856032234,329543.0,95.70865135192872,98.0382307434082,-0.4951332899350656,-0.0004808342545751,0.0091390534442221,0.0115440559198305,-0.0067339775737629,Chemicals,2.0
2022-07-05,97.0465087890625,98.52531132221756,96.12225632440476,96.12225632440476,402016.0,95.68323402404783,97.87001678466795,-0.486744778277387,0.010101106355513,-0.0095238095238096,0.0152380807059151,-0.0095238095238096,Chemicals,2.0
2022-07-06,96.95408630371094,98.5253126949256,95.79877070679228,97.92454717423053,230938.0,95.69247703552246,97.71659088134766,-0.4875436527465079,-0.0009523525009276,0.0100094891047666,0.0162058810630503,-0.011916110408174,Chemicals,2.0
2022-07-07,96.44573974609376,98.1556053328192,96.12225280560295,98.1556053328192,468954.0,95.72251510620116,97.58257431030272,-0.4919376601658183,-0.0052431679467823,0.0177287829532637,0.0177287829532637,-0.0033540822159944,Chemicals,2.0
2022-07-08,97.27757263183594,97.9245465413342,96.30710471610178,97.0465095139456,463730.0,95.85422134399414,97.46426986694335,-0.4847475261582029,0.0086248795222277,-0.002375296912114,0.0066508023585956,-0.0099762760262025,Chemicals,2.0
2022-07-11,106.2428207397461,108.0913257168725,97.000295854114,97.04651129913692,3439674.0,96.5520320892334,97.54098281860352,-0.4072543945301102,0.0921615112852446,-0.0865593493901727,0.0173988695354252,-0.0869943476771264,Chemicals,2.0
2022-07-12,105.59584045410156,107.2132822116042,104.99507496244614,105.59584045410156,1147370.0,97.16203804016114,97.64912033081056,-0.4128467136531021,-0.0060896376916552,0.0,0.0153172866520787,-0.0056892912549576,Chemicals,2.0
2022-07-13,106.38146209716795,109.29285890319532,105.50342503651088,105.50342503651088,1779532.0,97.70041542053222,97.78313690185549,-0.406056016880047,0.0074398919473337,-0.0082536660368052,0.027367520135868,-0.0082536660368052,Chemicals,2.0
2022-07-14,102.63824462890624,107.398139440781,100.5124610234477,106.47388692562286,1602559.0,98.16947402954102,97.85892578125,-0.4384113561287897,-0.035186745833994,0.0373704978157467,0.0463754502922804,-0.0207114181769615,Chemicals,2.0
2022-07-15,101.43670654296876,106.75115813861404,101.02079576042593,103.37763528064625,922055.0,98.435196685791,97.90606262207032,-0.4487971199056524,-0.0117065338586188,0.0191343824521283,0.0523917995444189,-0.0041001999839835,Chemicals,2.0
2022-07-18,102.22232055664062,104.44052786857134,100.37381563861284,102.4071752793354,1810282.0,98.881148147583,98.00957885742189,-0.4420064890789792,0.0077448690956767,0.0018083596780837,0.0216998332639262,-0.0180831828896268,Chemicals,2.0
2022-07-19,108.87694549560548,109.98604565642,102.68444961851156,104.07082834527316,3623058.0,99.6482780456543,98.3118096923828,-0.384485746749964,0.0650995291706136,-0.0441426523168424,0.0101867310454561,-0.0568760985064911,Chemicals,2.0
2022-07-20,110.9103012084961,112.62016694182968,108.50724609260942,109.80120101700597,2690773.0,100.40385475158692,98.6759651184082,-0.3669099808582493,0.0186757233465251,-0.0099999745686848,0.0154166539510092,-0.021666653951009,Chemicals,2.0
2022-07-21,112.3428955078125,113.12850873169144,107.9526960815329,110.0784726254708,3830708.0,101.15943183898926,99.0817121887207,-0.3545270309085842,0.0129166928924241,-0.0201563514284197,0.0069929942639257,-0.039078567509187,Chemicals,2.0
2022-07-22,107.21328735351562,113.4057761300636,106.47388255117252,112.89744149850368,2290832.0,101.65852851867676,99.29983581542967,-0.3988659488188133,-0.0456602807957727,0.0530172545334388,0.057758594381398,-0.0068965780323949,Chemicals,2.0
2022-07-25,112.29666900634766,113.12849759446972,105.36477585780769,108.13753311722368,2665356.0,102.41179428100584,99.56879318237304,-0.3549266000359082,0.0474137280771042,-0.037037037037037,0.0074074199660814,-0.0617283950617284,Chemicals,2.0
2022-07-26,111.04894256591795,114.56109793878228,109.70877217043432,112.75880833113364,1575192.0,103.08880996704102,99.84422058105469,-0.3657116032081861,-0.0111109835355771,0.0153974069964755,0.0316270942497225,-0.012068285969388,Chemicals,2.0
2022-07-27,115.06942749023438,117.38005856433549,110.12467840195532,110.4481653420322,4017597.0,103.95067520141602,100.15846633911131,-0.3309596405520807,0.0362046214166323,-0.040160642570281,0.0200803212851405,-0.0429718752941453,Chemicals,2.0
2022-07-28,113.49819946289062,117.05656985286078,112.06560539803256,113.96032567071757,1900489.0,104.7848129272461,100.41818115234376,-0.3445409022054272,-0.0136546088879871,0.0040716611365982,0.0313517783260834,-0.0126221743749023,Chemicals,2.0
2022-07-29,112.8974380493164,115.30049300628434,111.97318560036824,114.4224560003782,1333811.0,105.62357215881347,100.57622833251952,-0.3497337181474769,-0.005293136071032,0.0135079943124629,0.0212852921951889,-0.0081866556488592,Chemicals,2.0
2022-08-01,115.11564636230467,117.749764454969,112.1580342684382,113.17471056103837,3401145.0,106.5755527496338,100.80636734008787,-0.3305601373711385,0.0196479951300516,-0.0168607471060675,0.0228823637437949,-0.0256925290985896,Chemicals,2.0
2022-08-02,115.76261901855467,117.38006080124906,113.2671402315637,113.2671402315637,1460163.0,107.5113582611084,101.04205169677736,-0.3249678841945284,0.0056201973988294,-0.021556861862213,0.0139720558882234,-0.021556861862213,Chemicals,2.0
2022-08-03,112.71258544921876,115.94746908139872,111.8807638707047,115.5315582921417,942614.0,108.2992832183838,101.3239486694336,-0.3513315330321005,-0.0263473096513743,0.025010275753039,0.0287002877210851,-0.007380023936092,Chemicals,2.0
2022-08-04,113.2209243774414,114.69972687738006,109.29285149087713,113.40577204562628,1406175.0,109.13804244995116,101.6104669189453,-0.3469375915591718,0.0045100458497749,0.0016326281489158,0.0130612120336415,-0.0346938775510203,Chemicals,2.0
2022-08-05,114.83837127685548,116.82551553017288,112.48152461919044,113.2671448727367,1730665.0,110.01608238220214,101.9284098815918,-0.3329568267248831,0.0142857595299436,-0.0136820679939009,0.0173038352183414,-0.020523163394429,Chemicals,2.0
2022-08-08,113.68305206298828,116.45580943037824,111.23378164482985,115.43913313929924,1056711.0,110.38809394836426,102.19274612426756,-0.3429430873208036,-0.0100603935864077,0.0154471668770641,0.024390243902439,-0.0215447278526739,Chemicals,2.0
2022-08-10,112.38909912109376,114.42245878923136,111.74212521165578,112.29667528424358,731744.0,110.72775688171389,102.48943099975584,-0.3541276596204055,-0.0113821094561887,-0.0008223558830255,0.0180921431352232,-0.005756553922911,Chemicals,2.0
2022-08-11,111.37242126464844,113.6830524112179,110.4943842495467,112.66637611702468,717252.0,110.9773048400879,102.71679718017576,-0.3629155425662629,-0.0090460539713899,0.0116182699243061,0.0207468879668049,-0.0078837921015949,Chemicals,2.0
2022-08-12,114.88458251953124,117.98082682115216,111.37242038392486,111.83454660958432,2698734.0,111.58962173461914,103.02087615966796,-0.3325573894903226,0.0315352868780418,-0.0265486964661112,0.0269509122435513,-0.0305712225137719,Chemicals,2.0
2022-08-16,118.58159637451172,121.16950614717948,114.46866859478928,116.31717356055572,4114328.0,112.44686622619628,103.4210775756836,-0.3006014215297586,0.0321802436314894,-0.0190959042818444,0.0218238736177447,-0.0346843684472987,Chemicals,2.0
2022-08-17,118.3043212890625,121.770268201828,117.3800687789917,119.41342148055264,1723053.0,113.2509662628174,103.82867309570312,-0.3029981108835032,-0.0023382640639573,0.009374976158142,0.029296875,-0.0078125,Chemicals,2.0
2022-08-18,117.01036071777344,119.45963116155724,116.45581064879082,118.48916325222264,851451.0,113.6576370239258,104.217783203125,-0.3141827491294869,-0.01093755965285,0.0126382187472786,0.0209320818153138,-0.004739324497257,Chemicals,2.0
2022-08-19,115.06942749023438,118.3043109939759,114.14517506059394,117.47248239700222,921732.0,113.8655933380127,104.58378723144531,-0.3309596405520807,-0.0165877039916196,0.0208835218804908,0.0281124497991966,-0.0080321285140562,Chemicals,2.0
2022-08-22,113.3133544921875,116.96415607882857,112.85122824462437,115.06943564322486,753876.0,113.91411628723144,104.93315475463868,-0.3461386511436691,-0.0152609866612563,0.0154975656568214,0.0322186348025974,-0.0040783034765333,Chemicals,2.0
2022-08-23,113.17471313476562,114.14518105746838,112.48152377611704,112.7588023401712,553956.0,114.21218757629394,105.30378005981446,-0.3473370287937323,-0.0012235217820811,-0.0036749445443629,0.0085749536784522,-0.0061249491114075,Chemicals,2.0
2022-08-24,115.20806884765624,116.08610585109284,113.72926634379571,114.83836645881948,811256.0,114.35775756835938,105.76220932006837,-0.3297612629020175,0.0179665196983477,-0.0032089973604682,0.0076213151753949,-0.0128359282353391,Chemicals,2.0
2022-08-25,114.9307861328125,117.74975881272736,114.14517299215164,116.45580402438142,792697.0,114.55184974670412,106.19291061401368,-0.3321580182021439,-0.0024067994335571,0.0132690112273889,0.0245275680674219,-0.0068355326461704,Chemicals,2.0
2022-08-26,116.455810546875,116.91793677920388,114.97700801371997,115.53155808221727,979388.0,114.62116889953612,106.60974853515626,-0.3189761278369761,0.0132690679788808,-0.0079365079365077,0.0039682539682539,-0.0126984005882625,Chemicals,2.0
2022-08-29,119.8293228149414,120.5225121426861,111.83454487614192,114.14517596862422,2128299.0,114.93772506713869,107.14119354248048,-0.2898164183574807,0.0289681747284608,-0.047435358164341,0.0057848055172207,-0.0667180432217431,Chemicals,2.0
2022-08-30,127.08470916748048,128.93321402809838,120.29144816352054,121.30813147804956,8924334.0,115.64708862304688,107.7604426574707,-0.227102860086416,0.0605476704874977,-0.0454545454545454,0.0145454545454546,-0.05345458984375,Chemicals,2.0
2022-09-01,129.67262268066406,132.9999230677486,125.6983342905876,126.62258674860662,7342612.0,116.37493743896484,108.48782928466797,-0.2047336495408303,0.0203636891498337,-0.0235210476120973,0.0256592356836835,-0.0306486312061696,Chemicals,2.0
2022-09-02,131.15142822265625,134.2476798359664,127.8241275800727,131.05901143154176,4524178.0,117.14437789916992,109.2401708984375,-0.1919512623566047,0.0114041461599333,-0.0007046571460708,0.0236082187992161,-0.0253699154303892,Chemicals,2.0
2022-09-05,133.50827026367188,135.865116949721,131.3362853592532,132.81508089147945,3496410.0,118.18416213989258,109.99436096191408,-0.1715793698765849,0.0179703879168925,-0.0051921081055386,0.0176531886855733,-0.0162685420171283,Chemicals,2.0
2022-09-06,131.5211181640625,135.12569685062851,130.59686577233046,134.8946337526955,1568896.0,119.09917182922364,110.68015625,-0.188755764480121,-0.0148841123900778,0.0256499916950585,0.0274068433790957,-0.0070274067361494,Chemicals,2.0
2022-09-07,130.22715759277344,131.24384087453984,128.65593133247555,130.3195884740149,1280622.0,119.86861114501951,111.34007232666016,-0.1999404027261047,-0.0098384243485137,0.0007097665567614,0.007806998943689,-0.0120652733987421,Chemicals,2.0
2022-09-08,131.5211181640625,133.3234075073455,129.99609325592127,131.5211181640625,1474693.0,120.76051445007325,112.02586761474608,-0.188755764480121,0.0099361807107495,0.0,0.0137034216895479,-0.0115952854524767,Chemicals,2.0
2022-09-09,129.30291748046875,133.4620536780918,128.0551850829661,132.4453844026793,1279059.0,121.606205368042,112.66175338745116,-0.2079292793100776,-0.0168657377199813,0.0243031401258617,0.0321658341409913,-0.0096496848007403,Chemicals,2.0
2022-09-12,129.9499053955078,131.89082715765008,129.1180696948979,130.504448426274,1586227.0,122.53507957458496,113.30410903930664,-0.2023368942407039,0.0050036606106493,0.0042673600190659,0.0149359228560805,-0.0064012028179487,Chemicals,2.0
2022-09-13,129.62640380859375,131.24384556734626,129.16427759180732,130.59687168443983,802668.0,123.27217063903808,113.96032821655274,-0.2051331527217725,-0.0024894330313629,0.0074866527754566,0.0124777183600712,-0.0035650623885917,Chemicals,2.0
2022-09-14,130.5506591796875,131.2438485204646,126.8074339188965,126.8074339188965,1011941.0,123.87062377929688,114.64889633178711,-0.1971441442450361,0.0071301474386229,-0.0286725879770464,0.0053097345132744,-0.0286725879770464,Chemicals,2.0
2022-09-15,137.2052764892578,138.5454397515145,128.8407888067287,131.24385087234126,6408579.0,124.81567153930663,115.4714811706543,-0.1396234678624028,0.0509734485554073,-0.0434489530538083,0.0097675781613371,-0.060963309112853,Chemicals,2.0
2022-09-16,136.74313354492188,142.10380004189335,134.98705970591809,138.40679060990914,8280295.0,125.80231018066408,116.26541366577148,-0.1436181039935346,-0.00336825926933,0.0121662932672281,0.0392024546900589,-0.0128421354219361,Chemicals,2.0
2022-09-19,132.63021850585938,137.57497445371274,131.75218155237323,136.7893542778201,2061857.0,126.68034973144532,116.97893630981446,-0.1791690070651427,-0.0300776714152989,0.0313588850174215,0.0372822724983668,-0.0066201877926285,Chemicals,2.0
2022-09-20,132.90750122070312,136.60451091194398,132.6302226732655,133.69310731830814,1281462.0,127.6600570678711,117.70817153930663,-0.1767722517650163,0.0020906450880309,0.0059109236904577,0.0278164110925664,-0.00208625205418,Chemicals,2.0
2022-09-21,125.60589599609376,134.01659850924207,124.82028991489202,132.90749844562214,2460883.0,128.2816162109375,118.2747380065918,-0.2398853132170234,-0.05493749530724,0.0581310486392729,0.066961048654992,-0.006254531883011,Chemicals,2.0
2022-09-22,124.72786712646484,126.43773982509812,122.50966685529448,123.9884623350836,1142302.0,128.75760612487792,118.64443893432616,-0.2474747525664357,-0.0069903475682082,-0.0059281442745392,0.0137088265680003,-0.0177843197536703,Chemicals,2.0
2022-09-23,120.19903564453124,125.51348730725816,119.32099862519712,124.58923484417522,1596037.0,129.02101860046386,118.93650283813476,-0.2866207226418517,-0.0363097003602386,0.0365244128299602,0.0442137628994256,-0.0073048590999579,Chemicals,2.0
2022-09-26,116.68687438964844,119.22856868328434,113.22092762559949,118.30431621287129,1339799.0,129.03257179260254,119.14261108398438,-0.316978875717792,-0.0292195460308803,0.0138613861386138,0.0217821782178218,-0.0297029702970297,Chemicals,2.0
2022-09-27,120.84601593017578,121.95511612385408,116.455816498678,118.02704294830345,924450.0,129.08340644836426,119.50676651000975,-0.2810284035188597,0.0356436108369726,-0.0233269831874403,0.0091777969272826,-0.0363288718929254,Chemicals,2.0
2022-09-28,118.44294738769533,121.44676788979343,118.21189132363598,120.15282008392512,714207.0,128.651318359375,119.8468913269043,-0.3017998651262036,-0.0198853766421968,0.014436255884725,0.025360906397118,-0.0019507794187443,Chemicals,2.0
2022-09-29,117.56491088867188,121.30813619765122,116.7330893102202,120.43009917529147,614377.0,128.0459327697754,120.15374313354492,-0.3093893704219977,-0.0074131598241083,0.0243711177507104,0.0318396473972066,-0.0070754238842519,Chemicals,2.0
2022-09-30,118.72023010253906,119.87554572070891,116.1785357425654,117.84219305332472,595570.0,127.42437286376952,120.3506088256836,-0.2994031098260772,0.0098270751462672,-0.0073958502982681,0.00973141323237,-0.0214091091112138,Chemicals,2.0
2022-10-03,115.20806884765624,119.96797035664908,114.23760095839556,119.96797035664908,796891.0,126.50936279296874,120.4365641784668,-0.3297612629020175,-0.0295835111829664,0.0413156956505105,0.0413156956505105,-0.0084236104204123,Chemicals,2.0
2022-10-04,117.93460845947266,120.29144792111931,117.10277986357356,117.2876345801547,643907.0,125.83003730773926,120.5483984375,-0.3061938065991323,0.0236662209434463,-0.0054858695659322,0.019984290382891,-0.0070533035786942,Chemicals,2.0
2022-10-06,121.3543472290039,123.71119375288444,119.08993158957868,119.1361329288334,1137266.0,125.3863967895508,120.83121963500976,-0.2766345279923129,0.0289969061177357,-0.0182788202550716,0.0194211956777534,-0.0186595345871881,Chemicals,2.0
2022-10-07,124.77408599853516,126.66880642132988,120.614949798584,122.00132853190104,1288539.0,125.0490451812744,121.08076797485352,-0.2470752493854935,0.0281797796915999,-0.0222222222222221,0.0151852077907985,-0.0333333333333332,Chemicals,2.0
2022-10-10,122.417236328125,124.58923526489376,121.53919930582587,123.24907200949264,512910.0,124.70476112365722,121.30813385009766,-0.267447207811895,-0.0188889355634135,0.0067950862665941,0.0177425908468231,-0.0071724950557259,Chemicals,2.0
2022-10-11,126.02182006835938,127.5468308833848,122.1399487156176,123.06420111332328,1903762.0,124.5083568572998,121.52718170166015,-0.2362901802668338,0.0294450671192471,-0.023469102044644,0.0121011648157296,-0.0308031684563522,Chemicals,2.0
2022-10-12,124.08089447021484,127.08471500673774,122.00132640646822,127.0384995625042,853019.0,124.23108139038088,121.73883560180664,-0.2530670057430458,-0.0154015042561017,0.023836103897521,0.0242085661080073,-0.0167597765363128,Chemicals,2.0
2022-10-13,126.16046142578124,126.89986621810212,123.11042547181604,123.66498259180004,680214.0,124.01157150268554,122.00409606933594,-0.2350918026167706,0.016759767605202,-0.0197801974230196,0.0058608282180061,-0.0241758465330241,Chemicals,2.0
2022-10-14,128.1013946533203,130.78172110545847,127.13092676445196,128.00896376753357,1833476.0,123.55637741088869,122.26381103515624,-0.2183149111941768,0.01538463957411,-0.0007215447266353,0.0209234759652063,-0.0075757792605982,Chemicals,2.0
2022-10-17,128.6559295654297,130.1347390271476,126.66879257278272,127.36198186365569,931671.0,123.15201721191406,122.52167724609374,-0.2135216643794512,0.0043288749010899,-0.0100574276377674,0.0114942969726539,-0.0154453587903725,Chemicals,2.0
2022-10-18,129.81124877929688,131.15141195955562,128.28623793675635,128.9332118062289,877089.0,123.01106872558594,122.86365051269532,-0.2035354037835307,0.0089799142392394,-0.0067639513626495,0.0103239372000594,-0.0117479098065941,Chemicals,2.0
2022-10-19,127.77790832519533,131.10522297159795,127.13093439477646,130.50445038387232,540756.0,122.75458908081056,123.1547901916504,-0.2211110377824818,-0.0156638232296695,0.021338133441173,0.0260398271502035,-0.0050632690650429,Chemicals,2.0
2022-10-20,128.60972595214844,129.76504154317735,125.9293994221508,126.99228412470798,504536.0,122.90478057861328,123.43021728515625,-0.2139210356676299,0.0065098704295279,-0.012576357001509,0.0089831121439349,-0.020840776311077,Chemicals,2.0
2022-10-21,126.53015899658205,130.04232124466787,125.2362111644853,129.30291643933816,458536.0,122.99489517211914,123.68715942382812,-0.2318962387939051,-0.0161695932416506,0.0219138066745891,0.0277575107463565,-0.0102263985310544,Chemicals,2.0
2022-10-24,128.79457092285156,129.76502461030375,126.76120446559328,126.76120446559328,297590.0,123.42467193603515,124.01526885986328,-0.2123232867293881,0.0178962228786158,-0.0157876721253745,0.0075348959237846,-0.0157876721253745,Chemicals,2.0
2022-10-25,129.76504516601562,131.7059810543215,128.00897105981423,130.78172855569468,1203023.0,124.07858047485352,124.38312133789064,-0.2039347750717094,0.0075350555245483,0.0078348016476883,0.0149573090798276,-0.013532720648729,Chemicals,2.0
2022-10-27,119.13613891601562,128.00896835665557,118.76644356556127,128.00896835665557,3175289.0,123.9930866241455,124.46815246582032,-0.2958081087686512,-0.0819088548568826,0.0744763891239987,0.0744763891239987,-0.0031031335564345,Chemicals,2.0
2022-10-28,119.9679718017578,121.07707193014156,117.47248593566444,119.92175635828906,1165127.0,124.06933784484865,124.49587997436524,-0.2886179747610358,0.0069822045041142,-0.0003852315145005,0.0092449685672479,-0.0208012674434228,Chemicals,2.0
2022-10-31,117.5186996459961,120.8922224763508,116.6406555934454,120.5687284798136,698972.0,124.06702728271485,124.4801675415039,-0.3097888076565582,-0.0204160503755872,0.025953561799145,0.0287062641138546,-0.0074715262779085,Chemicals,2.0
2022-11-01,116.27096557617188,118.25810278016912,115.39292148345308,117.79597653710243,938951.0,123.94456405639647,124.46537963867188,-0.3205738767752179,-0.010617323656429,0.0131160083979133,0.0170905710995874,-0.007551705521389,Chemicals,2.0
2022-11-02,116.13232421875,117.51870292318836,115.20807174912444,116.2709634994912,711055.0,123.99077682495115,124.4866375732422,-0.3217722544252811,-0.001192398779307,0.0011938044095289,0.0119379226564597,-0.0079586151043066,Chemicals,2.0
2022-11-03,115.30049896240234,116.17853601366556,114.79215726862664,116.17853601366556,570233.0,123.85907135009764,124.52638046264649,-0.3289623224865148,-0.0071627366621958,0.0076152059979335,0.0076152059979335,-0.0044088420982589,Chemicals,2.0
2022-11-04,119.41342163085938,121.5854206734493,115.57777935042724,115.85505087290524,1825757.0,123.76202507019045,124.65115463256836,-0.2934113534685249,0.035671334516932,-0.0297987505035577,0.0181889021596264,-0.0321206965519269,Chemicals,2.0
2022-11-07,120.89222717285156,121.81647965260888,119.69069612857233,119.96797469309423,1010105.0,123.56793212890624,124.76483779907228,-0.2806289662842993,0.0123839139838367,-0.0076452597604627,0.0076452597604625,-0.0099388610200826,Chemicals,2.0
2022-11-09,118.99750518798828,121.8164780343955,118.25810039340998,121.8164780343955,713104.0,123.3969455718994,124.84617218017578,-0.2970064204723326,-0.0156728189162584,0.0236893440913228,0.0236893440913228,-0.006213615935983,Chemicals,2.0
2022-11-10,115.7164077758789,119.27478546815802,112.75880265790562,119.22857002352316,978525.0,122.8816749572754,124.83138412475586,-0.3253673214290888,-0.0275728252195372,0.0303514628145618,0.0307508482217233,-0.0255590816792516,Chemicals,2.0
2022-11-11,119.32099151611328,120.56872380515198,116.22474030806914,116.54822724057766,1468007.0,122.64367980957032,124.82121749877928,-0.2942102938840276,0.0311501524245012,-0.0232378581530743,0.0104569386591981,-0.0259489228902863,Chemicals,2.0
2022-11-14,120.19903564453124,121.49298345165802,117.28763897552264,119.92175708501168,950032.0,122.3456085205078,124.68350402832031,-0.2866207226418517,0.0073586727470278,-0.0023068284868738,0.0107650431651831,-0.0242214644518329,Chemicals,2.0
2022-11-15,119.2747802734375,120.89222204439818,118.0270338375072,120.52251260639476,503686.0,121.90427780151369,124.47554718017578,-0.294609731118588,-0.0076893742627609,0.0104609904130348,0.0135606350919506,-0.0104611086523894,Chemicals,2.0
2022-11-16,123.48013305664062,124.21952373483364,118.85887080306834,119.2747815852952,2645558.0,121.64548797607422,124.32212127685548,-0.2582598216850954,0.0352576862733458,-0.0340569075141539,0.0059879323085425,-0.037425147990831,Chemicals,2.0
2022-11-17,124.86651611328124,126.16046394848652,123.20285882303617,123.84983274063876,1351024.0,121.39825134277343,124.14928619384766,-0.2462763089699907,0.01122757987315,-0.0081421617603243,0.0103626486545951,-0.0133234860876216,Chemicals,2.0
2022-11-18,123.11042785644533,125.60590673876357,121.81648002205029,125.18999594220612,2241225.0,121.16487731933594,123.9810723876953,-0.2614554514543427,-0.0140637242993372,0.0168918922789036,0.0202702478235892,-0.0105104649291273,Chemicals,2.0
2022-11-21,123.2028579711914,124.12711044794004,122.37102228033343,122.87936396313994,1201976.0,120.89453392028808,123.84058639526368,-0.26065651103884,0.000750790297422,-0.0026257021418051,0.0075018752971198,-0.0067517564491277,Chemicals,2.0
2022-11-22,122.74072265625,123.98845494580786,120.8460023984334,123.66497506465102,467415.0,120.70506210327147,123.66497848510744,-0.26465108122359,-0.003751011320285,0.0075301203088846,0.0101655934766839,-0.0154367696133173,Chemicals,2.0
2022-11-23,125.69833374023438,126.89986475099305,122.83314549173092,123.3877026053036,1235510.0,120.55025024414064,123.59288681030272,-0.2390863068551388,0.024096412502536,-0.0183823529411764,0.0095588459688074,-0.0227941625258502,Chemicals,2.0
2022-11-24,125.3286361694336,127.6392672632434,124.91271129016944,126.6225839407779,936795.0,120.32842979431152,123.50046142578124,-0.2422818706780043,-0.0029411493358757,0.010324438299919,0.0184365773412393,-0.0033186739437733,Chemicals,2.0
2022-11-25,126.02182006835938,126.94607246606506,123.94225217352158,125.32863077008012,581908.0,120.6727138519287,123.42836975097656,-0.2362901802668338,0.0055309298825262,-0.0055005498087811,0.007334066411708,-0.0165016494263433,Chemicals,2.0
2022-11-28,127.1771469116211,128.70215786270063,124.77408482200778,124.77408482200778,812461.0,121.03317260742188,123.36089950561524,-0.2263038537245314,0.0091676730476914,-0.0188953923560124,0.011991234180928,-0.0188953923560124,Chemicals,2.0
2022-11-29,128.05517578125,131.24384381388,127.08470791836972,128.0089603395942,2342101.0,121.55999641418455,123.17789749145508,-0.2187144143751191,0.0069039830736183,-0.0003609025669898,0.0249007352742776,-0.0075785133787804,Chemicals,2.0
2022-11-30,131.33627319335938,131.93703161908738,127.639263550793,127.96274343273402,2369135.0,122.31326179504394,123.06976028442382,-0.1903535134183628,0.0256225286646304,-0.0256861998486792,0.004574200341771,-0.0281491895016959,Chemicals,2.0
2022-12-01,131.84461975097656,133.64692349402728,130.9665826548343,132.16811378254326,1694112.0,123.09887657165528,123.05404830932618,-0.1859595059990524,0.0038705724264672,0.0024536005502362,0.0136699073989885,-0.0066596353935463,Chemicals,2.0
2022-12-02,131.15142822265625,133.46205954513417,130.68930195816068,132.537807016143,1312670.0,123.89142303466797,123.01892684936524,-0.1919512623566047,-0.0052576398614489,0.0105708249789937,0.017618041631656,-0.0035236083263311,Chemicals,2.0
2022-12-05,129.2104949951172,135.2643513474938,128.74836877131705,131.84460600899416,2136383.0,124.38127670288084,123.0910188293457,-0.2087281537791985,-0.0147991772094462,0.0203862001610357,0.0468526674447411,-0.0035765378332278,Chemicals,2.0
2022-12-06,127.63927459716795,129.11807012039142,126.62259121628566,129.11807012039142,892809.0,124.71862907409668,123.14924697875976,-0.2223093494861632,-0.0121601608136289,0.0115857405793833,0.0115857405793833,-0.0079652864221532,Chemicals,2.0
2022-12-07,127.36198425292967,130.31958912887708,124.77407469786104,127.639262795075,2917446.0,125.13685302734376,123.29250595092772,-0.2247061707326714,-0.002172453150595,0.0021770903128728,0.0232220382973451,-0.0203193250344567,Chemicals,2.0
2022-12-08,125.51348876953124,127.59305683569552,125.05136253260586,127.26956282865832,738010.0,125.62670707702635,123.4690382385254,-0.2406840557933807,-0.0145137145455231,0.013991118216398,0.0165684826909942,-0.003681885042443,Chemicals,2.0
2022-12-09,123.2028579711914,126.20667852062456,122.18617460557844,125.51348916306306,859570.0,125.82080039978028,123.5161750793457,-0.26065651103884,-0.0184094221345614,0.0187546882427998,0.0243810947156397,-0.008252108614645,Chemicals,2.0
2022-12-12,120.47631072998048,123.20285259685755,119.5520582935494,123.20285259685755,1066914.0,125.83466415405272,123.5568423461914,-0.2842240332881071,-0.0221305518890518,0.0226313525900372,0.0226313525900372,-0.0076716528820555,Chemicals,2.0
2022-12-13,122.04753875732422,122.92557576361251,120.47631241402304,121.0770708649116,1725642.0,125.97330207824707,123.64649490356446,-0.2706427716347606,0.0130418006479737,-0.007951556436892,0.0071942213274303,-0.0128738879890512,Chemicals,2.0
2022-12-14,126.71501922607422,129.21049807345318,119.69069481577378,122.37102133648204,8122245.0,126.13504638671876,123.80639068603516,-0.2302983579628996,0.0382431347348239,-0.03428163382781,0.0196936311308664,-0.0554340318393372,Chemicals,2.0
2022-12-15,128.93321228027344,130.9203493373108,125.74454425952788,127.08470744471396,3581702.0,126.33838119506837,124.0808935546875,-0.2111249090793249,0.0175053680909104,-0.014336917562724,0.015412142627128,-0.0247311609192989,Chemicals,2.0
2022-12-16,126.02182006835938,132.07566199095373,125.23619988912058,128.42486784061074,2301024.0,126.48395080566408,124.24263778686525,-0.2362901802668338,-0.0225806226372869,0.0190685055250579,0.0480380454695108,-0.0062340012135408,Chemicals,2.0
2022-12-19,127.2695541381836,127.91652800510649,124.8665063320454,126.62258027126072,918471.0,126.68728561401367,124.36094192504883,-0.2255051111481741,0.0099009367516466,-0.0050834928377325,0.0050834928377325,-0.0188815606561256,Chemicals,2.0
2022-12-20,128.2862548828125,128.93322883774752,126.20668667575204,127.03850831738644,992161.0,126.9645622253418,124.43118530273438,-0.2167170303631714,0.0079885621625186,-0.0097262685434683,0.0050432055680946,-0.0162103742833563,Chemicals,2.0
2022-12-21,121.6778335571289,130.31959990097144,120.33767027945125,128.88700573394755,2041595.0,126.76353721618652,124.41639724731444,-0.2738384014040079,-0.0515130894710449,0.0592480320043986,0.0710216979642814,-0.0110140297414849,Chemicals,2.0
2022-12-22,118.11946868896484,124.45058965752766,116.9179376553116,122.1861739227428,1676599.0,126.40307884216308,124.25835021972657,-0.3045959257681268,-0.0292441504269006,0.0344287464117072,0.053599301104495,-0.010172167611227,Chemicals,2.0
2022-12-23,113.45198822021484,117.1489980196516,111.41863565111927,117.1489980196516,1886518.0,125.77458724975584,124.04577209472656,-0.3449403394399877,-0.0395149124911874,0.0325865580448065,0.0325865580448065,-0.0179225820630728,Chemicals,2.0
2022-12-26,117.14900207519533,117.6111283161231,110.63301925751873,111.9269741424139,910566.0,125.27318000793456,123.86554290771484,-0.3129843714794237,0.0325865937915906,-0.0445759489221215,0.0039447731755424,-0.0556213258521326,Chemicals,2.0
2022-12-27,119.8293228149414,120.79979069437856,117.70354644074962,117.98082499244208,967587.0,124.86188735961916,123.70010147094726,-0.2898164183574807,0.0228795866141963,-0.0154260891998367,0.0080987512625427,-0.0177400349451588,Chemicals,2.0
2022-12-28,119.04371643066406,119.8755379808496,117.74976161156164,118.76643787961125,644625.0,124.24725952148438,123.50785720825196,-0.2966069832377722,-0.0065560445959508,-0.0023292161851677,0.0069875300866468,-0.010869576806736,Chemicals,2.0
2022-12-29,120.6611557006836,121.4005604539022,117.98082228462413,119.13613075286288,523000.0,123.68808631896972,123.32485534667968,-0.2826262843498652,0.0135869352748374,-0.0126389055281697,0.0061279435699488,-0.0222137223905629,Chemicals,2.0
2022-12-30,119.8293228149414,122.37101701667191,119.2285643720852,121.07706924607103,546554.0,123.121981048584,123.1658836364746,-0.2898164183574807,-0.0068939575533791,0.010412697007865,0.0212109535631421,-0.0050134510380567,Chemicals,2.0
2023-01-02,122.09375,123.61876084777413,119.69068807317194,120.29144650339262,678698.0,122.76614379882812,123.03556411743163,-0.2702433344002001,0.0188971040799059,-0.0147616360100937,0.0124904906907528,-0.019682104340542,Chemicals,2.0
2023-01-03,121.770263671875,123.20285782978588,121.44676966419482,122.09375767955515,437909.0,122.47269325256347,122.9403662109375,-0.2730394609885051,-0.0026494912976708,0.0026565928160577,0.0117647290455999,-0.0026565928160579,Chemicals,2.0
2023-01-04,119.2747802734375,122.41723293011474,118.2118885565089,121.72404359970302,767190.0,122.06833305358889,122.7499703979492,-0.294609731118588,-0.0204933727101214,0.0205346287006404,0.0263463294543335,-0.0089112863129315,Chemicals,2.0
2023-01-05,119.1823501586914,120.52251338555676,118.30431315508812,119.73690726779512,581253.0,121.75177612304688,122.53831649780274,-0.2954086715340908,-0.0007749342697106,0.0046530137085343,0.0112446450760614,-0.0073671730959675,Chemicals,2.0
2023-01-06,116.455810546875,119.87554184551396,116.22474743071056,119.64447872934952,872154.0,121.41442375183104,122.48470993041992,-0.3189761278369761,-0.0228770418454243,0.0273809281606522,0.0293650551447792,-0.0019841269841269,Chemicals,2.0
2023-01-09,117.2876434326172,118.16568048531796,116.73309334399109,117.2876434326172,656952.0,121.25499038696287,122.43110336303712,-0.3117859938293605,0.0071429058098167,0.0,0.0074861854753285,-0.0047281203065921,Chemicals,2.0
2023-01-10,116.779296875,117.61112549904304,116.08610753021192,117.47248621978808,505737.0,120.99157829284668,122.41631530761718,-0.316180001248671,-0.0043341868140546,0.0059358924341705,0.0071230829976087,-0.0059358924341704,Chemicals,2.0
2023-01-11,115.16185760498048,117.1490018474034,114.46866824493664,117.10278640280576,929087.0,120.413920211792,122.39413314819336,-0.330160700136578,-0.0138503939765182,0.0168539205444473,0.0172552291509493,-0.0060192617109524,Chemicals,2.0
2023-01-12,115.06942749023438,115.9936799198748,114.42245361008064,115.8088322545413,574017.0,119.72073097229004,122.37287521362305,-0.3309596405520807,-0.0008026104881282,0.0064257273233558,0.0080321285140561,-0.0056224654477284,Chemicals,2.0
2023-01-13,114.19139862060548,115.16185950982673,113.77548076680756,114.60730942291644,660751.0,119.12920989990236,122.35069320678711,-0.3385490799014931,-0.007630427028095,0.0036422253106191,0.008498546308602,-0.003642287062091,Chemicals,2.0
2023-01-16,113.40577697753906,114.9770104313882,112.851226897381,114.56109258265452,649805.0,118.43602104187012,122.23054031372072,-0.3453397766745482,-0.0068798670701686,0.0101874493161338,0.0138549683774957,-0.004889963235893,Chemicals,2.0
2023-01-17,112.75880432128906,114.28382234740717,111.83455182685226,113.86790449401845,822671.0,117.65964851379394,122.06787185668944,-0.3509320298511582,-0.005704935616976,0.0098360405593622,0.0135246026711384,-0.0081967213114754,Chemicals,2.0
2023-01-18,111.74212646484376,113.1747135808048,111.0489371034632,112.80501822925798,1186554.0,117.1628631591797,121.92276428222657,-0.3597199127970156,-0.0090163944409027,0.0095120058839102,0.0128204747957054,-0.0062034738671153,Chemicals,2.0
2023-01-19,112.94364166259766,114.28381188776626,112.29666779629991,112.29666779629991,1324359.0,116.90407180786131,121.86730895996094,-0.3493343468592982,0.0107525714407442,-0.0057282894085395,0.0118658315372206,-0.0057282894085395,Chemicals,2.0
2023-01-20,111.83454895019533,113.3133514929584,111.51106199576068,113.17471221206164,628309.0,116.82319984436036,121.71758010864258,-0.3589210383278947,-0.0098198773837627,0.0119834458532412,0.0132231278852983,-0.0028925493729016,Chemicals,2.0
2023-01-23,111.41863250732422,112.52773259526616,110.7254431894889,112.4353087631854,579575.0,116.5366813659668,121.54197204589843,-0.3625161053317025,-0.003719033579295,0.0091248315742373,0.0099543502104018,-0.0062214847035548,Chemicals,2.0
2023-01-24,111.41863250732422,111.92696710951162,111.18756940137912,111.64969561326932,385352.0,116.11614685058592,121.38484909057615,-0.3625161053317025,0.0,0.0020738282345182,0.0045623841430111,-0.0020738282345182,Chemicals,2.0
2023-01-25,108.92315673828124,111.60349042376642,107.12086716693946,111.00272488282349,1070047.0,115.6101188659668,121.09370956420898,-0.3840863095154036,-0.0223972930997777,0.0190920664330265,0.0246075652390926,-0.0165464316800173,Chemicals,2.0
2023-01-27,106.9360122680664,109.47770666300002,105.82691207996292,109.2928589821451,883154.0,114.92386169433594,120.7350994873047,-0.4012626381725578,-0.0182435446209984,0.0220397849526179,0.0237683670919213,-0.0103716247181837,Chemicals,2.0
2023-01-30,107.67540740966795,109.98603846996129,105.73447872931888,106.93600264977955,970721.0,114.31616592407228,120.42639907836914,-0.3948715105268269,0.0069143698733411,-0.0068669789850455,0.0214592274678111,-0.0180257379752882,Chemicals,2.0
2023-01-31,110.81786346435548,111.37241349052556,106.70493607966428,108.59965630818884,1675277.0,113.75237159729004,120.17869918823244,-0.3677089872201338,0.0291845290422866,-0.0200166930386643,0.0050041573518377,-0.037114299591366,Chemicals,2.0
2023-02-01,110.0784683227539,112.62016262809304,108.13753953624683,112.48152334659537,1068435.0,113.16778182983398,119.9254541015625,-0.3741001148658648,-0.0066721656462848,0.0218303820943039,0.0230898407660142,-0.0176322292277559,Chemicals,2.0
2023-02-02,111.04894256591795,112.20425822504843,109.43150064313532,109.98605074922052,621769.0,112.756489944458,119.63246627807617,-0.3657116032081861,0.0088162040946881,-0.0095713817001592,0.0104036619569309,-0.0145651267397034,Chemicals,2.0
2023-02-03,111.55726623535156,112.29667100494994,110.44816613244048,112.29667100494994,661606.0,112.37523574829102,119.35703887939454,-0.3613177936280211,0.0045774741991069,0.0066280287654096,0.0066280287654096,-0.0099419799385476,Chemicals,2.0
2023-02-06,112.48152923583984,112.98987094411784,111.60349215952743,112.15804226306618,661325.0,112.17652168273926,119.08623306274414,-0.3533287192049028,0.0082850990498312,-0.002875911938354,0.0045193349675409,-0.0078060556455576,Chemicals,2.0
2023-02-07,113.0360870361328,113.498213300301,112.48152987794124,113.128510878669,596476.0,111.96394386291504,118.80341186523438,-0.3485352745510319,0.0049302121340316,0.0008176489912168,0.0040883073387036,-0.00490601871254,Chemicals,2.0
2023-02-08,113.26714324951172,113.86790171504444,111.83454909750272,113.03608013154168,541867.0,111.78833618164064,118.5076512145996,-0.3465380883782296,0.0020440924614194,-0.0020399836293306,0.0053039076319716,-0.0126479234039936,Chemicals,2.0
2023-02-09,112.5739517211914,113.3595648968178,111.83454693737444,113.3595648968178,867682.0,111.65894088745117,118.13240478515624,-0.3525298447357819,-0.0061199700851756,0.0069786408277829,0.0069786408277829,-0.006568169390093,Chemicals,2.0
2023-02-10,114.02589416503906,114.46147398732744,112.1383643702117,112.47714949698732,883635.0,111.6067642211914,117.7760302734375,-0.3399796547618728,0.0128976767862217,-0.0135823944148171,0.003820007950632,-0.0165535189059371,Chemicals,2.0
2023-02-13,112.28356170654295,113.68710327388996,110.34763822884396,112.62234683814788,968944.0,111.51137237548828,117.39867294311524,-0.3550398959198401,-0.0152801472968435,0.0030172282251816,0.0124999736917428,-0.0172413793103448,Chemicals,2.0
2023-02-14,110.58963012695312,112.96113346453096,109.67006941686265,112.38035789052844,564958.0,111.37056503295898,117.02625564575196,-0.3696817732316703,-0.0150861938635059,0.0161925468194406,0.0214441746016822,-0.0083150717570431,Chemicals,2.0
2023-02-15,113.203125,113.73550692255854,109.47647369697668,109.47647369697668,1252937.0,111.39278106689451,116.7375326538086,-0.3470914444679104,0.0236323683336916,-0.0329200391157339,0.0047028906892681,-0.0329200391157339,Chemicals,2.0
2023-02-16,116.8329849243164,118.33332865055792,112.4287632173794,112.4287632173794,2477109.0,111.64732398986816,116.52695266723632,-0.3157159365599469,0.0320650152044513,-0.0376967318757628,0.0128417820293937,-0.0376967318757628,Chemicals,2.0
2023-02-17,116.54259490966795,117.60735134609703,115.0422512594984,116.39739917175449,572151.0,111.82727165222168,116.34753479003906,-0.3182259877440051,-0.002485513956838,-0.0012458598337031,0.0091361998353851,-0.0128737793364948,Chemicals,2.0
2023-02-20,116.25220489501952,118.43011883621044,114.4614771314772,116.7845868124066,1502352.0,112.04815444946288,116.20852172851562,-0.3207360389280632,-0.0024917071296852,0.0045795425374324,0.0187343882480133,-0.0154038176321853,Chemicals,2.0
2023-02-21,116.88138580322266,118.23653378228148,115.13905163229526,115.9134240160324,2277901.0,112.32129211425782,116.13662322998049,-0.31529757271381,0.0054122062353251,-0.0082815734989647,0.0115942155352291,-0.0149068575714932,Chemicals,2.0
2023-02-22,114.75186157226562,116.30059880290088,111.7995754568659,116.30059880290088,2561003.0,112.48795356750487,115.9907096862793,-0.3337045927481092,-0.0182195327025145,0.013496401796148,0.013496401796148,-0.0257275662019696,Chemicals,2.0
2023-02-23,113.4451141357422,114.89705676061072,111.02520976096132,114.70346736461308,1409597.0,112.71405143737792,115.72531158447264,-0.3449997571299892,-0.0113875924853777,0.0110921764983655,0.0127986351455489,-0.0213310585759147,Chemicals,2.0
2023-02-24,111.60599517822266,114.17108796404496,110.1540525213592,113.49351767816026,1403621.0,112.94755058288574,115.37876724243164,-0.3608965940874667,-0.0162115307612009,0.0169123755128337,0.0229834677046347,-0.0130095399852387,Chemicals,2.0
2023-02-27,112.28356170654295,112.67074787907517,108.6537051858573,110.8316190982687,1104498.0,113.17795829772948,115.10400207519533,-0.3550398959198401,0.0060710585236779,-0.0129310344827586,0.0034482890161973,-0.0323275862068965,Chemicals,2.0
2023-02-28,115.04225158691406,115.67142819635524,111.60599183297865,112.28356209855406,999086.0,113.38917770385744,114.85945602416992,-0.3311945415640511,0.0245689559401493,-0.0239797939479289,0.0054690915795041,-0.0298695453760251,Chemicals,2.0
2023-03-01,114.65506744384766,115.33264510638664,112.38035878631152,113.05793644885053,800605.0,113.61800765991212,114.58683227539062,-0.3345412544940014,-0.0033655821033187,-0.0139298770704515,0.0059097053243708,-0.0198395823948223,Chemicals,2.0
2023-03-02,113.25152587890624,114.65506747641211,112.81594604104916,114.21948763855502,272211.0,113.72813682556152,114.41830612182618,-0.3466730806217734,-0.0122414263602329,0.0085470085470085,0.0123931363097624,-0.0038461277627536,Chemicals,2.0
2023-03-03,112.38035583496094,114.2194846064642,112.13836540147268,113.29992391319354,567164.0,113.769291305542,114.3035238647461,-0.3542032341739479,-0.0076923470759838,0.0081826407417953,0.0163652157695972,-0.002153316135105,Chemicals,2.0
2023-03-06,113.54191589355467,114.26788720391,112.67074884413591,112.67074884413591,380115.0,113.82231063842774,114.3053224182129,-0.3441630294377152,0.0103359706415202,-0.0076726470798281,0.006393861726236,-0.0076726470798281,Chemicals,2.0
2023-03-08,115.76822662353516,116.0586181095448,112.57395720224044,113.00953704629264,915903.0,113.95891761779784,114.27770690917968,-0.3249194136039057,0.0196078312793984,-0.0238294189839622,0.0025083867523854,-0.0275919353216156,Chemicals,2.0
2023-03-09,116.01021575927734,116.83298178041449,114.70346885688753,116.01021575927734,683695.0,114.09607124328612,114.2013247680664,-0.3228277262659845,0.0020902897349296,0.0,0.007092185940283,-0.0112640675119622,Chemicals,2.0
2023-03-10,114.12268829345705,115.4778361787874,113.34831596327916,115.04224897370165,400832.0,114.17350807189942,114.10290420532226,-0.3391429930159808,-0.0162703556188271,0.0080576500080338,0.0118744826782009,-0.006785437162036,Chemicals,2.0
2023-03-13,112.47715759277344,114.1226970747792,110.8316254957301,114.1226970747792,651437.0,114.09607124328612,113.93922424316406,-0.353366506481674,-0.0144189619548064,0.0146299881435791,0.0146299881435791,-0.0146299224861374,Chemicals,2.0
2023-03-14,111.26719665527344,112.67074557892931,110.6380274458352,112.28355941430142,542293.0,114.04525299072266,113.7679817199707,-0.3638250750640436,-0.0107573925532568,0.0091344330546663,0.0126142202360353,-0.0056545795018771,Chemicals,2.0
2023-03-15,110.39603424072266,112.67074274640314,110.05724173958929,111.60598635916564,433056.0,114.03557319641114,113.53402740478516,-0.3713551626698363,-0.0078294631368291,0.0109601049237388,0.0206049838775945,-0.0030688828947842,Chemicals,2.0
2023-03-16,109.57327270507812,110.7348312949856,108.89570239968728,110.44443980126812,509383.0,113.85408058166504,113.2900875854492,-0.3784668864294921,-0.0074528178598378,0.00795054372917,0.0106007474380533,-0.0061837187907544,Chemicals,2.0
2023-03-17,109.6700668334961,111.70278498710366,109.4280764012818,109.96045092117608,523255.0,113.49593467712404,113.0979933166504,-0.3776302246835999,0.0008833735273974,0.0026477971251794,0.0185348492282191,-0.0022065312733116,Chemicals,2.0
2023-03-20,108.3149185180664,113.05793244815318,107.9277323510255,113.05793244815318,473052.0,113.08455085754396,112.88064468383789,-0.3893437529116169,-0.0123565924099153,0.0437891104473817,0.0437891104473817,-0.003574633783954,Chemicals,2.0
2023-03-21,108.84729766845705,110.15405196095588,108.2181284283202,109.6216700354962,526907.0,112.7143054962158,112.72847442626951,-0.3847420143896375,0.0049151045643064,0.0071143003420981,0.0120053903081651,-0.0057802927000838,Chemicals,2.0
2023-03-22,110.3476333618164,110.83161420989454,108.50850466212712,108.89569081758198,1011731.0,112.3876178741455,112.58967422485352,-0.3717735265159733,0.0137838579872631,-0.0131578947368421,0.0043859649122806,-0.0166666800515694,Chemicals,2.0
2023-03-23,110.88002014160156,111.94477657736672,109.67006796801344,110.34763823123798,732222.0,112.1940258026123,112.47168869018554,-0.3671717220476121,0.0048246325142246,-0.0048014232833263,0.0096027799634721,-0.0109122650955775,Chemicals,2.0
2023-03-24,109.6700668334961,112.1383648111046,108.94409553685324,111.2188041226751,914056.0,112.0052734375,112.36185287475584,-0.3776302246835999,-0.0109122753275141,0.0141217866815959,0.0225065785849838,-0.0066195938199347,Chemicals,2.0
2023-03-27,107.2985610961914,110.20244641616932,106.524196108508,109.52487612882604,863811.0,111.78990173339844,112.206435546875,-0.3981288661094386,-0.0216240019339567,0.0207487874011542,0.0270635998312656,-0.0072169186592279,Chemicals,2.0
2023-03-28,106.62098693847656,108.65370511168042,105.21743798712578,107.44375293894456,586416.0,111.50677299499512,112.05502731323242,-0.4039856302234471,-0.0063148485011593,0.0077167359268841,0.0190648973675022,-0.0131639088293252,Chemicals,2.0
2023-03-29,111.12200927734376,112.28356039642546,106.18539855884173,106.18539855884173,1334694.0,111.3107608795166,112.00935195922852,-0.3650800347096909,0.0422151629628452,-0.0444251390935614,0.0104529348113446,-0.0444251390935614,Chemicals,2.0
2023-03-31,112.38035583496094,113.54191434668182,110.4928334077372,112.71914096485212,664450.0,111.19702529907228,112.00178298950196,-0.3542032341739479,0.0113240083202288,0.0030146294463484,0.0103359568769003,-0.0167958395682221,Chemicals,2.0
2023-04-03,112.4287567138672,114.02589504958402,110.5412269043975,113.1063269726746,399443.0,111.15588684082032,112.01551559448242,-0.353784870327811,0.0004306880730768,0.0060266632720296,0.0142057813534448,-0.0167886745761448,Chemicals,2.0
2023-04-05,111.99317169189452,113.73550579853784,111.46079715955948,113.00953448493014,605422.0,111.136527633667,111.99650619506836,-0.3575499471038982,-0.0038743203669967,0.0090752210842972,0.0155575030184575,-0.0047536338536751,Chemicals,2.0
2023-04-06,110.97681427001952,112.52555156728656,110.78321749225992,112.23516009312812,631411.0,111.00827255249024,111.97935150146483,-0.36633506030172,-0.0090751731245821,0.0113388173141004,0.013955503295479,-0.0017444795026154,Chemicals,2.0
2023-04-10,109.76686096191406,111.605989714227,109.33127375520311,111.02520677194572,603242.0,110.70820426940918,111.94631607055663,-0.3767935629377078,-0.0109027576261245,0.0114638042757575,0.0167548633184568,-0.0039682942820246,Chemicals,2.0
2023-04-11,110.25084686279295,111.70278951493256,109.86366067856328,110.0088564207697,412820.0,110.42023582458496,111.922960357666,-0.3726101223154836,0.0044092169224629,-0.0021949077844674,0.0131694467068042,-0.0035118658518018,Chemicals,2.0
2023-04-12,112.62234497070312,114.55826841630169,110.88001830064157,111.31559812191648,1568748.0,110.34521865844728,111.99694412231446,-0.3521115468360267,0.0215100216949941,-0.0116029092550556,0.0171895146216511,-0.0154705238158094,Chemicals,2.0
2023-04-13,112.13836669921876,115.86501794107323,111.65438582664125,112.96113270560812,1884099.0,110.32827911376953,112.1009912109375,-0.3562949215118691,-0.0042973556589527,0.007337060727808,0.0332326156653435,-0.0043159258229226,Chemicals,2.0
2023-04-17,115.6714324951172,116.1554133842181,112.38036097223856,113.73550893871356,1814333.0,110.54849090576172,112.26091171264648,-0.3257560753497978,0.0315063068947218,-0.0167364016736402,0.0041841004184099,-0.0284518956140493,Chemicals,2.0
2023-04-18,116.01021575927734,117.36536370377732,115.23585078025036,115.91342106001925,963250.0,110.82919998168946,112.36475875854492,-0.3228277262659845,0.0029288412605632,-0.0008343635827636,0.0116812811322748,-0.0066749723199706,Chemicals,2.0
2023-04-19,115.47783660888672,116.8329771143025,114.6550632356476,116.49419198794854,453296.0,111.12442817687987,112.47274612426756,-0.3274294647879638,-0.004589071289164,0.0088013025608033,0.0117350700810712,-0.0071249462009388,Chemicals,2.0
2023-04-20,114.36467742919922,116.155405114387,114.07428596242856,115.86501364761632,382745.0,111.35915870666504,112.5390608215332,-0.3370513056780595,-0.0096395915647231,0.0131188777176933,0.0156580486688853,-0.002539170951192,Chemicals,2.0
2023-04-21,115.96182250976562,116.44580339271964,113.63871279459391,114.70346926010032,543954.0,111.74150390625,112.62715194702147,-0.3232460241657396,0.0139653703964247,-0.0108514442290637,0.0041736225981894,-0.0200334012081955,Chemicals,2.0
2023-04-24,114.84866333007812,116.92978257347708,114.46147715235892,116.49419535418215,515876.0,112.04157218933103,112.67449462890625,-0.3328678650558353,-0.0095993591304048,0.0143278291308863,0.0181205351726014,-0.0033712728254088,Chemicals,2.0
2023-04-25,115.52622985839844,116.4941915788458,114.84865960807004,115.6230245534508,432738.0,112.30050201416016,112.72429748535156,-0.3270111668882087,0.0058996466190726,0.0008378590314166,0.0083787181632586,-0.0058650771444623,Chemicals,2.0
2023-04-26,119.5916748046875,120.85002062385936,114.9938565829891,115.816622577248,2755286.0,112.73608474731444,112.85078811645508,-0.2918705822041579,0.035190665801802,-0.031566179114096,0.0105220185370507,-0.0384459723405277,Chemicals,2.0
2023-04-27,120.85002136230467,121.47919796821613,120.07565640384306,120.99521709981688,1331503.0,113.29508247375487,113.01630950927736,-0.280993781668415,0.0105220247117725,0.0012014539664573,0.005206259782323,-0.0064076526402929,Chemicals,2.0
2023-04-28,124.1894989013672,124.818668148236,120.17245605117414,121.237212528524,2647738.0,114.13962936401369,113.2195816040039,-0.2521282589981278,0.027633239129109,-0.0237724316384263,0.0050662032815553,-0.0323460750363718,Chemicals,2.0
2023-05-02,122.737548828125,126.07701380210386,122.01157753943724,125.88342441243852,987757.0,114.9454574584961,113.42866134643556,-0.2646785149184187,-0.0116914077767182,0.0256309142096267,0.0272081771704213,-0.0059148263560677,Chemicals,2.0
2023-05-03,122.1083755493164,124.04429165341224,121.1888074610367,121.96317981064466,583056.0,115.49477577209473,113.6590362548828,-0.2701169151862901,-0.005126167866442,-0.0011890727234603,0.0158540812240512,-0.0075307535960816,Chemicals,2.0
2023-05-04,122.59235382080078,124.91546343537816,122.05997191861944,122.59235382080078,885882.0,116.00537567138672,113.84682083129884,-0.2659335405104477,0.0039635141267513,0.0,0.0189498736436137,-0.0043427007116572,Chemicals,2.0
2023-05-05,121.67278289794922,123.41511691425276,120.99521266103211,123.07633179579422,520844.0,116.46757698059082,113.94361679077149,-0.2738820579087592,-0.0075010463066541,0.0115354384474151,0.0143198336949759,-0.0055687904951216,Chemicals,2.0
2023-05-08,127.52896118164062,128.9325027719699,122.05997579059682,122.73755344986364,4843288.0,117.24436645507812,114.16334411621094,-0.2232628682206043,0.0481305526528736,-0.0375711343320088,0.0110056694363733,-0.0428842620560068,Chemicals,2.0
2023-05-09,125.35104370117188,130.67483320199386,124.8670628374608,128.01293845158287,1664637.0,117.96307792663576,114.345320892334,-0.2420881861546588,-0.0170778265602487,0.0212355212355213,0.0424710424710426,-0.0038610038610038,Chemicals,2.0
2023-05-10,125.73822021484376,126.70618192479613,124.33467868939752,125.64143290580265,671280.0,118.76164588928222,114.5224575805664,-0.2387415391710903,0.0030887378536302,-0.0007697524974962,0.0076982297689474,-0.0111624096718409,Chemicals,2.0
2023-05-11,125.68983459472656,128.44851662039085,124.81866018931392,126.17381545220348,984870.0,119.53359527587892,114.74121704101564,-0.2391597711244636,-0.0003848123508867,0.0038505966615156,0.0219483304641092,-0.0069311444972589,Chemicals,2.0
2023-05-12,123.26992797851562,127.23856969561494,122.7375534444318,126.12541958572965,1093200.0,120.06597442626952,114.9377133178711,-0.2600767763964393,-0.0192530018359373,0.0231645434863212,0.0321947273124958,-0.0043187705453725,Chemicals,2.0
2023-05-15,126.27061462402344,127.19017538563143,123.60871965783316,123.60871965783316,870170.0,120.77258682250977,115.23100570678712,-0.2341396687563473,0.0243424060897544,-0.0210808743912128,0.0072824604865198,-0.0210808743912128,Chemicals,2.0
2023-05-16,125.06065368652344,130.04566550280148,123.89910255406387,128.64210916574206,3792485.0,121.24204788208009,115.48654754638672,-0.2445982373387169,-0.0095822843747352,0.0286377479538519,0.039860752917328,-0.009287902295562,Chemicals,2.0
2023-05-17,127.7709503173828,129.0293035396449,124.57667360546344,125.35104595531118,2301834.0,121.83008460998536,115.74112152099607,-0.2211711808826831,0.0216718572226001,-0.0189393939393938,0.0098485079678622,-0.0250000231193773,Chemicals,2.0
2023-05-18,126.5125961303711,129.02930255570354,125.88342690899998,128.49692064612276,1077468.0,122.38182258605956,115.97827209472656,-0.2320480473648079,-0.0098485155184802,0.0156847980078349,0.0198929316314004,-0.0049731745345164,Chemicals,2.0
2023-05-19,128.69052124023438,129.12610110601165,124.38309408768106,126.80299864191608,1338093.0,123.09811477661133,116.28705200195311,-0.2132226634843717,0.0172150851099358,-0.0146671454908068,0.0033847082254345,-0.0334712075997608,Chemicals,2.0
2023-05-22,130.8200225830078,131.6427959657634,126.85138833128843,129.22289162815747,2861425.0,123.84102478027344,116.65584533691408,-0.1948158412892178,0.0165474607006849,-0.0122086124380305,0.0062893536211823,-0.0303365965955342,Chemicals,2.0
2023-05-23,130.33604431152344,133.3851326995931,128.15813036429833,131.25561979406896,1788685.0,124.6153938293457,116.99172790527344,-0.1989992159650602,-0.003699573367504,0.0070554196070857,0.023394053457552,-0.0167099896174504,Chemicals,2.0
2023-05-24,130.33604431152344,131.9331900681097,128.8357154082633,130.04566760116614,827340.0,125.35588455200195,117.2830842590332,-0.1989992159650602,0.0,-0.0022279079581642,0.0122540603792518,-0.0115112355234144,Chemicals,2.0
2023-05-25,130.72323608398438,131.54599470193,129.90046269611474,130.38444356664417,648677.0,125.9124626159668,117.57734466552736,-0.1956524370887281,0.0029707190708925,-0.0025916778645423,0.0062938972641177,-0.0062940102503356,Chemicals,2.0
2023-05-26,130.1424560546875,131.06201677536413,128.78731549473503,130.72323902033818,568584.0,126.37708435058592,117.89774002075195,-0.2006725394568444,-0.0044428216948649,0.0044626710088107,0.0070658011885853,-0.0104127476999744,Chemicals,2.0
2023-05-29,130.04566955566406,131.06201759703808,128.59372690235895,130.6748387974598,868268.0,126.66989288330078,118.24911026000976,-0.2015091352563547,-0.0007436965764866,0.0048380637659484,0.0078153163027008,-0.0111648673751771,Chemicals,2.0
2023-05-30,129.75527954101562,130.14245834498024,129.1260955221674,130.04567102895138,407733.0,127.02077941894532,118.6188719177246,-0.2040191864404129,-0.0022329848863144,0.0022379936212457,0.0029839156089384,-0.0048490051508798,Chemicals,2.0
2023-05-31,132.1267852783203,132.9011576698339,128.83572107679365,129.36808824915465,1204229.0,127.52169990539552,119.05348693847657,-0.1835205450145742,0.0182767571823931,-0.0208791655935211,0.0058608282180059,-0.0249083801940246,Chemicals,2.0
2023-06-01,133.3851318359375,134.1111031469786,131.1588168614266,132.0299765267063,1344307.0,128.06133880615235,119.52972412109376,-0.1726437444788312,0.0095237809272853,-0.0101597178829349,0.0054426704164751,-0.0166908780901401,Chemicals,2.0
2023-06-02,133.8207244873047,135.80504921488094,132.6107721863345,134.06271494749873,1974235.0,128.66873588562012,120.01273727416992,-0.1688786017563622,0.0032656762067226,0.0018083182640145,0.0148282318391161,-0.0090415913200723,Chemicals,2.0
2023-06-05,132.80435180664062,136.28902008442273,132.27196987948997,135.46624667246948,1173187.0,128.93250541687013,120.5025259399414,-0.1776638468469476,-0.0075950319695099,0.020043732224261,0.0262391121252991,-0.0040087686879853,Chemicals,2.0
2023-06-06,134.54669189453125,135.17586116448527,132.2235894532432,133.57873008234037,1135385.0,129.39228782653808,121.01651382446288,-0.1626035397425986,0.0131196008578651,-0.0071942446043166,0.0046762150826213,-0.0172661431401753,Chemicals,2.0
2023-06-07,136.82139587402344,137.2569756967258,134.98225973272355,136.48260336196392,1527667.0,129.94644660949706,121.54598907470704,-0.1429416260090338,0.0169064281511676,-0.0024761661719301,0.0031835651136273,-0.0134418752969984,Chemicals,2.0
2023-06-08,136.57940673828125,137.83774517804306,135.51464292164164,136.77299613132735,1253215.0,130.4909252166748,122.05997680664062,-0.145033313346955,-0.0017686498094566,0.0014174127540111,0.0092132369719037,-0.0077959323595536,Chemicals,2.0
2023-06-09,135.70823669433594,138.70892407812448,134.15950673006154,136.6761984607291,1327074.0,131.11284065246582,122.58074020385742,-0.1525634668991295,-0.0063784875388621,0.007132667772947,0.0221113136304849,-0.0114122031351914,Chemicals,2.0
2023-06-12,139.58009338378906,140.25766371299704,136.62780683874843,137.0634014795986,2037712.0,131.7783145904541,123.22637084960938,-0.119096205706863,0.0285307420077526,-0.0180304500676221,0.004854347871404,-0.0211512005291688,Chemicals,2.0
2023-06-13,141.41921997070312,142.77436053561377,139.5800837526965,139.87047523658433,1646552.0,132.5962429046631,123.9223355102539,-0.1031993028030037,0.0131761381034271,-0.0109514444673053,0.0095824355783562,-0.0130048533600144,Chemicals,2.0
2023-06-14,153.4703369140625,154.38989761357547,142.33877689803668,143.25833759754966,14265017.0,133.88121223449707,124.76930206298827,0.0009672278179739,0.0852155523545945,-0.0665405414613194,0.0059917813305374,-0.0725323227918569,Chemicals,2.0
2023-06-15,151.87319946289062,158.4553426114062,149.88888960253817,155.6966603624181,10673447.0,135.14924240112305,125.55915893554688,-0.0128379877479641,-0.0104068153057239,0.025175349653852,0.0433397279559115,-0.0130655696157722,Chemicals,2.0
2023-06-16,155.1642608642578,158.745716140267,151.9699843537922,152.35716311933578,5744235.0,136.47292938232422,126.41386901855468,0.0156090391834223,0.0216697969951659,-0.0180911359954065,0.0230817022944629,-0.0205864191449347,Chemicals,2.0
2023-06-19,152.74436950683594,157.05179640811207,152.11518549748362,156.80980596680527,2356117.0,137.56914672851562,127.22889297485352,-0.0053078341957896,-0.0155956748283605,0.0266159497276092,0.0282002336006457,-0.0041191960881029,Chemicals,2.0
2023-06-20,153.08314514160156,155.8418420422445,151.43761311750058,151.96999503498378,1916750.0,138.70650177001954,128.07101959228515,-0.0023795510583581,0.0022179255173819,-0.0072715393036125,0.0180209055548941,-0.0107492697682614,Chemicals,2.0
2023-06-21,154.0511016845703,155.79343573290987,152.45397075604785,154.43829523415894,1843635.0,139.8922546386719,128.95670440673828,0.0059871982933266,0.0063230771883697,0.002513409805932,0.0113101044347421,-0.0103675398037249,Chemicals,2.0
2023-06-22,152.06680297851562,154.53509372482847,151.1472274629131,154.53509372482847,1898704.0,140.95943298339844,129.79302352905273,-0.0111645323634163,-0.0128807823141548,0.0162316212215072,0.0162316212215072,-0.0060471812229292,Chemicals,2.0
2023-06-23,148.7757110595703,152.35716641300365,147.95295247252295,152.260379104487,1496541.0,141.89109573364257,130.51609085083007,-0.03961182308033,-0.0216424088261412,0.0234222913142145,0.0240728498484494,-0.0055301942849926,Chemicals,2.0
2023-06-26,153.4703369140625,154.38989761357547,148.77571656455157,149.35649951683556,1580310.0,143.0623291015625,131.34273025512695,0.0009672278179739,0.0315550557349542,-0.0268054236404688,0.0059917813305374,-0.0305897572384931,Chemicals,2.0
2023-06-27,152.88954162597656,155.26104474493218,152.35715975765848,154.7770639137199,1134504.0,144.21904220581055,132.08709243774413,-0.0040530064429059,-0.0037844139770877,0.0123456599298394,0.0155112187121155,-0.0034821339815412,Chemicals,2.0
2023-06-28,155.0674591064453,156.80979309481685,152.1635740491339,153.7607196926091,1757308.0,145.3660758972168,132.8682373046875,0.0147723114911484,0.0142450389824356,-0.0084269093036419,0.0112359743198957,-0.018726592117035,Chemicals,2.0
2023-06-30,157.5357666015625,161.2624250527946,153.71232084232952,156.32581447712653,5434819.0,146.57360763549804,133.70939590454103,0.036107680609261,0.0159176368100726,-0.0076804915514593,0.0236559514808947,-0.0242703345514113,Chemicals,2.0
2023-07-03,159.9556884765625,163.1499653910477,158.3585574042824,158.60054785583546,3136908.0,147.88035583496094,134.62121612548827,0.0570248177740003,0.0153610949894345,-0.0084719751678328,0.0199697612814391,-0.0099848344719175,Chemicals,2.0
2023-07-04,157.34217834472656,160.63324223883973,156.85819749147913,159.95567199827804,1443022.0,149.10724716186525,135.4488232421875,0.0344343571174768,-0.0163389633512088,0.0166102546758026,0.0209166030922913,-0.0030759765648283,Chemicals,2.0
2023-07-05,158.64892578125,161.1656322529291,157.29378523183772,157.3421862735862,1787903.0,150.31235885620117,136.32482849121095,0.0457295214993567,0.0083051312131985,-0.0082366741610691,0.0158633691295786,-0.0085417568555162,Chemicals,2.0
2023-07-06,156.66461181640625,161.02043959884656,156.03542783032168,158.50373319435596,1936899.0,151.3045196533203,137.14759613037108,0.0285776589498501,-0.012507578951904,0.0117392265976759,0.0278035207309284,-0.0040161206719862,Chemicals,2.0
2023-07-07,154.77708435058594,157.1969888261731,153.76073628677915,157.1002015091045,1806005.0,152.21440353393555,137.85130432128906,0.0122623921998538,-0.0120482056792269,0.0150094386922061,0.015634772329125,-0.0065665280365706,Chemicals,2.0
2023-07-10,157.826171875,160.00408588954943,155.3578663711924,155.79344622011735,1727639.0,153.32030029296874,138.59082733154298,0.0386178636860828,0.019699864080057,-0.0128795220129434,0.013799447763799,-0.0156393928490043,Chemicals,2.0
2023-07-11,162.8595733642578,172.58759243896074,160.34286676834088,161.26244229718455,20692002.0,154.4842742919922,139.36422882080078,0.0821251977218183,0.0318920583922184,-0.0098067987903975,0.0597325590000463,-0.0154532309272846,Chemicals,2.0
2023-07-12,157.92295837402344,164.7954929145532,155.59985601183217,162.61757891127718,4623947.0,155.3094612121582,140.06793701171875,0.0394544594855931,-0.030312095802885,0.0297272833892525,0.0435182737917871,-0.0147103523522479,Chemicals,2.0
2023-07-13,149.5500946044922,159.18131133539205,148.77572222860698,158.2133495580167,5404570.0,155.1134490966797,140.61677139282227,-0.0329182653276658,-0.0530186608441125,0.0579287828365189,0.0644012747459041,-0.0051780132799859,Chemicals,2.0
2023-07-14,152.7927703857422,153.56712798115663,149.25970108448524,149.55009256772786,2364918.0,155.1594276428223,141.2207797241211,-0.0048894703496527,0.0216828734868122,-0.0212227176052102,0.0050680251000063,-0.0231232753509038,Chemicals,2.0
2023-07-17,152.55078125,155.84184536844455,152.06680036376258,153.56712929515894,1933280.0,155.02875366210938,141.8383396911621,-0.0069811576875739,-0.0015837734673653,0.0066623588344221,0.0215735644975241,-0.0031725887096196,Chemicals,2.0
2023-07-18,150.85684204101562,153.76072724088178,150.32446013372206,152.84115177831836,911819.0,154.93437728881835,142.3048973083496,-0.0216231009457859,-0.0111041005172457,0.0131535945632697,0.0192492773982146,-0.0035290537710501,Chemicals,2.0
2023-07-19,153.56712341308594,154.00271800995463,150.76004028839833,151.0020307222481,1449698.0,154.95857620239258,142.8692189025879,0.0018038236174842,0.0179659161321528,-0.016703397405823,0.0028365094506392,-0.0182791932433137,Chemicals,2.0
2023-07-20,155.4546661376953,156.61621730746927,153.51874259809725,154.09951079802198,2039318.0,155.02875442504882,143.46354782104493,0.0181192222602441,0.0122913204510056,-0.0087173667625581,0.007471960788524,-0.012453299651252,Chemicals,2.0
2023-07-21,152.16357421875,155.30944970101075,151.67959337532528,154.825468857586,1332120.0,155.03359298706056,143.9930226135254,-0.0103280684566695,-0.0211707502946884,0.0174936390164526,0.0206743006558076,-0.0031806616393549,Chemicals,2.0
2023-07-24,149.69528198242188,152.9379598233552,149.06611273921965,152.79277146566994,1184374.0,155.07957153320314,144.52152969360353,-0.0316633056820186,-0.0162213082138811,0.0206919646513095,0.0216618573277018,-0.0042029998198347,Chemicals,2.0
2023-07-25,152.64756774902344,153.4219401168473,149.64689513235206,149.69528140477746,1228699.0,155.03843307495117,145.0490687561035,-0.0061445618880635,0.0197219693734117,-0.0193405397005735,0.005072942721872,-0.0196575200045437,Chemicals,2.0
2023-07-26,152.21197509765625,155.64824203635743,151.58280590983233,153.17993678349188,1502876.0,155.00455474853516,145.59209518432618,-0.0099097046105326,-0.0028535839633119,0.0063593004769473,0.0225755361002084,-0.0041335064959262,Chemicals,2.0
2023-07-27,152.88954162597656,157.14858180259836,151.3891980952339,154.8254649508257,1722939.0,154.89565887451172,146.09446701049805,-0.0040530064429059,0.0044514666331975,0.0126622351291045,0.0278569752471424,-0.0098132515460936,Chemicals,2.0
2023-07-28,149.84048461914062,152.93795932231657,146.40421738924292,152.93795932231657,6156877.0,154.51089477539062,146.56102478027344,-0.0304082141436077,-0.0199428749305497,0.0206718145035968,0.0206718145035968,-0.022932835799563,Chemicals,2.0
2023-07-31,152.7927703857422,153.5187417088865,150.32446493306665,150.42125224753127,1733790.0,154.15274887084962,147.04306976318358,-0.0048894703496527,0.0197028578364891,-0.015521141034512,0.0047513460310426,-0.0161545958388216,Chemicals,2.0
2023-08-01,154.72869873046875,155.11587754022793,152.98636454670273,153.71233589244483,1247390.0,154.0220748901367,147.5212432861328,0.0118441602464805,0.0126702876048329,-0.006568676957559,0.0025023076710133,-0.0112605754333984,Chemicals,2.0
2023-08-02,151.2924346923828,154.77708836566913,149.06611956310468,154.77708836566913,1191087.0,153.65425033569335,147.94037109375,-0.0178579582233168,-0.0222083173081664,0.0230325705338243,0.0230325705338243,-0.0147153103445312,Chemicals,2.0
2023-08-03,150.51805114746094,152.1151821166187,148.77571705479167,151.5828149735155,808556.0,153.3469223022461,148.34401123046874,-0.024551515975981,-0.0051184551725695,0.0070739942348272,0.0106108932249799,-0.0115755823264169,Chemicals,2.0
2023-08-04,149.59849548339844,152.1151872398615,148.82412310836187,151.58282007882818,1178618.0,153.0879928588867,148.72151641845704,-0.0324999014815289,-0.0061092716591289,0.0132643352395875,0.0168229750461785,-0.0051763379874532,Chemicals,2.0
2023-08-07,149.88888549804688,151.43761546298356,148.3401407631858,150.42125265385124,1121353.0,152.69112854003907,149.11644500732422,-0.0299898502974707,0.0019411292453851,0.0035517453748183,0.0103325203852882,-0.010332618924445,Chemicals,2.0
2023-08-08,147.7109832763672,151.4376275131558,147.13020026209918,150.034085793588,1200197.0,151.93369903564454,149.46975128173827,-0.0488150363387616,-0.0145301115185626,0.0157273512483109,0.0252292967938345,-0.003931887808108,Chemicals,2.0
2023-08-09,148.82411193847656,150.42124284155423,146.74300018356644,148.2917300474762,1294533.0,151.4787567138672,149.8511279296875,-0.0391934592341931,0.007535855746263,-0.0035772556211889,0.0107316676194104,-0.0139837001397357,Chemicals,2.0
2023-08-10,149.1629180908203,150.27606824391643,148.4369467466468,149.40490853887815,1169091.0,151.4593978881836,150.1918505859375,-0.0362649123112343,0.002276554168076,0.0016223231025187,0.0074626466640881,-0.0048669693075559,Chemicals,2.0
2023-08-11,152.74436950683594,157.14859849260455,149.11451288723396,149.21130020180203,4560191.0,151.45697784423828,150.57903533935547,-0.0053078341957896,0.0240103335457341,-0.0231306025645402,0.0288339858286659,-0.0237642580955466,Chemicals,2.0
2023-08-14,148.87252807617188,152.9379646898929,148.34014613117776,152.9379646898929,1491812.0,151.27306518554687,150.8800714111328,-0.0387749634952925,-0.0253485051080117,0.0273081720734997,0.0273081720734997,-0.0035760925932668,Chemicals,2.0
2023-08-16,148.67892456054688,151.1472151050512,148.14654266607442,149.11450437605214,893262.0,151.16416931152344,151.19756286621094,-0.0404484188798403,-0.0013004650228411,0.0029296675153704,0.0166014823674565,-0.0035807488925954,Chemicals,2.0
2023-08-17,150.4696502685547,151.29242365956813,148.82411825645192,149.8888820836547,597420.0,151.00929565429686,151.5160220336914,-0.024969879822118,0.0120442471137095,-0.0038597031618233,0.0054680355111145,-0.0109359728634037,Chemicals,2.0
2023-08-18,148.9693145751953,152.21199250147976,148.09815486630464,150.3728709960773,934424.0,150.68502807617188,151.75898040771483,-0.0379383676957822,-0.0099710186783953,0.0094217820957585,0.0217674219387484,-0.0058479137893255,Chemicals,2.0
2023-08-21,148.9693145751953,151.29243174877854,148.58213576456055,149.9372763717071,910167.0,150.52531509399415,152.00677856445313,-0.0379383676957822,0.0,0.0064977260536644,0.0155946020172537,-0.0025990507624933,Chemicals,2.0
2023-08-22,149.1629180908203,150.17926615672337,147.80776271974153,149.9856767522621,1012097.0,150.49869689941406,152.27587219238282,-0.0362649123112343,0.0012996201008045,0.0055158391373169,0.0068136778155831,-0.0090850687853509,Chemicals,2.0
2023-08-23,153.42193603515625,155.3578595182497,149.55008906896933,149.8888815864803,2571161.0,150.53741531372071,152.55270904541015,0.0005488639718369,0.0285527931395305,-0.0230283526592075,0.0126182965299685,-0.0252365930599369,Chemicals,2.0
2023-08-24,152.93795776367188,155.2610600748972,150.7116427662918,153.9059195216698,1436735.0,150.57371444702147,152.78308380126953,-0.0036345107040054,-0.0031545571903972,0.0063291139240506,0.0151898347878758,-0.0145569813402393,Chemicals,2.0
2023-08-25,151.97000122070312,155.69666002484954,151.14722779020076,152.64757152056845,1093274.0,150.52773742675782,152.75307708740235,-0.0120012600556902,-0.0063290798250653,0.0044585792881668,0.0245223318695264,-0.005414051614749,Chemicals,2.0
2023-08-28,151.82481384277344,154.58349610363769,151.19562981245622,153.03476608962396,830959.0,150.62695388793946,152.752109375,-0.0132562197013375,-0.0009553686698918,0.0079693972034342,0.0181701672542216,-0.0041441449153942,Chemicals,2.0
2023-08-29,164.74708557128906,166.24742922570968,152.40557335802677,152.74436587577222,14720608.0,151.2246696472168,152.94376586914063,0.098440332579051,0.0851130418107915,-0.0728554296052966,0.0091069511136898,-0.0749118697333307,Chemicals,2.0
2023-08-30,164.3599090576172,168.08655295478505,162.27878242108778,167.1669922409345,5278646.0,151.70623016357422,153.17607666015624,0.0950936855954825,-0.0023501266339812,0.0170788801199279,0.022673679478987,-0.012662008931873,Chemicals,2.0
2023-08-31,168.76414489746094,170.36127595153667,163.82753383407714,165.03748607805113,5880615.0,152.57981567382814,153.48969665527343,0.1331626853097284,0.0267962903185826,-0.0220820531616717,0.0094636870589195,-0.0292515395754424,Chemicals,2.0
2023-09-01,165.95704650878906,170.26447353502775,165.18267412015717,169.39331382901986,2053576.0,153.35176544189454,153.7278155517578,0.1088989011614206,-0.0166332628911042,0.0207057632834457,0.0259550716095116,-0.0046661012889916,Chemicals,2.0
2023-09-04,167.74777221679688,168.8125212670704,166.05383917461614,166.97339987210088,1567428.0,154.25922927856445,154.04143493652344,0.124377440219143,0.0107902963187102,-0.0046162898884594,0.0063473215542764,-0.0100980956098272,Chemicals,2.0
2023-09-05,167.2637939453125,172.20039002581035,165.66664819021162,168.3285430121222,2184950.0,155.12797470092772,154.41119659423828,0.1201940655433006,-0.0028851546884263,0.0063656876464122,0.0295138353857493,-0.009548663924382,Chemicals,2.0
2023-09-06,164.16632080078125,169.34490736734398,163.5855378354077,167.74777636745324,1957989.0,155.95074157714845,154.62511627197264,0.0934203621036983,-0.0185184914886241,0.0218160189568854,0.0315447562039661,-0.0035377717094502,Chemicals,2.0
2023-09-07,163.8275146484375,166.5378103115248,163.10154338707073,164.79547633025987,1305386.0,156.70091171264647,154.84387573242188,0.0904918151807396,-0.0020637981693876,0.0059084194977843,0.0165435926248616,-0.0044313146233381,Chemicals,2.0
2023-09-08,169.393310546875,173.79753957507867,164.35991227318135,166.39262313778912,5824943.0,157.71243133544922,155.13039276123047,0.1386010196312181,0.0339735111674086,-0.0177143205915178,0.0260000174386161,-0.0297142682756695,Chemicals,2.0
2023-09-11,168.23175048828125,170.36126332586988,166.68300582280384,170.2644612455561,1807075.0,158.48680038452147,155.34431243896483,0.1285608148949854,-0.0068571778592893,0.0120828009657814,0.0126582100668148,-0.009206018845921,Chemicals,2.0
2023-09-12,156.03543090820312,168.76413676325794,153.22834774545103,168.71573572184687,4716835.0,158.84494552612304,155.26590728759766,0.0231391927355968,-0.0724971329411905,0.0812655480863424,0.0815757407209853,-0.0179900369192655,Chemicals,2.0
2023-09-13,161.7947998046875,163.34354450500084,154.5834877568219,157.2937835974082,3244478.0,159.50073928833007,155.35495971679688,0.072921588785096,0.0369106481967717,-0.0278192884611417,0.0095722773672757,-0.0445707282098732,Chemicals,2.0
2023-09-14,162.5691680908203,164.84388404317974,160.97203715911175,162.03678619027622,1394204.0,160.10571517944337,155.4333645629883,0.0796150146449966,0.0047861135652542,-0.0032748023920912,0.0139922961965865,-0.0098243163231069,Chemicals,2.0
2023-09-15,162.23040771484375,167.16700415846765,161.6496247120996,163.1983695394671,1633044.0,160.76876983642578,155.54468048095703,0.0766868634003287,-0.0020837922710369,0.0059665868948857,0.0304295385381825,-0.0035799885540878,Chemicals,2.0
2023-09-18,160.4396514892578,162.61756531037895,159.18129832751427,161.8915940366719,823856.0,161.3422866821289,155.65793182373048,0.0612080605570791,-0.0110383512610878,0.009049773755656,0.0135746606334841,-0.0078431556667136,Chemicals,2.0
2023-09-20,158.93931579589844,161.55280955704566,156.8098029079238,160.14926797882995,988571.0,161.83110656738282,155.68019470214844,0.0482395726834149,-0.0093514020968802,0.0076126676201706,0.0164433434739541,-0.0133982764258859,Chemicals,2.0
2023-09-21,160.14926147460938,162.1335859280115,156.61620715190867,158.45532848730178,1391080.0,162.16747283935547,155.62598846435546,0.0586980093730209,0.0076126266975043,-0.0105772138548148,0.0123904689608371,-0.0220610091496479,Chemicals,2.0
2023-09-22,157.5841827392578,161.02045005588232,157.19698916038578,159.61689364111783,676116.0,162.39978408813477,155.61921295166016,0.0365261763481616,-0.0160168002757742,0.0128992064211381,0.0218059151425764,-0.0024570586472671,Chemicals,2.0
2023-09-25,155.7450408935547,158.98771868956112,155.40626314034125,157.7777664925325,1110099.0,162.58853607177736,155.7431118774414,0.0206291415515387,-0.0116708530877506,0.0130516232639925,0.0208204240558944,-0.002175207321336,Chemicals,2.0
2023-09-26,161.7464141845703,165.52145909813711,156.37422352301436,156.37422352301436,4565486.0,163.0846160888672,155.92218475341798,0.0725033568317226,0.0385333186635285,-0.0332136615741335,0.0233392803951688,-0.0332136615741335,Chemicals,2.0
2023-09-27,162.81117248535156,163.92433742195124,160.24607961261856,161.64962127448993,1295555.0,162.98782043457032,156.127392578125,0.0817068338756814,0.0065828865891657,-0.0071343458383738,0.0068371532469604,-0.0157550175063311,Chemicals,2.0
2023-09-28,163.0047607421875,165.27947687360086,160.05248907663702,163.77913313394043,1569173.0,162.92006301879883,156.37035095214844,0.0833801573674656,0.0011890354567242,0.004750612118487,0.0139549061086081,-0.0181115671229987,Chemicals,2.0
2023-09-29,163.34353637695312,166.19902042926185,162.56916406532957,164.79547892252603,987903.0,162.64903259277344,156.5658792114258,0.0863084405048972,0.0020783174259642,0.0088888888888887,0.0174814633969906,-0.0047407588252313,Chemicals,2.0
2023-10-03,174.28150939941406,176.16903178599355,161.1656252327908,164.31150080039782,12270599.0,163.06525573730468,156.94241607666015,0.1808532621285427,0.0669629987514108,-0.0572063475544455,0.0108303077766771,-0.0752568887647432,Chemicals,2.0
2023-10-04,171.57122802734375,178.78254044037547,170.84525668167092,174.23312296147742,8343816.0,163.25642852783204,157.33056915283203,0.1574263375652725,-0.0155511699514775,0.0155148095909731,0.0420310124019305,-0.0042313117066291,Chemicals,2.0
2023-10-05,177.5725860595703,180.28288200476783,174.08793250425174,177.13700621139606,5759945.0,163.77186813354493,157.888115234375,0.2093004209526929,0.0349788137628187,-0.0024529678698722,0.0152630313346247,-0.0196238261358067,Chemicals,2.0
2023-10-06,190.97885131835935,191.99521408371052,178.5889382829555,179.16972122599154,19940940.0,165.11249465942382,158.6547409057617,0.3251804798016875,0.0754973814161362,-0.0618347529626835,0.0053218602915194,-0.0648758380829825,Chemicals,2.0
2023-10-09,192.81797790527344,195.1894812419773,187.25219783528985,187.7845797524905,11464364.0,166.56201782226563,159.46686096191405,0.3410773827055468,0.009630001302334,-0.0261044027505346,0.0122991816555035,-0.0288654622896105,Chemicals,2.0
2023-10-10,193.44715881347656,197.464194109199,191.1240417855316,193.882738640615,5545283.0,167.76471023559571,160.27801330566408,0.3465158489198001,0.0032630821826802,0.0022516734275659,0.0207655430059621,-0.0120090521990293,Chemicals,2.0
2023-10-11,190.3980712890625,194.36672033072043,188.84934136713852,194.17313093672044,3110430.0,168.87302627563477,161.0891650390625,0.3201603774335712,-0.0157618625319486,0.0198271947929904,0.020843956111471,-0.0081341681217592,Chemicals,2.0
2023-10-12,197.60939025878903,204.7239152058266,192.4792046724077,194.65711866395907,13965400.0,170.95172424316405,161.98549743652345,0.3824930294033611,0.0378749580859899,-0.0149399357538814,0.0360029699890291,-0.0259612439452541,Chemicals,2.0
2023-10-13,196.1090545654297,201.7716218863289,195.28628117790012,197.5609971764178,3033424.0,172.66743698120118,162.81310455322264,0.369524541529697,-0.0075924311663253,0.0074037510109135,0.028874583753653,-0.0041954890321244,Chemicals,2.0
2023-10-16,197.3673858642578,199.06131884906117,193.78593050751547,195.96384434511972,1760655.0,174.40734786987304,163.73460357666016,0.3804012101726763,0.0064164875080171,-0.007111314328819,0.0085826388052194,-0.0181461356498157,Chemicals,2.0
2023-10-17,191.80162048339844,202.1104222853889,186.3326423433681,199.10973486435705,6474184.0,175.8859085083008,164.5602749633789,0.332292269507725,-0.0282000258375378,0.038102464215578,0.0537472091007842,-0.0285137222837159,Chemicals,2.0
2023-10-18,196.39942932128903,204.6755050757182,191.80161109882,192.28559196434304,10672636.0,177.68389739990235,165.4962936401367,0.3720344608209915,0.0239716892188019,-0.0209462795852436,0.0421390010298368,-0.023410547771743,Chemicals,2.0
2023-10-19,202.2071990966797,203.2235618651924,195.33467968896903,196.49623080873045,3379381.0,179.8472915649414,166.54265991210937,0.4222352207166276,0.0295712151275639,-0.02824315016212,0.0050263431423465,-0.0339875110204397,Chemicals,2.0
2023-10-20,196.25424194335935,203.51395496222597,195.52827064147272,202.2072007108604,2246299.0,181.6525405883789,167.51352508544923,0.3707795011753443,-0.0294398873032906,0.0303328922144727,0.0369913686806411,-0.0036991368680641,Chemicals,2.0
2023-10-23,180.766845703125,197.1737934033196,179.0729127447289,196.9802040192018,4150930.0,182.81167373657223,168.15237976074218,0.2369107201918055,-0.0789149629932797,0.0896921017402945,0.090763035867428,-0.0093708165997322,Chemicals,2.0
2023-10-25,183.23516845703125,188.0749773715333,176.16904448787338,183.67074830535148,4039918.0,184.1861801147461,168.8338247680664,0.2582462212026817,0.0136547315648799,0.0023771629212236,0.0264131004722325,-0.0385631428107365,Chemicals,2.0
2023-10-26,183.0899658203125,183.9127392459617,176.2174460051814,183.23516895009308,2260090.0,185.2533576965332,169.44073669433592,0.2569911296642709,-0.0007924386892617,0.0007930698393547,0.0044938204120736,-0.0375362996237375,Chemicals,2.0
2023-10-27,186.42942810058597,188.60734191124732,183.8159197118536,183.8159197118536,1793231.0,186.4342704772949,170.1918746948242,0.2858565204417944,0.0182394609410263,-0.0140187545247536,0.0116822426204425,-0.0140187545247536,Chemicals,2.0
2023-10-30,188.1233673095703,190.5916578943212,182.60597365679504,186.429434289489,1641216.0,187.6902008056641,170.9807635498047,0.3004984637000064,0.0090862222034518,-0.0090043732700884,0.0131205953840338,-0.0293285928892396,Chemicals,2.0
2023-10-31,193.10836791992188,194.51190949467835,187.30059745616484,188.46214859493145,2146630.0,189.1784423828125,171.83353790283203,0.343587433889605,0.0264985720893906,-0.0240601656729715,0.0072681551290334,-0.0300751879699247,Chemicals,2.0
2023-11-01,192.81797790527344,196.88341430675487,191.1724458820457,195.52827376290244,1786399.0,190.10526580810543,172.7105111694336,0.3410773827055468,-0.0015037671219346,0.0140562404350101,0.0210843223523413,-0.0085341213568588,Chemicals,2.0
2023-11-02,192.23719787597656,197.70617552600947,191.65641495299815,195.8186531812146,1387696.0,191.1385643005371,173.57586883544923,0.3360572803374305,-0.0030120636862097,0.0186303969513155,0.028449112401031,-0.0030211786761118,Chemicals,2.0
2023-11-03,189.478515625,194.65711697917027,187.92977089199832,194.07633401181357,1016471.0,191.7338607788086,174.3821807861328,0.3122119919280233,-0.0143504081491884,0.0242656449553002,0.0273308102350733,-0.008173722112468,Chemicals,2.0
2023-11-06,198.3353576660156,199.25493314908672,191.02725823264515,192.04360625932503,2641763.0,192.1016860961914,175.28044921875,0.3887680914171248,0.046743252193005,-0.0317227925506127,0.0046364677175696,-0.0368471840793857,Chemicals,2.0
2023-11-07,196.59304809570312,199.25494305393192,194.22152986243205,198.77096215243577,1073849.0,192.2904396057129,176.1535510253906,0.373708048098303,-0.008784664473424,0.0110782862254235,0.0135401276088509,-0.0120630828823438,Chemicals,2.0
2023-11-08,197.7545928955078,200.51327508266397,195.4798768242361,198.4321631816554,2129749.0,192.50581130981445,177.06924285888672,0.3837481209417721,0.0059083716899248,0.0034263188339984,0.0139500284001685,-0.0115027218228689,Chemicals,2.0
2023-11-09,207.33740234375,210.04769817744372,196.10905498976732,197.7061859573405,9831575.0,193.35277786254883,178.17949462890624,0.4665792824446371,0.0484580879155898,-0.0464519005135487,0.0130719098583105,-0.0541549533613182,Chemicals,2.0
2023-11-10,203.65914916992188,208.9829388701519,202.9331778471632,207.57939726680345,3189536.0,193.65526580810547,178.9577359008789,0.4347854766369185,-0.0177404227710437,0.0192490644926082,0.026140685168964,-0.003564638886677,Chemicals,2.0
2023-11-13,206.85340881347656,208.45055445323257,203.65913230388773,208.45055445323257,1907897.0,194.1924835205078,179.8076058959961,0.4623957758760311,0.015684341492017,0.0077211473038676,0.0077211473038676,-0.015442223204884,Chemicals,2.0
2023-11-15,206.9986267089844,209.90251196688965,204.67550964070563,209.85411092527303,2543984.0,194.6740455627441,180.57229553222655,0.4636509993072056,0.0007020328857077,0.0137947012581061,0.0140285242664328,-0.0112228622248048,Chemicals,2.0
2023-11-16,215.12950134277344,216.58144398400705,207.6277976964,207.9181891786316,6561903.0,195.8404396057129,181.55574462890624,0.5339320367825434,0.0392798481954187,-0.0335207961675688,0.0067491563554555,-0.0348706411698537,Chemicals,2.0
2023-11-17,231.4880523681641,237.05383256924196,214.50033504864,215.12950429383548,17807388.0,197.59487075805663,182.8305502319336,0.6753308394254931,0.0760404822364458,-0.0706669217135731,0.0240434879646658,-0.0733848557009171,Chemicals,2.0
2023-11-20,225.00271606445312,233.52078280575688,222.67961366679063,231.8752507099189,3241973.0,198.73464660644527,183.9853286743164,0.6192733813622303,-0.0280158575674415,0.030544229712752,0.0378576174114435,-0.0103247749107037,Chemicals,2.0
2023-11-21,236.4730529785156,241.9904318711941,220.8888632580412,226.50304423143768,10579542.0,200.74558715820316,185.4314633178711,0.7184198096150917,0.0509786597899412,-0.0421612890834701,0.0233319561074036,-0.0659026029570071,Chemicals,2.0
2023-11-22,235.11790466308597,239.2801431685551,232.6980002726881,236.95704086174285,3855995.0,203.4631401062012,186.85727111816405,0.7067062813870748,-0.0057306669760499,0.0078221869206103,0.0177027713454382,-0.0102923016172056,Chemicals,2.0
2023-11-23,253.70278930664065,259.8009367253885,235.940684675414,235.98908571856308,22159567.0,206.98652114868165,188.54346069335935,0.8673488977029794,0.0790449569129413,-0.069820689147677,0.0240365801078257,-0.0700114676695899,Chemicals,2.0
2023-11-24,253.3155975341797,258.4457829070318,250.8472773892488,255.00953056821453,4758046.0,210.497802734375,190.2451376342773,0.8640021188266473,-0.001526162851891,0.00668704592423,0.0202521495825376,-0.009744051171574,Chemicals,2.0
2023-11-28,246.10427856445312,255.1063111561809,244.2651571203188,254.5739440017745,3828513.0,213.4815452575684,192.0465145874024,0.8016694668568574,-0.0284677257931325,0.0344149459193707,0.036578123079523,-0.0074729356793878,Chemicals,2.0
2023-11-29,257.9134216308594,262.7532304095218,251.67005649044543,251.67005649044543,15330183.0,216.9710479736328,193.9688870239258,0.9037444420326776,0.0479843062269781,-0.0242072130288348,0.0187652459032916,-0.0242072130288348,Chemicals,2.0
2023-11-30,263.1404113769531,269.09337031589985,259.22014850995254,269.09337031589985,9859897.0,220.4726501464844,195.98031188964845,0.9489250995601972,0.0202664510944875,0.0226227469501787,0.0226227469501787,-0.0148979886688127,Chemicals,2.0
2023-12-01,257.6714172363281,266.6734492611468,254.08994711815257,265.2215067061859,3813169.0,223.7153221130371,197.88913208007813,0.9016526228019924,-0.0207835585268222,0.02930123003489,0.0349360907832563,-0.0138993690359173,Chemicals,2.0
2023-12-04,265.60870361328125,269.8193432181076,256.89704768875043,264.2535630441018,5290775.0,227.38389739990237,199.9925131225586,0.9702603367855462,0.0308039070149301,-0.0051020186866787,0.0158527922750486,-0.0327988345487907,Chemicals,2.0
2023-12-05,265.4635314941406,274.6107825903713,262.70483437465435,265.60871986046084,4038908.0,231.1831481933594,202.12299743652343,0.9690055090326624,-0.0005465638631781,0.0005469239616568,0.034457656178783,-0.0103920003774498,Chemicals,2.0
2023-12-06,259.7525329589844,268.36738634206773,257.0906382342209,266.67345333540004,2340057.0,234.2540069580078,204.11506286621093,0.9196412130437732,-0.0215133073195114,0.0266442844563463,0.0331656183866497,-0.0102478104619053,Chemicals,2.0
2023-12-07,255.2031097412109,262.8984174775409,253.89635546940133,261.3496727679832,2094939.0,237.1845100402832,206.06744140625,0.88031725368388,-0.0175144517974413,0.0240849848303383,0.030153659742365,-0.005120448074221,Chemicals,2.0
2023-12-08,250.65370178222656,258.8329606762563,246.007467754637,256.02587756741855,2172380.0,239.82946548461916,207.96561462402343,0.8409934262167504,-0.0178266164687323,0.0214326608663431,0.0326317099483175,-0.0185364668247601,Chemicals,2.0
2023-12-11,249.4921417236328,253.2188003789778,247.798208656644,249.73413216177408,2114914.0,241.93720245361328,209.72052917480468,0.8309532214805178,-0.0046341228967882,0.0009699321047527,0.014936978093174,-0.0067895247332687,Chemicals,2.0
2023-12-12,245.0395050048828,256.4614710944704,242.95839320215657,251.67004873530163,3492352.0,244.00622024536133,211.3650958251953,0.792465857920135,-0.0178468014583091,0.027059080658389,0.0466127536837785,-0.0084929644413245,Chemicals,2.0
2023-12-13,246.63665771484372,249.10496313994395,241.5064574679525,245.86228535815607,2235555.0,245.9953826904297,213.03773376464844,0.8062712053788367,0.0065179396682551,-0.0031397293648983,0.0100078611507701,-0.0208006396714257,Chemicals,2.0
2023-12-14,255.7354888916016,258.6877602137432,246.055857275514,248.28217210411648,6406711.0,248.4322257995605,214.8855728149414,0.8849189922058593,0.0368916415794025,-0.0291446322909227,0.0115442378957149,-0.0378501695562106,Chemicals,2.0
2023-12-15,256.99383544921875,260.8656823109772,255.5418928760593,258.97814514993104,4661789.0,250.5254425048828,216.5398193359375,0.8957957927416024,0.0049205003305214,0.0077212346251176,0.015065913370998,-0.0056497175141243,Chemicals,2.0
2023-12-18,251.0408935546875,256.9938525938058,249.68575297063728,256.9938525938058,2671976.0,251.503084564209,218.1292126464844,0.8443402050930825,-0.0231637536524004,0.0237131048843302,0.0237131048843302,-0.0053980870003357,Chemicals,2.0
2023-12-19,247.3142242431641,253.84796597952948,246.34626250444327,252.63801380612847,2996996.0,252.61865997314453,219.52404541015625,0.8121279035464634,-0.0148448695300377,0.0215264187866928,0.0264187866927594,-0.0039138943248532,Chemicals,2.0
2023-12-20,238.11859130859372,252.92839431794496,236.1826678020198,249.00816103307213,3330023.0,252.70093688964843,220.4668402099609,0.7326433890271667,-0.0371819815973422,0.0457317073170731,0.0621950723291413,-0.008130081300813,Chemicals,2.0
2023-12-21,239.03814697265625,240.49008957192723,228.2937806000056,232.1656275313948,2807651.0,252.8969490051269,221.39124359130855,0.7405917745327146,0.0038617550146296,-0.0287507225449151,0.0060741041447123,-0.0449483335974811,Chemicals,2.0
2023-12-22,241.7968597412109,244.41035363800864,238.69938494612012,240.53850645166392,1468134.0,252.30165252685543,222.3582376098633,0.764437326727649,0.0115408891990375,-0.0052041754838908,0.0108086345686821,-0.012810235825254,Chemicals,2.0
2023-12-26,247.5562286376953,250.31492565658385,238.4089926449502,243.5875793771758,2535783.0,252.0136840820313,223.50140075683595,0.8142197227771482,0.0238190392656401,-0.0160313044125733,0.0111437188798264,-0.036950134694984,Chemicals,2.0
2023-12-27,246.05587768554688,250.5084929421676,243.4907849165113,248.76617358127325,1969477.0,252.01126403808595,224.4703305053711,0.8012511030107203,-0.0060606471523858,0.0110149609967458,0.0180959516127106,-0.0104248384276098,Chemicals,2.0
2023-12-28,244.84591674804688,250.1697210351132,244.2167475312632,246.7334391683217,1413476.0,251.3578887939453,225.44506774902345,0.7907925344283507,-0.0049174234278861,0.0077090214341499,0.0217434881405216,-0.0025696537036028,Chemicals,2.0
2023-12-29,243.49078369140625,248.37899353358023,243.05520385337428,245.37830616949444,1369207.0,250.375407409668,226.3675357055664,0.7790791380930974,-0.0055346361280555,0.0077519257586373,0.0200755435916999,-0.0017888966121363,Chemicals,2.0
2024-01-01,247.41102600097656,248.28218565671477,243.0551981824377,243.68436740381264,1126270.0,249.8623878479004,227.479723815918,0.8129646312387373,0.0161001671198312,-0.0150626213285629,0.0035211027973132,-0.017605633382409,Chemicals,2.0
2024-01-02,248.5725555419922,253.3155915572572,244.5071340801399,248.7661597001101,1733874.0,249.01058044433597,228.523186340332,0.8230045721894427,0.0046947363655936,0.0007788637715686,0.019081092862095,-0.0163550696616042,Chemicals,2.0
2024-01-03,246.4430694580078,249.68574725479385,245.18471621881068,248.7661717688916,860445.0,248.0595573425293,229.4079037475586,0.8045978818870524,-0.0085668591986802,0.0094265272543183,0.0131579183943679,-0.0051060605679217,Chemicals,2.0
2024-01-04,247.0238342285156,251.0892706012021,245.378302216943,247.265824664627,1046522.0,247.42312240600583,230.4232955932617,0.8096178523624051,0.0023565879608019,0.0009796238361658,0.0164576684892907,-0.0066614301276304,Chemicals,2.0
2024-01-05,254.28355407714844,257.4778159173267,247.36261896027364,247.9433871267044,5159414.0,247.37714462280277,231.8936297607422,0.8723688681783321,0.0293887424721819,-0.0249334526310751,0.0125618105809908,-0.0272173917892268,Chemicals,2.0
2024-01-08,251.6700592041016,258.25218739811544,248.86297599017945,255.7355104379535,2769795.0,247.42796249389647,233.2623275756836,0.8497785394145723,-0.010277876139225,0.0161538931039664,0.0261537992037259,-0.011153822678786,Chemicals,2.0
2024-01-09,257.8166198730469,258.4457891070982,252.5896322934573,253.65436659422943,2758657.0,247.8441864013672,234.75686065673827,0.9029077143404036,0.0244230906464742,-0.0161442395795391,0.0024403750012746,-0.0202740520846306,Chemicals,2.0
2024-01-10,256.89703369140625,260.38170177932204,254.7675356386808,260.0429092705245,1751689.0,248.43706283569333,236.1662127685547,0.8949590650493284,-0.0035668227366158,0.0122456671994788,0.0135644543568442,-0.0082893057273814,Chemicals,2.0
2024-01-11,256.6550598144531,262.9468113784575,255.05792878694496,258.2521908419613,2954925.0,248.93798294067383,237.53684661865236,0.8928675096041708,-0.00094190996866,0.0062228698263842,0.024514426361019,-0.006222869826384,Chemicals,2.0
2024-01-12,257.7198181152344,259.46213746401764,253.17038603585232,258.44578943386887,1718010.0,249.03719940185547,238.8290756225586,0.9020709866481296,0.0041485965698514,0.0028169014084509,0.0067605175322769,-0.0176526280076291,Chemicals,2.0
2024-01-15,257.7198181152344,257.7198181152344,257.7198181152344,257.7198181152344,0.0,249.07349853515623,240.1271124267578,0.9020709866481296,0.0,0.0,0.0,0.0,Chemicals,2.0
2024-01-16,272.5780334472656,274.6107590208337,267.44781847208446,270.061327000936,6171026.0,250.15035552978517,241.7339291381836,1.030501301417415,0.0576525912546922,-0.0092329760197514,0.0074574078764177,-0.0188210873425854,Chemicals,2.0
2024-01-17,269.86773681640625,281.5316941781202,265.60871082343533,271.4164815974456,7346198.0,251.27803115844728,243.3417135620117,1.0070742449613812,-0.009943195335965,0.0057389030615875,0.0432210144840286,-0.0157819013240118,Chemicals,2.0
2024-01-18,301.0361022949219,307.7634482296705,269.57734562423065,269.8677223314055,37563894.0,254.42390670776368,245.39572845458983,1.276484998527479,0.1154949674466636,-0.1035370167428657,0.0223473061319332,-0.1045016077170419,Chemicals,2.0
2024-01-19,300.2617492675781,306.7470753248617,298.13222158318735,303.9399921335092,7253080.0,257.48508682250974,247.4691024780273,1.2697917045603422,-0.0025722928959036,0.0122501213521313,0.0215989085293184,-0.0070922376545973,Chemicals,2.0
2024-01-23,294.792724609375,319.08856924423776,292.3244340845337,317.92703292542586,5594427.0,260.134880065918,249.4098651123047,1.2225189640166103,-0.0182141903573918,0.0784765239600324,0.082416703692592,-0.0083729696114853,Chemicals,2.0
2024-01-24,310.95770263671875,315.7491249679939,295.5187013824742,296.29308848259865,9183874.0,263.3049537658692,251.48227111816405,1.3622445750605394,0.0548350643617941,-0.0471595140746594,0.0154085983098248,-0.0496498434460116,Chemicals,2.0
2024-01-25,311.9740600585937,317.491453846872,306.8438746020074,310.7641078716773,5150042.0,266.60086288452146,253.6485693359375,1.3710296882583612,0.0032684748223213,-0.0038783743324338,0.0176854248306477,-0.0164442692947701,Chemicals,2.0
2024-01-29,318.5227966308594,327.4349231187275,312.5649401485111,317.19335559412417,4752135.0,270.2847068786621,255.88195709228515,1.4276351607543791,0.0209912855287893,-0.0041737704515885,0.0279795561954598,-0.0187046470311289,Chemicals,2.0
2024-01-30,315.1253356933594,331.1770204591623,311.67865233421327,318.52279273988097,3572417.0,273.86643447875974,258.0444912719727,1.3982684455824146,-0.0106663038672154,0.0107812881469726,0.0509374618530273,-0.0109374999999999,Chemicals,2.0
2024-01-31,313.7958984375,316.8979074874078,305.37615529450824,315.12533947394456,2885469.0,277.185678100586,260.0178192138672,1.3867771566610625,-0.004218757127015,0.0042366424897977,0.0098854352952151,-0.0268319094829365,Chemicals,2.0
2024-02-01,312.8603820800781,317.83344172660514,308.23196672479446,315.02685071553714,1913562.0,280.4000694274902,261.6452658081055,1.3786908113247898,-0.002981289309644,0.0069247138965153,0.0158954598644391,-0.0147938685125654,Chemicals,2.0
2024-02-02,315.1253356933594,320.98470942498534,313.2542850232188,315.9131370115152,2011397.0,283.8341827392578,263.4477182006836,1.3982684455824146,0.0072395028038466,0.0024999618530272,0.0185937881469726,-0.0059374809265136,Chemicals,2.0
2024-02-05,316.6517028808594,329.8968262856438,310.25071968427227,310.25071968427227,5830378.0,287.315576171875,265.0512911987305,1.4114619425107793,0.0048436828607943,-0.0202145863684032,0.0418286820638633,-0.0202145863684032,Chemicals,2.0
2024-02-06,319.1628723144531,329.8968226220654,315.0760967910168,317.5872396884062,3318939.0,290.5595420837402,266.7321905517578,1.4331677984018425,0.0079303834804848,-0.004936766656538,0.0336315757211154,-0.0128046708371826,Chemicals,2.0
2024-02-07,319.9014587402344,323.79126905487726,312.90960937312843,321.92021839253186,2197309.0,293.9711120605469,268.0561639404297,1.4395519357311024,0.0023141364170126,0.0063105671985594,0.0121594016168631,-0.0218562597202266,Chemicals,2.0
2024-02-08,329.15826416015625,338.2673559880738,321.32935700048995,322.85576339246023,7899121.0,297.5381942749024,269.57301727294924,1.519565208339669,0.0289364276623651,-0.0191473265414641,0.0276738967838443,-0.0237846288916417,Chemicals,2.0
2024-02-09,314.7806701660156,333.29430218830737,308.8228436422221,331.4724777797499,3280483.0,300.4323760986328,270.9465451049805,1.3952892518382338,-0.0436798815634324,0.0530267872068859,0.0588143865775736,-0.0189269135256983,Chemicals,2.0
2024-02-12,291.1462707519531,316.50401344308847,287.15797761190106,316.01163008986254,3696575.0,302.1569366455078,271.6112020874023,1.191000022728233,-0.0750821179762966,0.0854050415060747,0.087096230446789,-0.0136985891309937,Chemicals,2.0
2024-02-13,293.312744140625,297.3995196081455,278.9843717702728,291.1462455528662,3291591.0,303.9365829467773,272.21464874267576,1.2097264210895875,0.0074411854325884,-0.0073863090882955,0.0139331670688034,-0.0488501528030526,Chemicals,2.0
2024-02-14,297.3010559082031,300.3538386393385,286.8625230465922,290.3584628066338,1853659.0,305.91564483642577,273.00724151611325,1.244200287853644,0.0135974718018593,-0.0233520633835656,0.0102683211864473,-0.0351109848221797,Chemicals,2.0
2024-02-15,301.9294738769531,309.5121593762281,299.46755714614415,299.6152661394538,2019685.0,307.38321685791016,273.73365692138674,1.2842070560506906,0.0155681181642997,-0.0076647294740176,0.0251140950299049,-0.0081539463477894,Chemicals,2.0
2024-02-16,321.5263061523437,327.63187130709474,304.7852733664637,305.1791740097105,7393381.0,309.96614532470704,274.8549124145508,1.4535966685557369,0.0649053304526905,-0.05084228515625,0.0189893176325612,-0.0520673813169983,Chemicals,2.0
2024-02-19,313.3034973144531,323.3481289612253,310.25071475100725,323.00345463019727,2662389.0,310.5795150756836,275.92593170166015,1.3825209771797131,-0.0255742957280594,0.0309602586593809,0.0320603878758833,-0.0097438508973357,Chemicals,2.0
2024-02-20,308.3796691894531,313.6481767561787,307.4933852185771,312.8111190965263,1778233.0,310.9854110717773,276.989462890625,1.3399607650793843,-0.0157158415632306,0.0143701104509281,0.0170844841379245,-0.002874002599476,Chemicals,2.0
2024-02-21,298.03961181640625,312.0725361647756,296.66094455763124,310.89083425126506,2088215.0,311.1477554321289,277.9371810913086,1.2505841613973772,-0.0335302823309485,0.043119175858997,0.0470840914831605,-0.0046257853121358,Chemicals,2.0
2024-02-22,301.28936767578125,309.8075931619356,298.38429404600527,298.38429404600527,2736537.0,310.66433868408205,278.9731256103516,1.2786741546177005,0.0109037716146834,-0.0096421378961575,0.028272572483609,-0.0096421378961575,Chemicals,2.0
2024-02-23,296.36553955078125,303.4066151878165,295.47922551102965,303.3081325108781,1802078.0,309.88391265869143,279.99964630126954,1.2361139425173713,-0.0163425220178979,0.0234257767303855,0.0237580781075552,-0.0029906109903837,Chemicals,2.0
2024-02-26,299.9599304199219,305.2776643693657,295.92238110643353,296.41476443606155,1369078.0,308.95576934814454,281.0661117553711,1.2671828656963482,0.0121282348635703,-0.0118187985271811,0.0177281476962585,-0.0134602955395944,Chemicals,2.0
2024-02-27,297.9411315917969,302.32335511205514,296.4147553378782,301.2401058095842,1014418.0,308.09655914306643,281.910224609375,1.2497329255011072,-0.0067302283518296,0.0110725706120602,0.0147083536161842,-0.0051230800049787,Chemicals,2.0
2024-02-28,282.1356506347656,299.1721019853511,280.8554659862962,297.9411436492483,3147322.0,306.5135467529297,282.4130609130859,1.1131147079675776,-0.0530490062670703,0.0560208998009381,0.0603839015461387,-0.0045374792075697,Chemicals,2.0
2024-02-29,281.6925048828125,285.2869274101955,273.7651449022253,283.66203829937524,3472282.0,304.9551528930664,283.0260931396484,1.1092842783271268,-0.0015706832899568,0.0069917849514031,0.0127600928852484,-0.0281418917549299,Chemicals,2.0
2024-03-01,290.4076843261719,292.91885736069963,283.711283006152,283.711283006152,1428179.0,303.71927032470705,283.8879623413086,1.1846158853989726,0.0309386273766318,-0.0230586230373257,0.0086470612523714,-0.0230586230373257,Chemicals,2.0
2024-03-04,285.2376708984375,296.1193610510425,283.5143291598195,295.1345943432608,1469577.0,302.148568725586,284.8303439331055,1.1399277154507326,-0.017802605463868,0.0346971121088253,0.038149554784717,-0.0060417746828104,Chemicals,2.0
2024-03-05,278.4427795410156,285.828529661467,277.802687207782,284.59757130805843,1701491.0,300.11256408691406,285.61843658447265,1.081194548892331,-0.0238218582279802,0.0221043324491601,0.026525198938992,-0.0022988289884504,Chemicals,2.0
2024-03-06,271.3524475097656,277.50723927920046,267.56111982194915,275.78389758375874,2073543.0,297.68511352539065,286.20954833984376,1.0199076746451197,-0.0254642337752039,0.0163309751382789,0.0226819099142761,-0.0139719679059833,Chemicals,2.0
2024-03-07,264.5083312988281,275.43924725240487,263.9666916033678,273.5189402413343,2507997.0,294.4526168823242,286.54859039306643,0.9607490220313468,-0.0252222387295444,0.0340655014466309,0.0413254127002433,-0.0020477226286245,Chemicals,2.0
2024-03-11,246.43785095214844,265.0007080733683,241.71096808845635,264.5083247547826,7451003.0,291.03547592163085,286.5562298583984,0.8045527745619014,-0.0683172445190944,0.0733266977163462,0.0753246997143481,-0.0191808313756556,Chemicals,2.0
2024-03-12,241.21859741210935,251.11550563964724,234.9160966144375,248.85053925017704,6542920.0,288.53909225463866,286.4836834716797,0.7594389866655266,-0.0211787820737509,0.0316391104166355,0.0410287943538181,-0.0261277565879565,Chemicals,2.0
2024-03-13,227.4810943603516,249.392152150472,221.7694448300172,241.267827351888,4814925.0,285.247509765625,286.1634896850586,0.6406957997043184,-0.0569504308504373,0.0606060606060605,0.0963203463203461,-0.0251082383192978,Chemicals,2.0
2024-03-14,250.22921752929688,253.38045285014036,226.98871804436732,229.3521520481734,6520122.0,282.8939178466797,286.219853515625,0.8373243014261816,0.100000060369457,-0.0834317658315787,0.0125933947760297,-0.0928768419387656,Chemicals,2.0
2024-03-15,241.2678375244141,251.31245469363049,236.5409544370337,246.1916709432797,3481021.0,279.86083602905273,286.0737591552734,0.7598646046136615,-0.0358126844393525,0.0204081632653061,0.0416326406050702,-0.0195918491908482,Chemicals,2.0
2024-03-18,243.92669677734372,254.80837129088064,242.25259647364885,244.22212977831265,4610189.0,275.9808555603028,286.0234317016602,0.782847050563602,0.0110203634276808,0.0012111548464026,0.0446104286955917,-0.006863128660423,Chemicals,2.0
2024-03-19,243.13888549804688,249.49064255853463,240.87393417173783,243.9759431804459,2105836.0,272.4726249694824,285.9457327270508,0.7760374271789705,-0.0032297050290316,0.0034427141536179,0.0261239869035214,-0.0093154631422673,Chemicals,2.0
2024-03-20,241.51402282714844,248.35814809363723,237.8703891985321,243.8774567953464,1204914.0,269.1293426513672,285.6903421020508,0.7619925624615724,-0.0066828581021503,0.0097859078347986,0.0283384177298355,-0.0150866338358499,Chemicals,2.0
2024-03-21,246.14242553710935,251.01701753597996,244.5175665462681,245.2069002082509,1889687.0,266.5344833374023,285.5797894287109,0.8019991987658556,0.0191641158380003,-0.0038007479889623,0.019803948824481,-0.0066012959257049,Chemicals,2.0
2024-03-22,258.55047607421875,260.56926577064297,247.8657667665305,248.06271709441316,4380747.0,264.39753875732424,285.5944665527344,0.909250964912948,0.0504100441442943,-0.0405636807908836,0.007808106668675,-0.0413254288675961,Chemicals,2.0
2024-03-26,257.6149597167969,261.6032525982821,252.64187014001055,259.2890449776147,2315978.0,262.460009765625,285.6088250732422,0.9011646195766752,-0.0036183122600529,0.0064984008019495,0.0154816043519743,-0.0193043508896119,Chemicals,2.0
2024-03-27,260.8154602050781,265.1976538826016,257.81190381101754,258.9936358435486,2230834.0,260.50278625488284,285.69203308105466,0.9288288629561,0.0124235816576787,-0.0069851087818837,0.0168018938527563,-0.0115160212960493,Chemicals,2.0
2024-03-28,263.6220397949219,275.73465736524673,261.16012321130364,271.30320751473386,8298643.0,258.7868316650391,285.8100775146484,0.9530881627504452,0.0107607869090158,0.0291370468333656,0.0459469078524221,-0.0093388116772535,Chemicals,2.0
2024-04-01,271.10626220703125,272.28799427559824,264.7545349833946,266.8717773912735,1815760.0,258.23536224365233,286.0778063964844,1.017779716797209,0.0283899723176845,-0.01561928072515,0.0043589257545979,-0.023428921087725,Chemicals,2.0
2024-04-02,273.96209716796875,277.55648947082386,268.84129850863167,272.7803651534468,2808162.0,257.84884185791014,286.1054876708984,1.0424647664324524,0.0105340058827436,-0.0043134872551272,0.0131200349975835,-0.0186916318435008,Chemicals,2.0
2024-04-03,277.8026733398437,280.2645899237617,270.6631152464816,273.96208947947025,2846112.0,257.2185913085938,286.2641864013672,1.0756616474593406,0.0140186405768397,-0.0138248628575118,0.0088621054445585,-0.0257001057892201,Chemicals,2.0
2024-04-04,274.99609375,281.8402341562611,272.9280777237943,280.4123104576992,2057403.0,256.7065124511719,285.7433862304688,1.0514023476649952,-0.0101027810715499,0.0196956132497763,0.0248881368201656,-0.0075201650976386,Chemicals,2.0
2024-04-05,277.8518981933594,280.6092627845032,270.3676658069583,274.65140665104974,1868231.0,256.6769683837891,285.2951892089844,1.0760871335147115,0.0103848909430531,-0.0115186959783962,0.0099238645086561,-0.0269360491508778,Chemicals,2.0
2024-04-08,270.5154113769531,279.57524654546114,269.18597038596147,279.57524654546114,2345543.0,256.63511657714844,284.809642944336,1.0126725652051167,-0.0264043069855176,0.0334910130346823,0.0334910130346823,-0.0049144741300491,Chemicals,2.0
2024-04-09,275.5376892089844,278.6889544249727,271.1554957664262,271.69710538822466,1760337.0,257.18658447265625,284.10124267578124,1.0560837494161883,0.0185655885794724,-0.0139385063139104,0.0114367846556127,-0.0159041525503773,Chemicals,2.0
2024-04-10,274.65142822265625,277.7042110210149,271.20474475253724,275.5377122472907,1632382.0,258.59726333618164,283.3547900390625,1.0484231539208142,-0.0032164782570123,0.0032269412555756,0.0111151171436245,-0.0125493010993004,Chemicals,2.0
2024-04-12,269.33367919921875,275.2422791085252,268.8412958734432,271.79559582809645,1285092.0,260.0030174255371,282.3710076904297,1.0024579982354058,-0.0193618109246694,0.0091407678244972,0.0219378427787932,-0.0018281535648995,Chemicals,2.0
2024-04-15,261.5047607421875,265.8869841690128,253.4296925879289,260.96315112884594,2220899.0,261.7042007446289,281.29859619140626,0.9347869866589344,-0.0290677292208985,-0.0020711271634382,0.0167577194938552,-0.0308792395646656,Chemicals,2.0
2024-04-16,261.5047607421875,266.1824021303461,256.6301840640374,257.0240846967124,999491.0,262.2679779052734,280.2527734375,0.9347869866589344,0.0,-0.0171342044892731,0.017887404324429,-0.0186404892374248,Chemicals,2.0
2024-04-18,256.1870422363281,265.59158193143685,254.61140955965453,260.91394026634896,1216761.0,263.0139381408692,279.119306640625,0.8888220947590533,-0.0203350734065679,0.0184509645326258,0.036709661866634,-0.0061503215108752,Chemicals,2.0
2024-04-19,253.62664794921875,256.82713967860514,247.9642545312669,251.1155049210856,1371749.0,263.4989356994629,277.8893328857422,0.8666907528126189,-0.0099942380565347,-0.009900943171539,0.0126189095478137,-0.0223257038001999,Chemicals,2.0
2024-04-22,259.78143310546875,261.2093567847474,256.03933181539804,256.03933181539804,804888.0,264.331063079834,276.7519274902344,0.9198910179380302,0.0242671076009422,-0.0144048065534824,0.005496634852649,-0.0144048065534824,Chemicals,2.0
2024-04-23,262.6864929199219,265.83775808942886,257.0240849188364,261.4555346588164,1389328.0,265.38968658447266,275.6223999023438,0.9450015536286454,0.011182707631279,-0.0046860356138705,0.0119962969335756,-0.0215557638238049,Chemicals,2.0
2024-04-24,261.0616455078125,265.14842110388906,259.9783961798578,262.9326961364471,810697.0,266.1356475830078,274.4456036376953,0.930956820804011,-0.0061855004193333,0.0071670835637116,0.0156544466274508,-0.0041494005212737,Chemicals,2.0
2024-04-25,262.4895324707031,265.88698935577054,259.978389592309,261.0616388928154,1304001.0,266.33260040283204,273.11222900390624,0.9432990818361056,0.0054695394266481,-0.0054398115019962,0.0129432090228078,-0.0095666400665878,Chemicals,2.0
2024-04-26,264.5575561523437,266.37938047667853,261.0616465442447,263.81898116026423,1264833.0,266.6797302246094,272.10776672363284,0.961174508086718,0.0078784996192998,-0.0027917365235042,0.0068863061438535,-0.0132141741061667,Chemicals,2.0
2024-04-29,272.7803649902344,280.65849827515086,264.9514580172712,265.3453887236718,6083209.0,267.2779754638672,271.7404486083984,1.0322501994627415,0.0310813607348095,-0.0272562736208258,0.0288808664259927,-0.0287004050795351,Chemicals,2.0
2024-04-30,266.527099609375,274.9960991847809,263.91747388190254,274.2082978509874,1328367.0,267.42322845458983,271.2047357177734,0.9781986984410606,-0.0229241770428866,0.0288195768943195,0.0317753788932464,-0.0097912209726408,Chemicals,2.0
2024-05-02,265.0992126464844,269.13673215025744,262.44033048540405,266.77329803635007,1312582.0,267.1228759765625,270.5606988525391,0.9658564374089658,-0.0053573800374646,0.0063149391246895,0.0152302206538696,-0.0100297625727995,Chemicals,2.0
2024-05-03,260.2245788574219,267.26565416696127,259.6829692384928,265.0991856385526,1225877.0,266.43600006103514,269.72660095214843,0.9237214475784808,-0.0183879602673997,0.0187323073113765,0.0270576874039143,-0.0020813161512535,Chemicals,2.0
2024-05-06,259.2398376464844,266.9702623674694,255.00535279432447,261.94794611192725,1448994.0,265.5078582763672,268.4808715820312,0.9152096161868368,-0.0037841975391457,0.0104463437796771,0.0298195863381409,-0.0163342366304605,Chemicals,2.0
2024-05-07,250.5738677978516,259.9783921871641,247.96424222014772,258.9936255500915,1522331.0,264.28674697875977,267.22627899169925,0.8403033632775989,-0.0334283878870896,0.033601898818246,0.0375319440609009,-0.0104145959059429,Chemicals,2.0
2024-05-08,258.1565856933594,259.92918379389494,248.99826735835777,250.1307430585168,1343263.0,263.30198135375974,266.22181732177734,0.9058462851133956,0.0302614073931488,-0.0310890485837759,0.0068663679284985,-0.0354758268529316,Chemicals,2.0
2024-05-09,247.7180633544922,258.5504818953939,246.1916719829286,258.1565812307601,2022943.0,262.1621139526368,265.21538635253904,0.8156185774278822,-0.0404348481400592,0.0421387029064976,0.0437288197486034,-0.0061618089165313,Chemicals,2.0
2024-05-10,248.60433959960935,250.82006457826247,240.67696500404784,248.1611976091481,942702.0,260.815446472168,264.1616857910156,0.8232793048160201,0.0035777618842793,-0.0017825191272806,0.0089126560792207,-0.0318875149497752,Chemicals,2.0
2024-05-13,244.91146850585935,250.03225219885243,239.88916749067937,249.98302588629284,900059.0,259.3284484863281,263.1326043701172,0.7913591457407733,-0.0148544112290942,0.0207077170022853,0.0209087133576619,-0.0205065979385111,Chemicals,2.0
2024-05-14,252.0017852783203,253.92209230921915,243.6312685688428,244.91146824732635,1484256.0,258.4618537902832,262.1734414672852,0.8526458880952209,0.0289505298209067,-0.0281359793668253,0.0076202120107125,-0.0332161008313208,Chemicals,2.0
2024-05-15,252.4449462890625,258.5012554051588,251.2139879299903,254.0698053124989,1079461.0,258.008863067627,261.26351776123045,0.8564764496284352,0.0017585629810231,0.006436488617902,0.0239906134193768,-0.0048761457781875,Chemicals,2.0
2024-05-16,258.1565856933594,261.2093684892582,254.069809878336,254.9560939022563,1449457.0,257.8414543151856,260.7839364624023,0.9058462851133956,0.0226252871695706,-0.0123974826460737,0.011825314421864,-0.0158306084039928,Chemicals,2.0
2024-05-17,263.8189697265625,265.44382862817866,257.3195040674057,259.1905846750707,1148558.0,258.2230506896973,260.42646575927733,0.9547903707574578,0.021933912776213,-0.0175437917003805,0.0061589919151767,-0.0246360815747753,Chemicals,2.0
2024-05-21,259.9291687011719,265.3453852639319,257.8611527303067,264.80374557604006,969514.0,258.5381767272949,259.8168954467773,0.9211680036751986,-0.0147442052003396,0.0187534815704821,0.0208372788241661,-0.0079560750384374,Chemicals,2.0
2024-05-22,260.71697998046875,262.73573966462226,252.59265482527,259.7814396081864,1493851.0,258.58495407104493,259.326481628418,0.92797762705983,0.0030308690757311,-0.0035883369481821,0.0077431078110246,-0.0311614730878186,Chemicals,2.0
2024-05-23,255.44847106933597,266.37938724019324,253.7743857430658,262.3418378371043,3039060.0,258.2230529785156,258.8665954589844,0.8824380893225566,-0.0202077705545971,0.0269853514445084,0.0427910808199369,-0.0065535147627316,Chemicals,2.0
2024-05-24,247.8657684326172,254.9560854684792,247.570335425634,252.05102679022949,2048112.0,257.56325912475586,258.3968618774414,0.8168952993795234,-0.029683883426574,0.0168851809754846,0.028605470939766,-0.0011919072522655,Chemicals,2.0
2024-05-27,242.99118041992188,249.73683824758928,241.85870473853404,247.2749215260095,1695102.0,256.5883415222168,257.9665188598633,0.7747607052273293,-0.0196662413027819,0.0176292040669325,0.0277609163263043,-0.0046605629036854,Chemicals,2.0
2024-05-28,246.14242553710935,247.3241425328436,236.984092524062,244.02518321251665,2177196.0,255.66758499145507,257.9606103515625,0.8019991987658556,0.0129685575902043,-0.0086016960301447,0.0048009480411823,-0.0372074541520541,Chemicals,2.0
2024-05-29,239.24905395507807,245.20689517648285,237.8703866594036,245.20689517648285,1755570.0,253.99101943969723,257.92121948242186,0.742414796311184,-0.028005621407968,0.0249022561339924,0.0249022561339924,-0.0057624775224123,Chemicals,2.0
2024-05-30,234.5714111328125,241.07087698093017,231.76483521875667,238.8059106989288,1467551.0,252.39323501586915,258.0630258178711,0.7019825420587661,-0.0195513534742917,0.0180520701379025,0.0277078345427086,-0.0119646972344245,Chemicals,2.0
2024-05-31,231.17398071289065,240.33231394448543,227.57958830126955,236.98409817926785,2650793.0,250.69697341918945,257.6819210815429,0.6726160906723289,-0.0144835655952901,0.0251330943407215,0.0396166264185635,-0.0155484298039803,Chemicals,2.0
2024-06-03,230.6815948486328,237.2795286010404,226.49633645756904,235.85161991994687,3507618.0,249.21982421875,257.47019622802736,0.6683600430837432,-0.0021299363481106,0.022411953041622,0.0286019079967647,-0.0181430096051228,Chemicals,2.0
2024-06-04,212.61111450195312,231.91254692307464,205.8162306026437,231.42016359627405,3237505.0,246.88838806152344,256.84388458251954,0.5121637956142979,-0.0783351630568405,0.0884669135871922,0.0907828006373778,-0.0319592130224545,Chemicals,2.0
2024-06-05,220.29229736328125,223.3450799994011,205.91471323925532,217.1410470776281,2065777.0,245.3743095397949,256.3869528198242,0.578557821453601,0.0361278519202605,-0.0143048591501884,0.013857872801996,-0.0652659411886563,Chemicals,2.0
2024-06-06,227.6780548095703,232.84807991133465,223.59127907300024,226.10243712769804,2300057.0,243.85038299560543,256.1102334594727,0.6423982714968581,0.0335270798602154,-0.0069203757173265,0.0227076127564798,-0.0179498008272612,Chemicals,2.0
2024-06-07,232.1587371826172,232.8973121683519,226.54557029630251,229.45062890158985,1762399.0,243.07241668701167,255.8305596923828,0.6811280539567365,0.0196799044896729,-0.0116648992576883,0.0031813361611876,-0.0241781418801365,Chemicals,2.0
2024-06-10,240.5587921142578,245.94546680351357,233.3896922219528,235.3592254896486,2794298.0,242.6701393127441,255.4707260131836,0.7537358116747295,0.0361823769097826,-0.0216145358018741,0.0223923417718909,-0.0298018618621094,Chemicals,2.0
2024-06-11,242.77452087402344,245.00994537553436,238.00825389725944,242.0556454273398,1445208.0,242.56329193115235,255.17391723632807,0.772887959876983,0.0092107577540264,-0.0029610827532294,0.0092078216999997,-0.0196324843299235,Chemicals,2.0
2024-06-12,240.29290771484372,244.7145154354152,239.2096734027687,244.2221321045592,1174077.0,241.9778480529785,254.76346618652343,0.7514375802690118,-0.0102218846946768,0.0163518117412697,0.0184009081359095,-0.0045079745481316,Chemicals,2.0
2024-06-13,244.6849670410156,247.1764254258699,239.33767639838132,243.02070902337505,2138672.0,241.58984909057617,254.3847247314453,0.7894013295579054,0.0182779399023459,-0.006801635743162,0.0101823108096239,-0.0218537767452543,Chemicals,2.0
2024-06-14,246.24090576171875,248.50587207968488,242.7449811216348,245.50233076844805,1679306.0,240.99406509399412,253.88741760253907,0.8028504346621254,0.0063589469329446,-0.0029994000833696,0.0091981724602567,-0.014197172599206,Chemicals,2.0
2024-06-18,248.67327880859372,251.1647372324209,245.3053786668157,249.14596259348892,2067963.0,240.2367805480957,253.3816412353516,0.8238751963219617,0.0098780218475509,0.0019008225860046,0.0100190033917753,-0.0135434742241459,Chemicals,2.0
2024-06-19,249.8648376464844,254.06979544514343,245.84698791535308,249.99286211928688,2553392.0,239.7335639953613,252.8228845214844,0.8341747022314305,0.004791664161101,0.0005123749064028,0.0168289297456425,-0.0160800926171766,Chemicals,2.0
2024-06-20,256.2362976074219,257.8611565900325,246.24090696708885,248.1611989537233,3100585.0,239.509529876709,252.4476885986328,0.8892478445999518,0.0254996262017147,-0.0315142652664705,0.0063412521870733,-0.0390084883900676,Chemicals,2.0
2024-06-21,262.1448974609375,265.8771414721983,252.1494917988932,257.46725581616164,4800825.0,239.84435119628907,252.1335485839844,0.940320151877452,0.0230591836858654,-0.0178437257031596,0.0142373322822997,-0.0381293161105061,Chemicals,2.0
2024-06-24,270.0821228027344,270.81084053859416,260.0374905144069,262.44032364921947,5704513.0,240.9551689147949,252.1248828125,1.0089273382899513,0.0302780081499759,-0.0282943538587943,0.0026981339168161,-0.0371910298397054,Chemicals,2.0
2024-06-25,266.4384765625,274.45449194428767,265.88700961344324,271.79560982707534,2372936.0,242.12753372192384,251.94289855957032,0.9774326652700758,-0.0134908827079075,0.020106455094967,0.0300858024907197,-0.0020697721897062,Chemicals,2.0
2024-06-26,260.3427429199219,267.11794198023847,258.99361747761367,266.4384506176217,1474883.0,242.8375495910645,251.6567248535156,0.9247428251397938,-0.0228785786543416,0.0234141640720704,0.0260241517943926,-0.0051821127302295,Chemicals,2.0
2024-06-27,249.530029296875,260.9631710917998,248.16120420805117,260.34276327284863,2369871.0,243.3515983581543,251.26065185546875,0.8312807112125349,-0.0415326100577066,0.0433323957298514,0.0458187009681401,-0.0054856126642589,Chemicals,2.0
2024-06-28,252.3070526123047,258.1565688625867,249.24444278485868,251.0761093377112,1749820.0,244.2383804321289,251.0766976928711,0.8552845347237884,0.0111290145048064,-0.0048787509578059,0.0231841170895463,-0.0121384233842722,Chemicals,2.0
2024-07-01,253.4789276123047,254.95607757514176,250.6723516987221,254.80836858939665,1259783.0,245.3536277770996,250.91618103027344,0.8654138989682142,0.0046446383003042,0.0052447790813021,0.0058275059656887,-0.0110722257665348,Chemicals,2.0
2024-07-02,251.5586395263672,254.75914618797643,248.1611975649732,253.9713148307573,1466513.0,246.39748001098636,250.82361297607423,0.8488154584547701,-0.0075757306693145,0.0095909061558476,0.0127227061954029,-0.0135055666058245,Chemicals,2.0
2024-07-03,253.4789276123047,254.95607757514176,248.3581440797388,251.55863566588576,1170673.0,248.4408706665039,250.82065856933596,0.8654138989682142,0.0076335604674639,-0.007575745899304,0.0058275059656887,-0.0202020088249629,Chemicals,2.0
2024-07-04,255.6946563720703,258.0088640255866,253.47893139475136,253.47893139475136,1307351.0,250.21098861694333,250.738923034668,0.8845660471704676,0.0087412740011058,-0.0086655114688621,0.0090506688186271,-0.0086655114688621,Chemicals,2.0
2024-07-05,257.8118896484375,263.818972053873,255.34997309315185,255.94083907695887,1164595.0,251.71768035888672,250.6414309692383,0.9028668275836876,0.0082803188240521,-0.0072574254586553,0.0233002535826682,-0.0095492747004136,Chemicals,2.0
2024-07-08,266.2316589355469,272.78035087933176,263.1296501256163,264.70525265893906,4680445.0,253.4213264465332,250.74483123779297,0.975644990752251,0.0326585763697357,-0.0057333762735458,0.024597720533944,-0.0116515399495803,Chemicals,2.0
2024-07-09,264.1636657714844,268.1519588627067,259.92918100666327,267.80731456182406,2177934.0,254.60157012939453,250.7783139038086,0.9577698282871658,-0.007767645562255,0.0137931489544502,0.0150978109709924,-0.0160297774202003,Chemicals,2.0
2024-07-10,258.55047607421875,265.4930990994432,253.57741643320804,264.1636580901284,1303829.0,255.3903678894043,250.6581723022461,0.909250964912948,-0.021248909008256,0.0217101979510503,0.0268520991747525,-0.0192343859370158,Chemicals,2.0
2024-07-11,269.62908935546875,275.4392364733042,268.3981310767226,270.2199553398053,10683289.0,256.85717697143554,250.5951467895508,1.0050114421386882,0.042848937853318,0.0021914029593357,0.0215486657308536,-0.0045653763905395,Chemicals,2.0
2024-07-12,270.36767578125,280.65849944878283,268.841299471992,274.7498994603874,6440024.0,258.1413124084473,250.6719583129883,1.0113955794679483,0.0027392683317174,0.0162083861041248,0.0380623298913105,-0.0056455576830604,Chemicals,2.0
2024-07-15,278.5904846191406,281.54478462581807,266.871767269859,274.74990062099874,6685739.0,259.75879135131834,250.9417837524414,1.082471270843972,0.0304134316875348,-0.0137857687544221,0.010604454099415,-0.0420643130195284,Chemicals,2.0
2024-07-16,287.50262451171875,292.9680671894708,278.34427698476884,280.65848453445096,10232727.0,261.7002586364746,251.48734466552733,1.1595053497083574,0.0319901087245024,-0.0238054869547419,0.0190100618630324,-0.0318548310385132,Chemicals,2.0
2024-07-18,281.9386901855469,291.19552107626066,280.65850551480264,288.04425565992904,3990676.0,263.30395126342773,251.9413217163086,1.111412236175038,-0.0193526383824196,0.0216556495682236,0.0328327796536962,-0.0045406491386539,Chemicals,2.0
2024-07-19,272.09100341796875,281.1508682875408,270.81081884088866,281.1508682875408,2959028.0,264.09668655395507,252.37166442871091,1.0262915481888528,-0.0349284688848389,0.033297186440431,0.033297186440431,-0.0047049867911787,Chemicals,2.0
2024-07-22,277.75341796875,280.1661082506854,264.9514516866449,269.28444893197315,2300077.0,264.8771125793457,252.76360107421877,1.075235897618442,0.0208107378768529,-0.0304909624468768,0.008686446775632,-0.0460911205908021,Chemicals,2.0
2024-07-23,271.8940734863281,278.4427655877563,255.00533173442628,277.70419061272247,3813979.0,264.9677101135254,253.24712127685547,1.0245893401818402,-0.0210954901123164,0.0213690465992686,0.0240854536380965,-0.0621151521816861,Chemicals,2.0
2024-07-24,287.4041442871094,289.5213865112621,269.67834511295047,270.8108207163166,4117450.0,266.01599349975584,254.02311737060543,1.1586541138120876,0.0570445342993515,-0.0577351576190789,0.007366776945421,-0.0616755169558421,Chemicals,2.0
2024-07-25,283.7112731933594,287.0594737375643,281.4955482674262,286.3701250728636,1820844.0,267.1844200134277,254.79911346435543,1.126733954736841,-0.0128490530396141,0.0093716821667924,0.0118014363917184,-0.0078097881025089,Chemicals,2.0
2024-07-26,286.51788330078125,294.44524321234337,282.92346080469554,284.59757621527507,4243107.0,269.03381271362304,255.4894354248047,1.1509935183167133,0.0098924870902435,-0.0067022241801579,0.0276679410731235,-0.0125451942289841,Chemicals,2.0
2024-07-29,295.13458251953125,297.8426908574383,284.15441012549854,287.551867152314,4797892.0,271.1751892089844,256.3432281494141,1.225473889492289,0.0300738617760356,-0.0256923987100543,0.0091758421354359,-0.0372039504835258,Chemicals,2.0
2024-07-30,326.893310546875,338.21812733568856,300.4523192511497,301.3386032501702,47061718.0,274.8459083557129,257.71796264648435,1.499987574082044,0.1076076133004238,-0.0781744577579551,0.0346437703783775,-0.0808856909659331,Chemicals,2.0
2024-07-31,320.2953491210937,331.4724564768265,318.3750421552476,328.61663923617004,6654925.0,278.2827438354492,258.847490234375,1.4429566155306548,-0.0201838373955808,0.0259800529040159,0.0348962524320233,-0.0059954256941775,Chemicals,2.0
2024-08-01,341.5663146972656,354.3190246388173,319.35980895947813,323.49584086374466,32541135.0,282.68711318969724,260.48023315429685,1.626816974486761,0.0664104728168562,-0.0529047305192756,0.037335970769994,-0.0650137463276183,Chemicals,2.0
2024-08-02,371.1585388183594,374.211321398199,335.1160739573627,337.7749558936375,35128581.0,288.4603073120117,262.6890643310547,1.8826039969296335,0.0866368340429638,-0.0899442675655628,0.0082250096941285,-0.0971080039697953,Chemicals,2.0
2024-08-05,378.4950866699219,390.8538967179874,349.592178051466,358.5043046539537,42742615.0,294.4944671630859,265.1499966430664,1.946019092810283,0.0197666147596106,-0.0528164901474712,0.0326524979671492,-0.0763627049237275,Chemicals,2.0
2024-08-06,379.4798278808594,413.4542767053723,371.5032121463048,387.7026352735626,31280502.0,300.1568756103516,267.78227783203124,1.954530924201927,0.0026017278575567,0.0216686284449483,0.0895289981927036,-0.0210198675884794,Chemicals,2.0
2024-08-07,379.5783081054688,398.83048362739305,371.798627716015,392.9218838699502,10195992.0,305.9276077270508,270.5140203857422,1.9553821600981969,0.0002595137274076,0.0351536836524752,0.0507199044592794,-0.0204955874014067,Chemicals,2.0
2024-08-08,395.8761901855469,405.3299559617104,377.1656239827474,380.4645982448322,18321151.0,312.7938934326172,273.5086956787109,2.096256557113076,0.0429368110138412,-0.0389303330758318,0.0238806121977999,-0.0472636815920398,Chemicals,2.0
2024-08-09,389.8691101074219,402.7695592125432,386.2747178511493,402.7695592125432,5713077.0,318.80589447021487,276.52109680175784,2.0443330139393057,-0.0151741383469146,0.0330891798572263,0.0330891798572263,-0.0092194845990291,Chemicals,2.0
2024-08-12,380.9077453613281,388.7366526026493,377.1164176301584,387.0133108875014,4099618.0,324.3328979492188,279.4478234863281,1.966873449019549,-0.0229855726287845,0.0160289875974601,0.0205532897050826,-0.009953401518715,Chemicals,2.0
2024-08-13,369.23828125,383.5666245223769,365.8900504726043,382.0894744921239,2827621.0,328.8652877807617,282.2091094970703,1.866005820201717,-0.0306359328562838,0.0348046069292113,0.0388051402034221,-0.0090679405343909,Chemicals,2.0
2024-08-14,380.9077453613281,397.156395818437,368.893609721628,371.10933478396106,9761330.0,333.53554382324216,285.21363250732423,1.966873449019549,0.0316041556466543,-0.0257238417876547,0.042657705586153,-0.0315408016403119,Chemicals,2.0
2024-08-16,398.43658447265625,402.5725862866682,385.2407176423832,387.1609945390947,7637884.0,339.36043853759764,288.9301419067383,2.11838789905951,0.0460185945935552,-0.0282995848598721,0.0103805774248519,-0.033119114420023,Chemicals,2.0
2024-08-19,410.4507446289063,417.9349774881493,400.8000430819182,401.735583459084,8043304.0,346.2784255981445,292.7333108520508,2.22223498540705,0.030153255560483,-0.0212331474211401,0.0182341802449637,-0.0235124474087953,Chemicals,2.0
2024-08-20,416.8517150878906,428.37349702906,411.8786554767916,412.5680041597548,7782623.0,353.23334045410155,296.5167840576172,2.2775632083803723,0.0155949783079857,-0.0102763423373047,0.027640001286165,-0.0119300447403714,Chemicals,2.0
2024-08-21,438.7135620117188,443.0465294531474,408.6781778560343,419.0182281391388,10698615.0,361.5743148803711,300.6478805541992,2.4665309827140978,0.0524451408799378,-0.0448933782267115,0.0098765295095046,-0.0684624017957352,Chemicals,2.0
2024-08-22,444.0312805175781,445.75462217077,424.6313953675488,440.5845972111944,5868052.0,369.40567169189455,304.71733032226564,2.512495874613979,0.0121211627957772,-0.0077622533763074,0.0038811266881537,-0.0436903569663293,Chemicals,2.0
2024-08-23,492.7279968261719,499.2766890047489,439.3536326471906,445.1145235308609,19983195.0,379.8565078735352,309.7163998413086,2.933416857651603,0.1096695625853907,-0.0966323683695782,0.0132906841518227,-0.1083241961544374,Chemicals,2.0
2024-08-26,476.380859375,501.64011753597305,473.328076797924,492.186351835512,8527287.0,389.3496566772461,314.4381588745117,2.792116710795826,-0.0331767984698846,0.0331782693394702,0.0530232431968669,-0.0064082813509367,Chemicals,2.0
2024-08-27,471.9986572265625,480.6646220334329,464.0220711687681,476.3808809692175,4630976.0,398.19286041259767,318.9844326782227,2.754238164232217,-0.0091989467296961,0.0092843987489386,0.0183601471618397,-0.0168995948095792,Chemicals,2.0
2024-08-28,481.6493835449219,492.18636886562194,473.72199383235744,474.0666681768504,5630307.0,405.9306640625,323.6926022338867,2.8376563804258628,0.0204465122317645,-0.0157432265609123,0.0218768790757049,-0.0164588391128399,Chemicals,2.0
2024-08-29,474.1159362792969,490.4138130243911,466.87789507653054,483.1265455080616,3519055.0,413.62169342041017,328.20145538330075,2.772539340323728,-0.0156409361726555,0.0190050756350375,0.0343752983141518,-0.0152663950922385,Chemicals,2.0
2024-08-30,481.4524230957031,485.4899724879879,469.9798973020126,475.5438230248554,2969491.0,420.61599884033205,332.83320709228514,2.835953908633323,0.0154740354732231,-0.0122724485066579,0.0083861856303963,-0.0238289916995807,Chemicals,2.0
2024-09-02,480.4676513671875,501.6893910968772,476.62706737204246,483.865108393293,4350254.0,426.0814544677734,337.31783416748044,2.827441813456152,-0.0020454185736227,0.0070711462393731,0.0441689251488679,-0.0079934288691788,Chemicals,2.0
2024-09-03,496.12542724609375,504.2005258134013,480.5661261658981,483.2742344588412,5836252.0,431.9629714965821,341.9974447631836,2.96278330903804,0.0325886161833195,-0.0259031125628599,0.0162763247433841,-0.031361627978962,Chemicals,2.0
2024-09-04,502.4279479980469,511.5862656605955,492.7772169664816,496.3223828545527,7051650.0,438.1103775024414,346.64436126708983,3.01726055990062,0.0127034826393344,-0.0121521208519991,0.0182281214630684,-0.0192081890946137,Chemicals,2.0
2024-09-05,483.7174072265625,506.1208492887058,482.53567518462455,505.1853089177804,4260354.0,443.3173324584961,350.9899398803711,2.855531806676475,-0.0372402467777471,0.0443810815374745,0.0463151454288062,-0.0024430215334062,Chemicals,2.0
2024-09-06,469.7829284667969,486.5732182420842,465.5976701142689,484.4067195444039,3615625.0,447.0126693725586,355.1787435913086,2.7350860160299635,-0.0288070649341734,0.0311288260842808,0.0357405277158213,-0.0089089196284487,Chemicals,2.0
2024-09-09,468.9951171875,478.9904926771254,452.9926591207349,469.4875005126312,3717888.0,450.9689697265625,359.5680453491211,2.728276392645332,-0.0016769687265308,0.0010498687664042,0.0213123231422245,-0.0341207349081364,Chemicals,2.0
2024-09-10,480.2707214355469,486.474739493024,470.8661816181847,471.5062739490841,3798234.0,455.93711853027344,364.127318725586,2.8257396054491397,0.0240420504069746,-0.0182489731213792,0.012917751969,-0.0195817471222305,Chemicals,2.0
2024-09-11,476.7255554199219,487.3117972215143,473.72199901669086,481.64938881601137,2150866.0,461.3114822387696,368.5922512817383,2.795096168325533,-0.007381599288477,0.0103284444060323,0.0222061554729693,-0.0063003889115726,Chemicals,2.0
2024-09-12,477.464111328125,488.8381539969893,474.6575203940944,479.38438824416176,2168647.0,466.13930053710936,373.1103607177735,2.801480041869267,0.0015492265933857,0.0040218246156664,0.0238217750800704,-0.0058781191453819,Chemicals,2.0
2024-09-13,474.8052368164063,486.9671110192352,473.278860521852,479.3843957527623,1882321.0,469.9577331542969,377.5368869018555,2.7784974640265627,-0.0055687421287492,0.0096442890290333,0.0256144483249067,-0.0032147419114174,Chemicals,2.0
2024-09-16,497.4548645019531,504.0035566779098,464.31747292218125,475.19913232377655,5735575.0,474.3079391479493,382.3720910644531,2.974274597959392,0.0477029862547721,-0.0447391990034287,0.0131643946883766,-0.0666138657885047,Chemicals,2.0
2024-09-17,492.9741821289063,516.9040293248773,483.9635734541011,498.2919159326689,10843828.0,478.1140625,387.0753369140625,2.935544815499514,-0.009007213905794,0.0107870432094396,0.0485417858854801,-0.0182780539051616,Chemicals,2.0
2024-09-18,524.240478515625,533.6942739938165,493.565034810517,494.3528360740205,8994190.0,482.3904083251953,392.2355133056641,3.2058020568223924,0.0634238009213696,-0.057011321457341,0.0180333184208891,-0.0585140693293367,Chemicals,2.0
2024-09-19,505.38226318359375,529.5582727253374,494.3036382311808,527.8349310660732,5284703.0,485.4579574584961,397.0598852539063,3.0427968454321337,-0.0359724517752384,0.044427099085436,0.047837075621629,-0.0219212777326701,Chemicals,2.0
2024-09-20,510.3553161621094,520.3507216978393,501.344707328686,509.1243578500928,3985574.0,486.33932342529295,402.0959820556641,3.085782543587834,0.0098401810684618,-0.0024119633381571,0.019585189414496,-0.0176555598581463,Chemicals,2.0
2024-09-23,514.392822265625,518.9720111117058,507.6964212400993,512.7187670882822,2359314.0,488.2399215698242,406.9912567138672,3.1206816326217344,0.0079111669373365,-0.0032544295038361,0.0089021243063072,-0.0130180685570837,Chemicals,2.0
2024-09-24,522.3202514648438,528.8196872661844,516.805522201071,518.4796375151697,3153500.0,490.7560012817383,412.0303082275391,3.1892041438800027,0.0154112360361147,-0.0073529868675455,0.0124433923117339,-0.0105581379399071,Chemicals,2.0
2024-09-25,523.5512084960938,536.6978191054209,519.5136292065646,521.2861971384962,3848512.0,492.85109252929686,416.9295227050781,3.199844196905085,0.0023567093709228,-0.0043262460688494,0.0251104579570944,-0.0077119090243858,Chemicals,2.0
2024-09-26,533.9404907226562,539.6521252830419,512.7187813936431,525.1760434779121,3799856.0,495.84232025146486,421.8582800292969,3.2896462866424634,0.0198438702040356,-0.0164146518142536,0.0106971369649364,-0.0397454579634724,Chemicals,2.0
2024-09-27,563.3357543945312,568.9489363632862,529.8044617281661,534.7282950156026,7018076.0,499.9364868164063,427.48622131347656,3.5437308372927965,0.0550534454356332,-0.0507822540212731,0.0099641855234058,-0.0595227489197882,Chemicals,2.0
2024-09-30,568.8012084960938,575.4976699828628,544.7729376446222,563.286539147989,3868003.0,504.3531646728516,433.4204254150391,3.5909727149298463,0.0097019478329344,-0.0096952490004118,0.0117729382194431,-0.0422437056964104,Chemicals,2.0
2024-10-01,562.4987182617188,568.7519623999357,557.8703030205243,567.6687431352541,2147426.0,507.6718292236328,439.1153314208984,3.536495727852793,-0.0110803038745974,0.0091911762741649,0.0111169037994276,-0.0082283125115335,Chemicals,2.0
2024-10-03,546.6932373046875,563.2373052310306,543.5911982723912,549.4997982536129,2299668.0,509.8850936889648,444.6113146972656,3.399877510319264,-0.0280986968394784,0.0051337034325911,0.0302620680071128,-0.0056741858516303,Chemicals,2.0
2024-10-04,533.4481201171875,552.946488270197,520.6461533362212,545.1175811792208,3354778.0,512.3716293334961,449.5321942138672,3.285390370946641,-0.0242276953210564,0.0218755313252763,0.0365515734664623,-0.0239985226270061,Chemicals,2.0
2024-10-07,494.5498352050781,545.5115105331786,485.83464413842944,538.3719521538794,4822139.0,513.6099746704101,453.7489654541016,2.949164326054304,-0.0729185902905876,0.0886101133379799,0.1030465924773138,-0.0176224728960524,Chemicals,2.0
2024-10-08,492.13714599609375,506.17007111954416,475.9377221658401,493.3188780275672,4675271.0,514.7670761108399,457.8613507080078,2.928309706059511,-0.0048785562894463,0.0024012250265759,0.0285142571285643,-0.0329164826553901,Chemicals,2.0
2024-10-09,499.4736633300781,516.0177312419487,494.7467653176197,496.3223979884392,2440182.0,515.7272232055664,461.9481323242188,2.9917245381546334,0.014907465111448,-0.0063091721806289,0.0331230035264891,-0.0094637582709433,Chemicals,2.0
2024-10-10,511.53704833984375,519.4644078508986,502.9203401527436,505.0375523869135,1806167.0,517.4677978515625,465.6410070800781,3.095997110557545,0.024152194390665,-0.0127058166637663,0.0154971365940796,-0.0168447392326032,Chemicals,2.0
2024-10-11,500.8523254394531,512.472589969813,499.276692785017,511.4878233173772,1075908.0,518.6372085571289,469.2521466064453,3.003641313131357,-0.0208874859310134,0.0212347978390483,0.0232009794906395,-0.0031459026431666,Chemicals,2.0
2024-10-14,490.0691223144531,507.8441785581985,487.45949667611967,501.3939389038984,1601247.0,519.4004028320312,472.2222027587891,2.9104342798088987,-0.021529705618395,0.0231086107526248,0.0362705084535808,-0.0053250154304946,Chemicals,2.0
2024-10-15,494.7467651367188,499.0305061283295,480.7630965634562,491.34933818334673,1431343.0,519.2649978637695,474.69396728515625,2.950866534061317,0.0095448633861576,-0.0068670018538335,0.0086584517443524,-0.0282642951074137,Chemicals,2.0
2024-10-16,492.9249267578125,504.0035513932385,483.9143180648712,494.7467510417322,1812665.0,519.2625350952148,476.98256408691407,2.9351190656586152,-0.0036823654186052,0.0036959467558328,0.0224752777431953,-0.018279880370847,Chemicals,2.0
2024-10-17,473.4757995605469,497.1101994731071,470.7184649251589,494.45134751456027,2062694.0,516.7243011474609,478.8624835205078,2.76700617510521,-0.0394565706489854,0.0443012039337209,0.0499168065917969,-0.0058236020467089,Chemicals,2.0
2024-10-18,475.2483825683594,486.03155915611416,458.0149665100049,472.6879833148653,2215115.0,515.2176071166992,480.7758850097656,2.7823278936670133,0.0037437668608569,-0.005387497038195,0.0226895597823602,-0.0362619141704825,Chemicals,2.0
2024-10-21,458.0149841308594,482.04328486324863,454.962201443965,476.6270681793919,2034037.0,512.6005905151367,482.0186608886719,2.633367151315862,-0.0362618770933347,0.0406364086184893,0.0524618223527904,-0.0066652463187146,Chemicals,2.0
2024-10-22,430.8354187011719,458.0149848400589,426.6993866605631,457.9165021623884,3414904.0,508.4227203369141,482.8379870605469,2.398434485082255,-0.0593420878604312,0.0628571428571429,0.063085728236607,-0.0096000279017857,Chemicals,2.0
2024-10-23,450.87542724609375,457.9165029475441,427.5364450747865,430.83541943989366,2599726.0,504.85047912597656,484.2373406982422,2.571654791013279,0.0465143014595595,-0.0444468839843471,0.0156164547366366,-0.0517637040320863,Chemicals,2.0
2024-10-24,434.2328796386719,450.973913201432,432.3125725912776,450.973913201432,1019380.0,500.3845626831055,485.5372326660156,2.4278012002542195,-0.0369116314656424,0.0385531228696696,0.0385531228696696,-0.0044222976597078,Chemicals,2.0
2024-10-25,422.46490478515625,438.2211716302903,416.1624040576414,433.59275622345456,2095568.0,494.81078338623047,486.3683758544922,2.3260820717545903,-0.0271006075433712,0.0263402978857081,0.0372960372960371,-0.0149184006911058,Chemicals,2.0
2024-10-28,441.1262512207031,446.0008283091626,414.7344858723101,418.5258436429083,1841500.0,488.70030822753904,487.2221691894531,2.487385602708891,0.0441725365211983,-0.0512334224391635,0.0110502992623322,-0.0598281450613301,Chemicals,2.0
2024-10-29,434.6267700195313,447.3794801943647,425.86235278393866,444.1297622477754,3262174.0,481.99158630371096,487.7056896972656,2.4312058800537715,-0.014733834550055,0.021864719073372,0.0293417503350295,-0.0201653875006335,Chemicals,2.0
2024-10-30,426.9455871582031,442.16024456578737,423.7450954102325,435.61155207663256,1884994.0,475.2139297485352,487.9075671386719,2.3648118542144685,-0.0176730551157328,0.0202975863414143,0.0356360572991389,-0.0074962520851273,Chemicals,2.0
2024-10-31,404.68988037109375,432.7557308345941,401.83403294844186,430.3430404403383,3316624.0,468.1137619018554,487.2270935058594,2.1724396638667183,-0.0521277358439182,0.063389675189607,0.069351500555844,-0.0070568787636426,Chemicals,2.0
2024-11-01,426.7486267089844,435.2668520796425,409.7614022782744,410.3522682690115,2578719.0,462.7787872314453,486.8814404296875,2.363109382421929,0.0545077784442327,-0.0384215845436197,0.0199607563739554,-0.0398061607408386,Chemicals,2.0
2024-11-04,411.5339965820313,420.4461532196848,402.8188053048155,417.7872711172479,2804355.0,458.627995300293,485.2575604248047,2.231598316480491,-0.0356524407454708,0.0151950375598439,0.0216559426722284,-0.0211773300616697,Chemicals,2.0
2024-11-05,417.0486755371094,419.0182088336247,406.7086257304042,411.6324589716924,1450905.0,454.8735717773437,484.0709167480469,2.279265680172912,0.0134002998558562,-0.0129870129870129,0.0047225501770957,-0.0247933884297519,Chemicals,2.0
2024-11-06,436.3008728027344,442.0617639869993,420.3968966670041,424.3852198188927,2541903.0,451.7149322509766,483.3569610595703,2.445676362719305,0.0461629502619339,-0.0273106329292839,0.013203941461904,-0.036451854963217,Chemicals,2.0
2024-11-07,424.7298583984375,440.9785086695296,421.6771057229937,438.1719476648599,1698087.0,447.3745727539063,482.2185705566406,2.3456597060122157,-0.0265207225691902,0.031648562022716,0.0382564351194005,-0.0071875160530391,Chemicals,2.0
2024-11-08,412.7649536132813,428.4227380310346,411.2878035728763,424.7298629300224,1287159.0,442.97020416259767,480.99155090332033,2.242238369505573,-0.0281706231586196,0.0289872219334565,0.037933899864045,-0.0035786711722354,Chemicals,2.0
2024-11-11,406.954833984375,417.54107588475495,404.591399942736,409.81065137021767,1360871.0,438.8144897460937,479.50159912109376,2.1920172981243438,-0.0140760972510998,0.0070175290901013,0.0260133091349061,-0.0058076077349894,Chemicals,2.0
2024-11-12,398.2888793945313,418.4273391420901,395.3838057867272,408.67815542090113,1316916.0,433.9915954589844,477.8580236816407,2.117111177107869,-0.0212946348492729,0.0260847755582918,0.0505624454746835,-0.0072938858152912,Chemicals,2.0
2024-11-13,379.2828674316406,399.71677532187874,377.1656251547569,392.97111779094826,2679055.0,428.30949249267576,475.52117248535154,1.9528284524093875,-0.0477191630150033,0.0360898198539767,0.053875114445872,-0.0055822249267963,Chemicals,2.0
2024-11-14,386.9640808105469,396.7132649794602,379.1351736453636,379.1351736453636,1579226.0,423.9839065551758,473.2118951416016,2.0192227420342177,0.0202519386939898,-0.0202316120627646,0.0251940287286933,-0.0202316120627646,Chemicals,2.0
2024-11-18,380.3661193847656,391.74016219577646,378.593551432011,387.94883462723504,973005.0,419.2397933959961,471.1448693847656,1.9621917834828284,-0.0170505784721955,0.0199353066848706,0.0299028810173949,-0.0046601625707929,Chemicals,2.0
2024-11-19,384.0589904785156,398.68278112650535,380.6123072306315,380.6123072306315,1287062.0,415.5419937133789,469.430390625,1.9941119425580756,0.0097087277376942,-0.008974358974359,0.038076938726963,-0.008974358974359,Chemicals,2.0
2024-11-21,378.6920166015625,388.6874224939839,375.7377165472967,386.5209237664446,1084448.0,412.93482360839846,467.6243286132813,1.947721300817296,-0.0139743477174331,0.0206735468973966,0.0263945513880161,-0.0078013264731011,Chemicals,2.0
2024-11-22,387.4071960449219,391.3955190290661,378.1996218106452,382.729554433932,1145855.0,409.7614120483398,465.7670581054688,2.023052907889141,0.0230138979996744,-0.0120742248950055,0.0102949119811439,-0.0237671739923205,Chemicals,2.0
2024-11-25,388.3919677734375,403.5573684471615,385.3884414576967,398.8305004627545,1452676.0,407.4693664550781,464.0003863525391,2.0315650030663126,0.0025419551793803,0.0268762836398464,0.0390466382728349,-0.0077332348888659,Chemicals,2.0
2024-11-26,405.0837707519531,408.6781630428759,387.06252288013314,388.9828298841831,1978677.0,406.600309753418,462.5527795410157,2.1758443436662707,0.0429766945856422,-0.0397471881874755,0.0088732073473358,-0.0444877064276539,Chemicals,2.0
2024-11-27,424.188232421875,429.85064063180135,405.57614883804695,407.6933911146982,4481647.0,405.7534088134765,461.540439453125,2.3409780404754947,0.047161755294364,-0.0388856645385954,0.0133488102147416,-0.0438769446232951,Chemicals,2.0
2024-11-28,424.7791137695313,443.1450063557357,420.0029893571584,431.8201895266447,3779944.0,405.2610260009766,460.08692443847656,2.346085455853113,0.001392969683017,0.0165758520814036,0.0432363362294905,-0.0112437835513828,Chemicals,2.0
2024-11-29,427.2410278320313,432.7557272209274,421.5293630871161,431.721704180869,2265645.0,405.275798034668,458.7722613525391,2.367365561903278,0.0057957512097351,0.0104874673941646,0.012907700875264,-0.0133687178263242,Chemicals,2.0
2024-12-02,429.5059814453125,431.7709628407911,421.5786216928728,426.994838432543,1169461.0,406.5166030883789,456.8775714111328,2.386943196160903,0.005301348573133,-0.0058465844976578,0.0052734571655015,-0.0184569251533207,Chemicals,2.0
2024-12-03,433.9866943359375,440.732322151864,427.5857108209691,430.933911572106,1953359.0,406.8785064697266,455.4496600341797,2.4256732424063085,0.0104322479411046,-0.007034277326181,0.0155433977676395,-0.0147492621283304,Chemicals,2.0
2024-12-04,439.1567077636719,445.16376039834125,431.47550971906713,435.26686740268354,1869992.0,408.25964202880857,454.0256878662109,2.4703614123545483,0.0119128385621251,-0.0088575223655279,0.0136786084066875,-0.0174907906649539,Chemicals,2.0
2024-12-05,461.26470947265625,466.1885429001029,438.22117504274513,441.2739577783009,4477841.0,410.47044372558594,452.96312561035154,2.6614568807506576,0.0503419424504876,-0.0433390009767058,0.0106746372014363,-0.0499572890721594,Chemicals,2.0
2024-12-06,462.5941467285156,469.7337051399722,458.9997543663901,464.6621627616832,2046790.0,411.785107421875,451.768603515625,2.6729481696720097,0.0028821568798949,0.0044704760053551,0.0154337413517828,-0.0077700774805415,Chemicals,2.0
2024-12-09,471.7032165527344,476.33163174249165,455.74998509918487,463.3819264943492,3340485.0,414.13377532958987,450.7316436767578,2.7516844565434075,0.0196912777401929,-0.0176409440647834,0.0098121340439065,-0.0338204847745955,Chemicals,2.0
2024-12-10,476.1346740722656,477.6118240435343,467.71493125711146,472.6879908059721,2458227.0,417.3022613525391,449.57552734375,2.789988752947915,0.009394588300493,-0.0072388831437435,0.0031023784901758,-0.0176835321467813,Chemicals,2.0
2024-12-11,480.2707214355469,487.3610234937073,473.0326803333609,477.41487402389816,2579351.0,420.96805572509766,447.9142266845704,2.8257396054491397,0.0086867174110774,-0.0059463283606222,0.0147631361682163,-0.0150707523468247,Chemicals,2.0
2024-12-12,462.544921875,481.74787214570784,461.2647071586696,481.3539414313329,2095964.0,424.1808578491211,445.7891009521484,2.6725226836166387,-0.0369079328999357,0.0406642007441948,0.0415158601090368,-0.0027677629907616,Chemicals,2.0
2024-12-13,463.5296936035156,465.5976796130345,446.3455028197153,458.9012781334524,2024222.0,428.3931991577148,443.8097204589844,2.68103477879381,0.0021290293805922,-0.0099851542068029,0.0044613884246382,-0.0370724702665953,Chemicals,2.0
2024-12-16,480.8123168945313,482.5356585321461,462.840325530834,465.942334468002,3130936.0,433.0856109619141,442.4921020507812,2.8304210072003326,0.0372848245312164,-0.0309267918146762,0.0035842293906809,-0.0373783922171019,Chemicals,2.0
2024-12-17,481.9940490722656,490.8076925619657,471.801708229814,480.8123170706767,3054509.0,438.16700744628906,441.4630206298828,2.840635574170044,0.0024577826653171,-0.0024517564145523,0.0182857931683273,-0.021146196435557,Chemicals,2.0
2024-12-18,476.380859375,488.4442506459948,474.0666517736992,481.7478495533768,2147379.0,442.7831008911133,441.0996411132812,2.792116710795826,-0.0116457655609437,0.011266175104974,0.0253229974160207,-0.0048578937540375,Chemicals,2.0
2024-12-19,470.9646606445313,478.7443113388368,460.8708022616636,466.7794022906593,2084797.0,447.3967330932617,440.67619140625,2.7453005829996746,-0.0113694717658779,-0.0088865656037637,0.0165185444777509,-0.0214323052796655,Chemicals,2.0
2024-12-20,457.5718383789063,485.3914974857648,454.2236376296816,473.3773618499948,2920608.0,450.90496520996095,439.83815490722657,2.629536721675411,-0.0284370004477543,0.0345421683447229,0.0607984512452044,-0.0073173225893593,Chemicals,2.0
2024-12-23,452.2048645019531,472.49103375488977,445.7546248158297,461.8555657960163,2659600.0,454.0956100463867,438.6515112304688,2.583146079934631,-0.0117292486704761,0.0213414362640531,0.0448605728186477,-0.0142639767779313,Chemicals,2.0
2024-12-24,450.4815368652344,458.7043147302789,447.0840797447744,456.7347813393328,1439454.0,456.3654983520508,437.6440954589844,2.568250111213727,-0.0038109444899863,0.0138812447622445,0.0182533071660702,-0.0075418343315506,Chemicals,2.0
2024-12-26,451.5155029296875,457.4241027499233,448.5612030195696,450.4815099822233,1428029.0,457.7318618774414,436.8730230712891,2.5771874286607424,0.0022952462639161,-0.0022900497120366,0.0130861504907304,-0.0065430752453653,Chemicals,2.0
2024-12-27,455.602294921875,457.8180199345151,448.6104455381165,451.810937223041,1429133.0,459.2730209350586,436.0901336669922,2.6125125313210686,0.0090512772333842,-0.0083216387210782,0.0048632876465646,-0.0153463875438939,Chemicals,2.0
2024-12-30,429.9491271972656,458.6550691541871,426.6993792070693,455.7992518677915,4432111.0,459.40842590332034,434.8306176757813,2.3907736258013537,-0.0563060546677191,0.060123682164531,0.0667659035478187,-0.007558447696779,Chemicals,2.0
2024-12-31,443.1449890136719,445.11452229817706,427.0440484023032,430.1460573148603,1886868.0,460.0903762817383,434.22400146484375,2.5048350153330774,0.0306916818332133,-0.0293333604600695,0.0044444444444444,-0.0363333468967014,Chemicals,2.0
2025-01-01,451.5647277832031,452.9926514228959,440.33839417152205,443.5388857304882,1187917.0,460.9692779541016,433.7503283691406,2.5776129147161138,0.0189999638454029,-0.0177734033659249,0.0031621682382116,-0.0248609621632601,Chemicals,2.0
2025-01-02,461.6585998535156,463.8250985344141,447.4287395967617,452.7956998815204,2173298.0,462.09437255859376,433.82320068359377,2.66486156055021,0.0223531012261847,-0.0191979527183234,0.0046928589255912,-0.0308233405838622,Chemicals,2.0
2025-01-03,455.6515502929688,464.12051961398265,453.9774349326602,462.5449169839202,1133610.0,461.8137145996094,434.3195233154297,2.612938281161967,-0.0130118870577801,0.0151285926417219,0.0185865039097719,-0.00367411316659,Chemicals,2.0
2025-01-06,426.0100708007813,457.2271564535169,421.87403873319647,456.8332557929598,2508794.0,459.9845108032226,433.82221618652346,2.356725508878196,-0.0650529543312845,0.0723531838912621,0.0732778114706447,-0.0097087659449227,Chemicals,2.0
2025-01-07,431.1800842285156,445.3114916834484,428.3734932621217,429.1612945619862,3282549.0,457.9583541870117,433.7611602783203,2.401413678826436,0.0121358948581102,-0.0046820104647029,0.0327737944581025,-0.0065090923005304,Chemicals,2.0
2025-01-08,411.878662109375,435.2176443444208,410.4507384085399,433.8882033216939,3205315.0,454.7455535888672,433.5494354248047,2.234577510224672,-0.0447641781824767,0.0534369542223922,0.0566647034238643,-0.0034668552469366,Chemicals,2.0
2025-01-09,391.44476318359375,416.802505704292,390.0168394477581,411.14009718025255,3650214.0,450.3042556762695,432.5558056640625,2.057952524494096,-0.0496114530942974,0.050314465408805,0.0647798742138365,-0.0036478294516508,Chemicals,2.0
